20:48:26 INFO 从 Excel 读取到 176 名从者。
20:48:26 INFO 本次选择 3 名从者。
20:48:27 INFO 从 Excel 读取到 176 名从者。
20:48:27 INFO 本次选择 176 名从者。
20:50:22 INFO 从 Excel 读取到 176 名从者。
20:50:22 INFO 本次选择 1 名从者。
20:50:22 INFO [1/1] Saber / 阿尔托莉雅·潘德拉贡（Excel E2）
20:50:24 INFO 找到 6 条：宝具卡1.mp3、宝具卡2.mp3、宝具卡3.mp3、宝具1.mp3、宝具2.mp3、宝具3.mp3
20:50:24 INFO [dry-run] 从者语音\Saber\阿尔托莉雅·潘德拉贡\宝具卡1.mp3 <- https://media.fgo.wiki/c/c7/002di_npse.mp3?v=ngnvojck2kyh6j0gugfybqxjze2kgjc
20:50:24 INFO [dry-run] 从者语音\Saber\阿尔托莉雅·潘德拉贡\宝具卡2.mp3 <- https://media.fgo.wiki/2/2f/SV2_0_%E5%AE%9D%E5%85%B7%E5%8D%A12.mp3?v=bhhv7prtjx0mqh0gdauso0o7zspas1z
20:50:24 INFO [dry-run] 从者语音\Saber\阿尔托莉雅·潘德拉贡\宝具卡3.mp3 <- https://media.fgo.wiki/d/d1/SV2_0_%E5%AE%9D%E5%85%B7%E5%8D%A13.mp3?v=qmzgt4dgno7k8o7p09jl426v3vlrl0j
20:50:24 INFO [dry-run] 从者语音\Saber\阿尔托莉雅·潘德拉贡\宝具1.mp3 <- https://media.fgo.wiki/f/f4/002di_np.mp3?v=mdvsopv4avgdwqx7hepyatjk6e2g6hn
20:50:24 INFO [dry-run] 从者语音\Saber\阿尔托莉雅·潘德拉贡\宝具2.mp3 <- https://media.fgo.wiki/5/55/SV2_0_%E5%AE%9D%E5%85%B72.mp3?v=rhvx9ko9olscjbp7rmz4ifyv2lcw7ux
20:50:24 INFO [dry-run] 从者语音\Saber\阿尔托莉雅·潘德拉贡\宝具3.mp3 <- https://media.fgo.wiki/9/9e/SV2_0_%E5%AE%9D%E5%85%B73.mp3?v=1kt9wi5wiur2nvzcqwtpndqyufa53s7
20:50:24 INFO 全部完成。报告：从者语音\download_report.json
20:50:51 INFO 从 Excel 读取到 176 名从者。
20:50:51 INFO 本次选择 1 名从者。
20:50:51 INFO ffmpeg：C:\Users\Senyue\.conda\envs\fgo\Library\bin\ffmpeg.exe；MP3 编码器：mp3_mf
20:50:51 INFO [1/1] Saber / 阿尔托莉雅·潘德拉贡（Excel E2）
20:50:51 INFO 找到 6 条：宝具卡1.mp3、宝具卡2.mp3、宝具卡3.mp3、宝具1.mp3、宝具2.mp3、宝具3.mp3
20:50:51 INFO 下载：https://media.fgo.wiki/c/c7/002di_npse.mp3?v=ngnvojck2kyh6j0gugfybqxjze2kgjc
20:50:53 INFO 保存：从者语音\Saber\阿尔托莉雅·潘德拉贡\宝具卡1.mp3
20:50:53 INFO 下载：https://media.fgo.wiki/2/2f/SV2_0_%E5%AE%9D%E5%85%B7%E5%8D%A12.mp3?v=bhhv7prtjx0mqh0gdauso0o7zspas1z
20:50:53 INFO 保存：从者语音\Saber\阿尔托莉雅·潘德拉贡\宝具卡2.mp3
20:50:53 INFO 下载：https://media.fgo.wiki/d/d1/SV2_0_%E5%AE%9D%E5%85%B7%E5%8D%A13.mp3?v=qmzgt4dgno7k8o7p09jl426v3vlrl0j
20:50:54 INFO 保存：从者语音\Saber\阿尔托莉雅·潘德拉贡\宝具卡3.mp3
20:50:54 INFO 下载：https://media.fgo.wiki/f/f4/002di_np.mp3?v=mdvsopv4avgdwqx7hepyatjk6e2g6hn
20:50:56 INFO 保存：从者语音\Saber\阿尔托莉雅·潘德拉贡\宝具1.mp3
20:50:56 INFO 下载：https://media.fgo.wiki/5/55/SV2_0_%E5%AE%9D%E5%85%B72.mp3?v=rhvx9ko9olscjbp7rmz4ifyv2lcw7ux
20:50:57 INFO 保存：从者语音\Saber\阿尔托莉雅·潘德拉贡\宝具2.mp3
20:50:57 INFO 下载：https://media.fgo.wiki/9/9e/SV2_0_%E5%AE%9D%E5%85%B73.mp3?v=1kt9wi5wiur2nvzcqwtpndqyufa53s7
20:50:59 INFO 保存：从者语音\Saber\阿尔托莉雅·潘德拉贡\宝具3.mp3
20:50:59 INFO 全部完成。报告：从者语音\download_report.json
20:51:19 INFO 从 Excel 读取到 176 名从者。
20:51:19 INFO 本次选择 1 名从者。
20:51:19 INFO ffmpeg：C:\Users\Senyue\.conda\envs\fgo\Library\bin\ffmpeg.exe；MP3 编码器：mp3_mf
20:51:19 INFO [1/1] Saber / 阿尔托莉雅·潘德拉贡（Excel E2）
20:51:19 INFO 找到 6 条：宝具卡1.mp3、宝具卡2.mp3、宝具卡3.mp3、宝具1.mp3、宝具2.mp3、宝具3.mp3
20:51:19 INFO 跳过已有文件：从者语音\Saber\阿尔托莉雅·潘德拉贡\宝具卡1.mp3
20:51:19 INFO 跳过已有文件：从者语音\Saber\阿尔托莉雅·潘德拉贡\宝具卡2.mp3
20:51:19 INFO 跳过已有文件：从者语音\Saber\阿尔托莉雅·潘德拉贡\宝具卡3.mp3
20:51:19 INFO 跳过已有文件：从者语音\Saber\阿尔托莉雅·潘德拉贡\宝具1.mp3
20:51:19 INFO 跳过已有文件：从者语音\Saber\阿尔托莉雅·潘德拉贡\宝具2.mp3
20:51:19 INFO 跳过已有文件：从者语音\Saber\阿尔托莉雅·潘德拉贡\宝具3.mp3
20:51:19 INFO 全部完成。报告：从者语音\download_report.json
20:53:16 INFO 从 Excel 读取到 176 名从者。
20:53:16 INFO 本次选择 3 名从者。
20:53:16 INFO [1/3] Lancer / 因陀罗（Excel BF2）
20:56:05 WARNING 请求失败，1.4 秒后重试 (1/5)：https://fgo.wiki/w/%E5%9B%A0%E9%99%80%E7%BD%97/%E8%AF%AD%E9%9F%B3；<urlopen error [WinError 10060] 由于连接方在一段时间后没有正确答复或连接的主机没有反应，连接尝试失败。>
20:56:08 INFO 同名语音存在多个不同媒体文件，已使用 _2、_3 后缀：宝具卡1、宝具卡2、宝具卡3
20:56:08 INFO 找到 13 条：宝具卡1.mp3、宝具卡2.mp3、宝具卡3.mp3、宝具1.mp3、宝具2.mp3、宝具3.mp3、宝具4.mp3、宝具卡1_2.mp3、宝具卡2_2.mp3、宝具卡3_2.mp3、宝具卡1_3.mp3、宝具卡2_3.mp3、宝具卡3_3.mp3
20:56:08 INFO [dry-run] 从者语音\Lancer\因陀罗\宝具卡1.mp3 <- https://media.fgo.wiki/1/14/SV442_0_%E5%AE%9D%E5%85%B7%E5%8D%A11.mp3?v=0qkcmthvh5pip7vb3hfpi6cetsg28oy
20:56:08 INFO [dry-run] 从者语音\Lancer\因陀罗\宝具卡2.mp3 <- https://media.fgo.wiki/e/eb/SV442_0_%E5%AE%9D%E5%85%B7%E5%8D%A12.mp3?v=3gh9q92qqrd711sqwx4l1chot0r0sc4
20:56:08 INFO [dry-run] 从者语音\Lancer\因陀罗\宝具卡3.mp3 <- https://media.fgo.wiki/d/d3/SV442_0_%E5%AE%9D%E5%85%B7%E5%8D%A13.mp3?v=7sn2mf2ysb9nltn08spk8apelbzdeyz
20:56:08 INFO [dry-run] 从者语音\Lancer\因陀罗\宝具1.mp3 <- https://media.fgo.wiki/3/3d/SV442_0_%E5%AE%9D%E5%85%B71.mp3?v=4ys5c7ul63prc1o6e6pc9p967xcburv
20:56:08 INFO [dry-run] 从者语音\Lancer\因陀罗\宝具2.mp3 <- https://media.fgo.wiki/1/15/SV442_0_%E5%AE%9D%E5%85%B72.mp3?v=mul8ckx7q56pcx3pxx6i63cv8lzowqa
20:56:08 INFO [dry-run] 从者语音\Lancer\因陀罗\宝具3.mp3 <- https://media.fgo.wiki/8/87/SV442_0_%E5%AE%9D%E5%85%B73.mp3?v=cpxbatuq3bcc3kvu9y80h4qrljhfmfe
20:56:08 INFO [dry-run] 从者语音\Lancer\因陀罗\宝具4.mp3 <- https://media.fgo.wiki/4/42/SV442_0_%E5%AE%9D%E5%85%B74.mp3?v=282ny31oxmow328p0czf6qb5jv5zt24
20:56:08 INFO [dry-run] 从者语音\Lancer\因陀罗\宝具卡1_2.mp3 <- https://media.fgo.wiki/6/6c/SV442_1_%E5%AE%9D%E5%85%B7%E5%8D%A11.mp3?v=qvcrr8fngdr8syvua06ig28klew0bo2
20:56:08 INFO [dry-run] 从者语音\Lancer\因陀罗\宝具卡2_2.mp3 <- https://media.fgo.wiki/7/7c/SV442_1_%E5%AE%9D%E5%85%B7%E5%8D%A12.mp3?v=h1vj64wftxvvle8i1w2jlsf04nqls3q
20:56:08 INFO [dry-run] 从者语音\Lancer\因陀罗\宝具卡3_2.mp3 <- https://media.fgo.wiki/8/81/SV442_1_%E5%AE%9D%E5%85%B7%E5%8D%A13.mp3?v=8621yusdsn38nb8z8tigjuv2hqwmmld
20:56:08 INFO [dry-run] 从者语音\Lancer\因陀罗\宝具卡1_3.mp3 <- https://media.fgo.wiki/6/60/SV442_2_%E5%AE%9D%E5%85%B7%E5%8D%A11.mp3?v=2sv0tj8l4u82l418gvb6tfjl99pe1lu
20:56:08 INFO [dry-run] 从者语音\Lancer\因陀罗\宝具卡2_3.mp3 <- https://media.fgo.wiki/e/ee/SV442_2_%E5%AE%9D%E5%85%B7%E5%8D%A12.mp3?v=3a606d52ipup5uxssdzytzqjcq6pl3p
20:56:08 INFO [dry-run] 从者语音\Lancer\因陀罗\宝具卡3_3.mp3 <- https://media.fgo.wiki/e/ee/SV442_2_%E5%AE%9D%E5%85%B7%E5%8D%A13.mp3?v=l4pqrbtwkxr6f8tfgqgt9jxqmlpwb4y
20:56:08 INFO [2/3] Berserker / 莉莉丝（Excel DW2）
20:56:09 INFO 同名语音存在多个不同媒体文件，已使用 _2、_3 后缀：宝具卡1、宝具卡2、宝具卡3、宝具卡4、宝具1、宝具2
20:56:09 INFO 找到 13 条：宝具卡1.mp3、宝具卡2.mp3、宝具卡3.mp3、宝具卡4.mp3、宝具1.mp3、宝具2.mp3、宝具卡1_2.mp3、宝具卡2_2.mp3、宝具卡3_2.mp3、宝具卡4_2.mp3、宝具1_2.mp3、宝具2_2.mp3、宝具3.mp3
20:56:09 INFO [dry-run] 从者语音\Berserker\莉莉丝\宝具卡1.mp3 <- https://media.fgo.wiki/0/0f/SV440_0_%E5%AE%9D%E5%85%B7%E5%8D%A11.mp3?v=ea2tmp2l3mvd9owwyoqcfjmlz5euicv
20:56:09 INFO [dry-run] 从者语音\Berserker\莉莉丝\宝具卡2.mp3 <- https://media.fgo.wiki/8/87/SV440_0_%E5%AE%9D%E5%85%B7%E5%8D%A12.mp3?v=02e7enyxg2ir97c0g204eas7eo5hks8
20:56:09 INFO [dry-run] 从者语音\Berserker\莉莉丝\宝具卡3.mp3 <- https://media.fgo.wiki/4/47/SV440_0_%E5%AE%9D%E5%85%B7%E5%8D%A13.mp3?v=qh8wtaurk8j16r4hqink9pyj1cnvbgc
20:56:09 INFO [dry-run] 从者语音\Berserker\莉莉丝\宝具卡4.mp3 <- https://media.fgo.wiki/3/36/SV440_0_%E5%AE%9D%E5%85%B7%E5%8D%A14.mp3?v=jfswoolj8leoobrys0wyduox0kl81of
20:56:09 INFO [dry-run] 从者语音\Berserker\莉莉丝\宝具1.mp3 <- https://media.fgo.wiki/7/75/SV440_0_%E5%AE%9D%E5%85%B71.mp3?v=5trji22lktslkqo365nx3k3vypwn9ys
20:56:09 INFO [dry-run] 从者语音\Berserker\莉莉丝\宝具2.mp3 <- https://media.fgo.wiki/3/3c/SV440_0_%E5%AE%9D%E5%85%B72.mp3?v=l3m0q17zkju5expyayj1ymq3z90oi50
20:56:09 INFO [dry-run] 从者语音\Berserker\莉莉丝\宝具卡1_2.mp3 <- https://media.fgo.wiki/1/15/SV440_2_%E5%AE%9D%E5%85%B7%E5%8D%A11.mp3?v=sm5wrt2lv6vt1n9q1vme8dhr156vni1
20:56:09 INFO [dry-run] 从者语音\Berserker\莉莉丝\宝具卡2_2.mp3 <- https://media.fgo.wiki/0/0a/SV440_2_%E5%AE%9D%E5%85%B7%E5%8D%A12.mp3?v=9hah4vpxverekvg8k8efrjit441p102
20:56:09 INFO [dry-run] 从者语音\Berserker\莉莉丝\宝具卡3_2.mp3 <- https://media.fgo.wiki/7/7b/SV440_2_%E5%AE%9D%E5%85%B7%E5%8D%A13.mp3?v=4lpg1p0t2cfuijnvfrs5zn6arcxd4r5
20:56:09 INFO [dry-run] 从者语音\Berserker\莉莉丝\宝具卡4_2.mp3 <- https://media.fgo.wiki/b/bf/SV440_2_%E5%AE%9D%E5%85%B7%E5%8D%A14.mp3?v=03uadmcb1tbp3euql10031mj7xtjxuu
20:56:09 INFO [dry-run] 从者语音\Berserker\莉莉丝\宝具1_2.mp3 <- https://media.fgo.wiki/d/d2/SV440_2_%E5%AE%9D%E5%85%B71.mp3?v=gfknyrqipbcdry113nokhgbium9gtq5
20:56:09 INFO [dry-run] 从者语音\Berserker\莉莉丝\宝具2_2.mp3 <- https://media.fgo.wiki/e/e0/SV440_2_%E5%AE%9D%E5%85%B72.mp3?v=9a3sazxjncdqrwnslb6q18icaxf78b4
20:56:09 INFO [dry-run] 从者语音\Berserker\莉莉丝\宝具3.mp3 <- https://media.fgo.wiki/2/22/SV440_2_%E5%AE%9D%E5%85%B73.mp3?v=3ccwbaq1cfguz134102vw2b8v8g33g9
20:56:09 INFO [3/3] Ruler / 梅塔特隆·贞德（Excel EK2）
20:56:11 INFO 同名语音存在多个不同媒体文件，已使用 _2、_3 后缀：宝具卡1、宝具卡2、宝具卡3、宝具1、宝具2
20:56:11 INFO 找到 17 条：宝具卡1.mp3、宝具卡2.mp3、宝具卡3.mp3、宝具卡4.mp3、宝具1.mp3、宝具2.mp3、宝具卡1_2.mp3、宝具卡2_2.mp3、宝具卡3_2.mp3、宝具1_2.mp3、宝具2_2.mp3、宝具卡1_3.mp3、宝具卡2_3.mp3、宝具卡3_3.mp3、宝具1_3.mp3、宝具2_3.mp3、宝具3.mp3
20:56:11 INFO [dry-run] 从者语音\Ruler\梅塔特隆·贞德\宝具卡1.mp3 <- https://media.fgo.wiki/0/06/SV438_0_%E5%AE%9D%E5%85%B7%E5%8D%A11.mp3?v=g6v0451yq9hnrqh0n7tnc1jgk5ocfau
20:56:11 INFO [dry-run] 从者语音\Ruler\梅塔特隆·贞德\宝具卡2.mp3 <- https://media.fgo.wiki/d/d5/SV438_0_%E5%AE%9D%E5%85%B7%E5%8D%A12.mp3?v=hmblpyd9ujuriw6oz5metoutaiy9mr2
20:56:11 INFO [dry-run] 从者语音\Ruler\梅塔特隆·贞德\宝具卡3.mp3 <- https://media.fgo.wiki/1/1c/SV438_0_%E5%AE%9D%E5%85%B7%E5%8D%A13.mp3?v=9r689c97q2sdz8bm48jn3q8jqo7v3r0
20:56:11 INFO [dry-run] 从者语音\Ruler\梅塔特隆·贞德\宝具卡4.mp3 <- https://media.fgo.wiki/3/32/SV438_0_%E5%AE%9D%E5%85%B7%E5%8D%A14.mp3?v=82ucil1fbmakprivgwjyb9lr3f07d0l
20:56:11 INFO [dry-run] 从者语音\Ruler\梅塔特隆·贞德\宝具1.mp3 <- https://media.fgo.wiki/f/fb/SV438_0_%E5%AE%9D%E5%85%B71.mp3?v=bkl2nnwertshi9x4hggvramwm8zl2cb
20:56:11 INFO [dry-run] 从者语音\Ruler\梅塔特隆·贞德\宝具2.mp3 <- https://media.fgo.wiki/8/8f/SV438_0_%E5%AE%9D%E5%85%B72.mp3?v=3wssz530n0zzfexbj46xbgt2c4a3yns
20:56:11 INFO [dry-run] 从者语音\Ruler\梅塔特隆·贞德\宝具卡1_2.mp3 <- https://media.fgo.wiki/7/72/SV438_1_%E5%AE%9D%E5%85%B7%E5%8D%A11.mp3?v=cdpmtic51ik830fmzxg61n1cipiu1zj
20:56:11 INFO [dry-run] 从者语音\Ruler\梅塔特隆·贞德\宝具卡2_2.mp3 <- https://media.fgo.wiki/e/eb/SV438_1_%E5%AE%9D%E5%85%B7%E5%8D%A12.mp3?v=cg3ln1u6v7przc9iwr9q91d8sama68k
20:56:11 INFO [dry-run] 从者语音\Ruler\梅塔特隆·贞德\宝具卡3_2.mp3 <- https://media.fgo.wiki/9/98/SV438_1_%E5%AE%9D%E5%85%B7%E5%8D%A13.mp3?v=frz6rtajl09gtdzjcgo6asg7r76g0kv
20:56:11 INFO [dry-run] 从者语音\Ruler\梅塔特隆·贞德\宝具1_2.mp3 <- https://media.fgo.wiki/4/4a/SV438_1_%E5%AE%9D%E5%85%B71.mp3?v=8pc5bwvsqz3qol2zsvdyqbmytflqccc
20:56:11 INFO [dry-run] 从者语音\Ruler\梅塔特隆·贞德\宝具2_2.mp3 <- https://media.fgo.wiki/3/35/SV438_1_%E5%AE%9D%E5%85%B72.mp3?v=ipdireqslj09bnm4yuo8w4z8643twcd
20:56:11 INFO [dry-run] 从者语音\Ruler\梅塔特隆·贞德\宝具卡1_3.mp3 <- https://media.fgo.wiki/9/91/SV438_2_%E5%AE%9D%E5%85%B7%E5%8D%A11.mp3?v=brqta4u21shwxmylzzr4jjnmjnvik07
20:56:11 INFO [dry-run] 从者语音\Ruler\梅塔特隆·贞德\宝具卡2_3.mp3 <- https://media.fgo.wiki/a/a1/SV438_2_%E5%AE%9D%E5%85%B7%E5%8D%A12.mp3?v=0unw00uhlhc5vr04lxm99lzps3snfyc
20:56:11 INFO [dry-run] 从者语音\Ruler\梅塔特隆·贞德\宝具卡3_3.mp3 <- https://media.fgo.wiki/3/37/SV438_2_%E5%AE%9D%E5%85%B7%E5%8D%A13.mp3?v=kbxfznqonzehywm4iyrqqqb0dxnjdm5
20:56:11 INFO [dry-run] 从者语音\Ruler\梅塔特隆·贞德\宝具1_3.mp3 <- https://media.fgo.wiki/f/f2/SV438_2_%E5%AE%9D%E5%85%B71.mp3?v=e8stxk247wsqh1r6asqtxlkcvjxj16d
20:56:11 INFO [dry-run] 从者语音\Ruler\梅塔特隆·贞德\宝具2_3.mp3 <- https://media.fgo.wiki/d/d1/SV438_2_%E5%AE%9D%E5%85%B72.mp3?v=4dpygnhnpkd6v2efzlhzxduv375qr43
20:56:11 INFO [dry-run] 从者语音\Ruler\梅塔特隆·贞德\宝具3.mp3 <- https://media.fgo.wiki/4/43/SV438_2_%E5%AE%9D%E5%85%B73.mp3?v=hvuynbg34odifcsbtgf71804urbgqq4
20:56:11 INFO 全部完成。报告：从者语音\download_report.json
21:01:36 INFO 从 Excel 读取到 176 名从者。
21:01:36 INFO 本次选择 1 名从者。
21:01:36 INFO [1/1] Berserker / 南丁格尔（Excel DI2）
21:01:39 INFO 找到 4 条：宝具卡1.mp3、宝具卡2.mp3、宝具1.mp3、宝具2.mp3
21:01:39 INFO [dry-run] 从者语音\Berserker\南丁格尔\宝具卡1.mp3 <- https://media.fgo.wiki/d/df/%E5%8D%97%E4%B8%81%E6%A0%BC%E5%B0%94%E8%AF%AD%E9%9F%B3_%E5%AE%9D%E5%85%B7%E5%8D%A1.mp3?v=lrectozs7h2wktb6nok2eujc5d3n0mv
21:01:39 INFO [dry-run] 从者语音\Berserker\南丁格尔\宝具卡2.mp3 <- https://media.fgo.wiki/a/a6/SV97_0_%E5%AE%9D%E5%85%B7%E5%8D%A12.mp3?v=ozpoom5a9fgg1pwdnpx141tb114rwgh
21:01:39 INFO [dry-run] 从者语音\Berserker\南丁格尔\宝具1.mp3 <- https://media.fgo.wiki/f/fc/%E5%8D%97%E4%B8%81%E6%A0%BC%E5%B0%94%E8%AF%AD%E9%9F%B3_%E5%AE%9D%E5%85%B7.mp3?v=2uzakp4nr34na3cj5v0jtl54kauhdq4
21:01:39 INFO [dry-run] 从者语音\Berserker\南丁格尔\宝具2.mp3 <- https://media.fgo.wiki/6/65/SV97_0_%E5%AE%9D%E5%85%B72.mp3?v=ncty35sh5abiw8o8p4hsso4r3yjzte9
21:01:39 INFO 全部完成。报告：从者语音\download_report.json
21:09:31 INFO 从 Excel 读取到 176 名从者。
21:09:31 INFO 本次选择 1 名从者。
21:09:31 INFO ffmpeg：C:\Users\Senyue\.conda\envs\fgo\Library\bin\ffmpeg.exe；MP3 编码器：LAME CLI (C:\Users\Senyue\.conda\envs\fgo\Library\bin\lame.exe)
21:09:31 INFO [1/1] Saber / 阿尔托莉雅·潘德拉贡（Excel E2）
21:09:31 INFO 找到 6 条：宝具卡1.mp3、宝具卡2.mp3、宝具卡3.mp3、宝具1.mp3、宝具2.mp3、宝具3.mp3
21:09:31 INFO 跳过已有文件：从者语音\Saber\阿尔托莉雅·潘德拉贡\宝具卡1.mp3
21:09:31 INFO 跳过已有文件：从者语音\Saber\阿尔托莉雅·潘德拉贡\宝具卡2.mp3
21:09:31 INFO 跳过已有文件：从者语音\Saber\阿尔托莉雅·潘德拉贡\宝具卡3.mp3
21:09:31 INFO 跳过已有文件：从者语音\Saber\阿尔托莉雅·潘德拉贡\宝具1.mp3
21:09:31 INFO 跳过已有文件：从者语音\Saber\阿尔托莉雅·潘德拉贡\宝具2.mp3
21:09:31 INFO 跳过已有文件：从者语音\Saber\阿尔托莉雅·潘德拉贡\宝具3.mp3
21:09:31 INFO 全部完成。报告：从者语音\download_report.json
21:12:39 INFO 从 Excel 读取到 176 名从者。
21:12:39 INFO 本次选择 176 名从者。
21:12:39 INFO ffmpeg：C:\Users\Senyue\.conda\envs\fgo\Library\bin\ffmpeg.exe；MP3 编码器：LAME CLI (C:\Users\Senyue\.conda\envs\fgo\Library\bin\lame.exe)
21:12:39 INFO [1/176] Saber / 阿尔托莉雅·潘德拉贡（Excel E2）
21:12:39 INFO 找到 6 条：宝具卡1.mp3、宝具卡2.mp3、宝具卡3.mp3、宝具1.mp3、宝具2.mp3、宝具3.mp3
21:12:39 INFO 跳过已有文件：从者语音\Saber\阿尔托莉雅·潘德拉贡\宝具卡1.mp3
21:12:39 INFO 跳过已有文件：从者语音\Saber\阿尔托莉雅·潘德拉贡\宝具卡2.mp3
21:12:39 INFO 跳过已有文件：从者语音\Saber\阿尔托莉雅·潘德拉贡\宝具卡3.mp3
21:12:39 INFO 跳过已有文件：从者语音\Saber\阿尔托莉雅·潘德拉贡\宝具1.mp3
21:12:39 INFO 跳过已有文件：从者语音\Saber\阿尔托莉雅·潘德拉贡\宝具2.mp3
21:12:39 INFO 跳过已有文件：从者语音\Saber\阿尔托莉雅·潘德拉贡\宝具3.mp3
21:12:39 INFO [2/176] Saber / 阿蒂拉（Excel F2）
21:12:42 INFO 同名语音存在多个不同媒体文件，已使用 _2、_3 后缀：宝具卡1
21:12:42 INFO 找到 3 条：宝具卡1.mp3、宝具1.mp3、宝具卡1_2.mp3
21:12:42 INFO 下载：https://media.fgo.wiki/5/54/%E9%98%BF%E8%92%82%E6%8B%89%C2%B7%E5%AE%9D%E5%85%B7%E5%8D%A1.ogg?v=rlle07e59f1kqjvopf5kakvqrlf1wcr
21:12:43 INFO 保存：从者语音\Saber\阿蒂拉\宝具卡1.mp3
21:12:43 INFO 下载：https://media.fgo.wiki/c/ca/%E9%98%BF%E8%92%82%E6%8B%89%C2%B7%E5%AE%9D%E5%85%B7.ogg?v=oorf5o1kiwferkja5xcfouss5l6cfdi
21:12:45 INFO 保存：从者语音\Saber\阿蒂拉\宝具1.mp3
21:12:45 INFO 下载：https://media.fgo.wiki/0/0d/SV8_11_%E5%AE%9D%E5%85%B7%E5%8D%A1.mp3?v=lvmfpknbpkvj34rbftchxzzonrrahpo
21:12:46 INFO 保存：从者语音\Saber\阿蒂拉\宝具卡1_2.mp3
21:12:46 INFO [3/176] Saber / 冲田总司（Excel G2）
21:12:49 INFO 找到 6 条：宝具卡1.mp3、宝具卡2.mp3、宝具卡3.mp3、宝具1.mp3、宝具2.mp3、宝具3.mp3
21:12:49 INFO 下载：https://media.fgo.wiki/3/38/068di_npse.mp3?v=3fyv49wbbynrgfzoqe9hcig4g81yrah
21:12:50 INFO 保存：从者语音\Saber\冲田总司\宝具卡1.mp3
21:12:50 INFO 下载：https://media.fgo.wiki/1/12/SV68_0_%E5%AE%9D%E5%85%B7%E5%8D%A12.mp3?v=acogsl1jzx20su0dxicg4hbccqw7far
21:12:51 INFO 保存：从者语音\Saber\冲田总司\宝具卡2.mp3
21:12:51 INFO 下载：https://media.fgo.wiki/9/98/SV68_0_%E5%AE%9D%E5%85%B7%E5%8D%A13.mp3?v=57r554wwak817hayjdq59mbycunqol8
21:12:52 INFO 保存：从者语音\Saber\冲田总司\宝具卡3.mp3
21:12:52 INFO 下载：https://media.fgo.wiki/a/a5/068di_np.mp3?v=s8my43djrgj3xyptdudyroyvyocb3hi
21:12:54 INFO 保存：从者语音\Saber\冲田总司\宝具1.mp3
21:12:54 INFO 下载：https://media.fgo.wiki/4/43/SV68_0_%E5%AE%9D%E5%85%B72.mp3?v=15md65wo2e7s4liguel394iyghc8zwh
21:12:55 INFO 保存：从者语音\Saber\冲田总司\宝具2.mp3
21:12:55 INFO 下载：https://media.fgo.wiki/7/7f/SV68_0_%E5%AE%9D%E5%85%B73.mp3?v=8ham9ukrqd0judjjhrl2kr1rl3b02su
21:12:56 INFO 保存：从者语音\Saber\冲田总司\宝具3.mp3
21:12:56 INFO [4/176] Saber / 莫德雷德（Excel H2）
21:13:00 INFO 同名语音存在多个不同媒体文件，已使用 _2、_3 后缀：宝具卡1、宝具卡2
21:13:00 INFO 找到 6 条：宝具卡1.mp3、宝具卡2.mp3、宝具1.mp3、宝具2.mp3、宝具卡1_2.mp3、宝具卡2_2.mp3
21:13:00 INFO 下载：https://media.fgo.wiki/2/2c/076di_npse1.mp3?v=hhgpuurrw0mata74owz5g6fuwngab8a
21:13:01 INFO 保存：从者语音\Saber\莫德雷德\宝具卡1.mp3
21:13:01 INFO 下载：https://media.fgo.wiki/b/b8/076di_npse2.mp3?v=9rmmfboww9k57eqsv4zw41ijt6rfwhm
21:13:02 INFO 保存：从者语音\Saber\莫德雷德\宝具卡2.mp3
21:13:02 INFO 下载：https://media.fgo.wiki/0/0b/076di_np1.mp3?v=a69sv5t8wkxomry7av9ogk51wm1o7c8
21:13:04 INFO 保存：从者语音\Saber\莫德雷德\宝具1.mp3
21:13:04 INFO 下载：https://media.fgo.wiki/0/00/076di_np2.mp3?v=5s4to6yq3ufemi9377cg45ehqud74fk
21:13:06 INFO 保存：从者语音\Saber\莫德雷德\宝具2.mp3
21:13:06 INFO 下载：https://media.fgo.wiki/6/69/SV76_11_%E5%AE%9D%E5%85%B7%E5%8D%A11.mp3?v=bhcan2tx8dgtv50vdtf0dlduib9kry7
21:13:07 INFO 保存：从者语音\Saber\莫德雷德\宝具卡1_2.mp3
21:13:07 INFO 下载：https://media.fgo.wiki/6/68/SV76_11_%E5%AE%9D%E5%85%B7%E5%8D%A12.mp3?v=6klxex3la9yo7h5sq2gb84ujgffjcqi
21:13:08 INFO 保存：从者语音\Saber\莫德雷德\宝具卡2_2.mp3
21:13:08 INFO [5/176] Saber / 尼禄·克劳狄乌斯〔新娘〕（Excel I2）
21:13:10 INFO 同名语音存在多个不同媒体文件，已使用 _2、_3 后缀：宝具1
21:13:10 INFO 找到 4 条：宝具卡1.mp3、宝具1.mp3、宝具1_2.mp3、宝具2.mp3
21:13:10 INFO 下载：https://media.fgo.wiki/9/95/%E8%8A%B1%E5%AB%81%C2%B7%E5%AE%9D%E5%85%B7%E5%8D%A1.ogg?v=fgsjx7db2afkngnbbtgtvtdadbuun0g
21:13:12 INFO 保存：从者语音\Saber\尼禄·克劳狄乌斯〔新娘〕\宝具卡1.mp3
21:13:12 INFO 下载：https://media.fgo.wiki/f/fb/%E8%8A%B1%E5%AB%81%C2%B7%E5%AE%9D%E5%85%B7.ogg?v=18vzic7elo9gmqfdqo7i2ncdzk96rqa
21:13:14 INFO 保存：从者语音\Saber\尼禄·克劳狄乌斯〔新娘〕\宝具1.mp3
21:13:14 INFO 下载：https://media.fgo.wiki/f/f6/%E8%8A%B1%E5%AB%81%C2%B7%E5%AE%9D%E5%85%B7%E6%96%B0%E7%89%881.ogg?v=p9z31va3v8nwc3i0w56mvkt68psmpj1
21:13:17 INFO 保存：从者语音\Saber\尼禄·克劳狄乌斯〔新娘〕\宝具1_2.mp3
21:13:17 INFO 下载：https://media.fgo.wiki/f/f9/%E8%8A%B1%E5%AB%81%C2%B7%E5%AE%9D%E5%85%B7%E6%96%B0%E7%89%882.ogg?v=04rsnir4ak7y438pt5t3buff900r5iz
21:13:19 INFO 保存：从者语音\Saber\尼禄·克劳狄乌斯〔新娘〕\宝具2.mp3
21:13:19 INFO [6/176] Saber / 两仪式（Excel J2）
21:13:21 INFO 找到 4 条：宝具卡1.mp3、宝具卡2.mp3、宝具1.mp3、宝具2.mp3
21:13:21 INFO 下载：https://media.fgo.wiki/9/97/091di_npse1.mp3?v=nn1u3zorn9b0gn0fuv9rnjogu74w75i
21:13:23 INFO 保存：从者语音\Saber\两仪式\宝具卡1.mp3
21:13:23 INFO 下载：https://media.fgo.wiki/7/7a/091di_npse2.mp3?v=ks6khnu17ilr31gbiqjwfhzj7a54s2m
21:13:24 INFO 保存：从者语音\Saber\两仪式\宝具卡2.mp3
21:13:24 INFO 下载：https://media.fgo.wiki/3/37/091di_np1.mp3?v=jvzlpph570cuzknbmv96ki5uiuzkuu9
21:13:26 INFO 保存：从者语音\Saber\两仪式\宝具1.mp3
21:13:26 INFO 下载：https://media.fgo.wiki/6/61/091di_np2.mp3?v=lk702gicf4y1ibr6r0ezq2s9bz8uffh
21:13:28 INFO 保存：从者语音\Saber\两仪式\宝具2.mp3
21:13:28 INFO [7/176] Saber / 宫本武藏（Excel K2）
21:13:30 INFO 找到 4 条：宝具卡1.mp3、宝具1.mp3、宝具2.mp3、宝具3.mp3
21:13:30 INFO 下载：https://media.fgo.wiki/f/fb/153di_npse.mp3?v=p48gt6x77albx4p1zofxzsvgzv7bsxy
21:13:31 INFO 保存：从者语音\Saber\宫本武藏\宝具卡1.mp3
21:13:31 INFO 下载：https://media.fgo.wiki/8/8e/153di_np1.mp3?v=luaiiea3j69eceery2hj0fapwby2e24
21:13:34 INFO 保存：从者语音\Saber\宫本武藏\宝具1.mp3
21:13:34 INFO 下载：https://media.fgo.wiki/5/53/153di_np2.mp3?v=oc90d63soxwqyqq6fc93w1m99v0yxi8
21:13:36 INFO 保存：从者语音\Saber\宫本武藏\宝具2.mp3
21:13:36 INFO 下载：https://media.fgo.wiki/f/ff/153di_np3.mp3?v=fmi1afe9pph8bdjeadayet6rw6pyu0i
21:13:38 INFO 保存：从者语音\Saber\宫本武藏\宝具3.mp3
21:13:38 INFO [8/176] Saber / 亚瑟·潘德拉贡〔Prototype〕（Excel L2）
21:13:41 INFO 同名语音存在多个不同媒体文件，已使用 _2、_3 后缀：宝具卡1
21:13:41 INFO 找到 3 条：宝具卡1.mp3、宝具1.mp3、宝具卡1_2.mp3
21:13:41 INFO 下载：https://media.fgo.wiki/b/b9/160di_npse.mp3?v=lplf43qk5f5f9064ch4k96sict9xtos
21:13:42 INFO 保存：从者语音\Saber\亚瑟·潘德拉贡〔Prototype〕\宝具卡1.mp3
21:13:42 INFO 下载：https://media.fgo.wiki/9/91/160di_np.mp3?v=rjtu9f6i9tk87er1i1jiaos2psbelhs
21:13:44 INFO 保存：从者语音\Saber\亚瑟·潘德拉贡〔Prototype〕\宝具1.mp3
21:13:44 INFO 下载：https://media.fgo.wiki/e/e6/160cddi_npse.mp3?v=syjha8e4g4gjwek8p1e36qrq6jvwtrh
21:13:46 INFO 保存：从者语音\Saber\亚瑟·潘德拉贡〔Prototype〕\宝具卡1_2.mp3
21:13:46 INFO [9/176] Saber / 齐格鲁德（Excel M2）
21:13:49 INFO 同名语音存在多个不同媒体文件，已使用 _2、_3 后缀：宝具卡1、宝具卡2、宝具1
21:13:49 INFO 找到 7 条：宝具卡1.mp3、宝具卡2.mp3、宝具1.mp3、宝具2.mp3、宝具卡1_2.mp3、宝具卡2_2.mp3、宝具1_2.mp3
21:13:49 INFO 下载：https://media.fgo.wiki/7/7f/213di_npse1.mp3?v=r0rupf4jfyhxco819sm873z9x1ymjnm
21:13:50 INFO 保存：从者语音\Saber\齐格鲁德\宝具卡1.mp3
21:13:50 INFO 下载：https://media.fgo.wiki/9/93/213di_npse2.mp3?v=1q8debegkwe4xeli0vz7w621whc6wyj
21:13:51 INFO 保存：从者语音\Saber\齐格鲁德\宝具卡2.mp3
21:13:51 INFO 下载：https://media.fgo.wiki/f/fd/213di_np1.mp3?v=t8tkioy6urrhdtg35yhiay01e3wuhu2
21:13:53 INFO 保存：从者语音\Saber\齐格鲁德\宝具1.mp3
21:13:53 INFO 下载：https://media.fgo.wiki/6/64/213di_np2.mp3?v=6dolbuexzrk05wjcp9ewq8upakcctwi
21:13:55 INFO 保存：从者语音\Saber\齐格鲁德\宝具2.mp3
21:13:55 INFO 下载：https://media.fgo.wiki/c/c9/SV213_11_%E5%AE%9D%E5%85%B7%E5%8D%A11.mp3?v=7vj2a1j63nbrpy458198moly0s21wzc
21:13:56 INFO 保存：从者语音\Saber\齐格鲁德\宝具卡1_2.mp3
21:13:56 INFO 下载：https://media.fgo.wiki/1/18/SV213_11_%E5%AE%9D%E5%85%B7%E5%8D%A12.mp3?v=c14gqbw66gdy65l7gfz31wez63qmvgu
21:13:57 INFO 保存：从者语音\Saber\齐格鲁德\宝具卡2_2.mp3
21:13:57 INFO 下载：https://media.fgo.wiki/4/46/%E7%BA%A2%E7%9C%BC%E9%BD%90%E6%A0%BC%E9%B2%81%E5%BE%B7_%E5%AE%9D%E5%85%B7.mp3?v=hqgl05xnhnrkftou3jagvaacjeo31oa
21:13:58 INFO 保存：从者语音\Saber\齐格鲁德\宝具1_2.mp3
21:13:58 INFO [10/176] Saber / 红阎魔（Excel N2）
21:14:01 INFO 找到 5 条：宝具卡1.mp3、宝具卡2.mp3、宝具1.mp3、宝具2.mp3、宝具3.mp3
21:14:01 INFO 下载：https://media.fgo.wiki/f/fb/SV234_0_%E5%AE%9D%E5%85%B7%E5%8D%A11.mp3?v=2v5i3xizhks5cp70nux1r5xpqvbl2g0
21:14:02 INFO 保存：从者语音\Saber\红阎魔\宝具卡1.mp3
21:14:02 INFO 下载：https://media.fgo.wiki/8/83/SV234_0_%E5%AE%9D%E5%85%B7%E5%8D%A12.mp3?v=qag0rpvu8mfg1r2blnodc8seifmbylq
21:14:03 INFO 保存：从者语音\Saber\红阎魔\宝具卡2.mp3
21:14:03 INFO 下载：https://media.fgo.wiki/c/c3/SV234_0_%E5%AE%9D%E5%85%B71.mp3?v=3ihoyzmk8w56v0wqt083gt38cgei6yt
21:14:04 INFO 保存：从者语音\Saber\红阎魔\宝具1.mp3
21:14:04 INFO 下载：https://media.fgo.wiki/d/db/SV234_0_%E5%AE%9D%E5%85%B72.mp3?v=m8o9nae6cwwvkormnww3qivzqecnqcw
21:14:05 INFO 保存：从者语音\Saber\红阎魔\宝具2.mp3
21:14:05 INFO 下载：https://media.fgo.wiki/e/e3/SV234_0_%E5%AE%9D%E5%85%B73.mp3?v=e1ou1kh92ontuiw6dp27ye1uf4ifnhu
21:14:07 INFO 保存：从者语音\Saber\红阎魔\宝具3.mp3
21:14:07 INFO [11/176] Saber / 阿斯托尔福(Saber)（Excel O2）
21:14:10 INFO 找到 7 条：宝具卡1.mp3、宝具卡2.mp3、宝具卡3.mp3、宝具卡4.mp3、宝具1.mp3、宝具2.mp3、宝具3.mp3
21:14:10 INFO 下载：https://media.fgo.wiki/8/83/SV270_0_%E5%AE%9D%E5%85%B7%E5%8D%A11.mp3?v=79ivr4924omn3mmi9c684yo4718372h
21:14:11 INFO 保存：从者语音\Saber\阿斯托尔福(Saber)\宝具卡1.mp3
21:14:11 INFO 下载：https://media.fgo.wiki/9/9c/SV270_0_%E5%AE%9D%E5%85%B7%E5%8D%A12.mp3?v=tktav9x7bl2w0dyxjh5ri1c3ogj60q2
21:14:12 INFO 保存：从者语音\Saber\阿斯托尔福(Saber)\宝具卡2.mp3
21:14:12 INFO 下载：https://media.fgo.wiki/5/58/SV270_0_%E5%AE%9D%E5%85%B7%E5%8D%A13.mp3?v=phbi4lt4zhmqfnarc7iojjsmxf2fhvx
21:14:12 INFO 保存：从者语音\Saber\阿斯托尔福(Saber)\宝具卡3.mp3
21:14:12 INFO 下载：https://media.fgo.wiki/9/98/SV270_0_%E5%AE%9D%E5%85%B7%E5%8D%A14.mp3?v=pb5okl8d1e0f4rjgsuhrpqn7ykq1fjc
21:14:13 INFO 保存：从者语音\Saber\阿斯托尔福(Saber)\宝具卡4.mp3
21:14:13 INFO 下载：https://media.fgo.wiki/c/c0/SV270_0_%E5%AE%9D%E5%85%B71.mp3?v=ew33drga761i35flo5cbs9pjsp3duug
21:14:15 INFO 保存：从者语音\Saber\阿斯托尔福(Saber)\宝具1.mp3
21:14:15 INFO 下载：https://media.fgo.wiki/e/e5/SV270_0_%E5%AE%9D%E5%85%B72.mp3?v=3h2gc06zjy89zzg2c3kaq5wlhdqhhns
21:14:16 INFO 保存：从者语音\Saber\阿斯托尔福(Saber)\宝具2.mp3
21:14:16 INFO 下载：https://media.fgo.wiki/7/7d/SV270_0_%E5%AE%9D%E5%85%B73.mp3?v=ny17xxkczxya75l32yxy4fvzr48hxma
21:14:18 INFO 保存：从者语音\Saber\阿斯托尔福(Saber)\宝具3.mp3
21:14:18 INFO [12/176] Saber / 狄俄斯库里（Excel P2）
21:14:22 INFO 找到 7 条：宝具卡1.mp3、宝具卡2.mp3、宝具卡3.mp3、宝具卡4.mp3、宝具1.mp3、宝具2.mp3、宝具3.mp3
21:14:22 INFO 下载：https://media.fgo.wiki/8/86/SV278_0_%E5%AE%9D%E5%85%B7%E5%8D%A11.mp3?v=l1vq1k3111i8j9ik1989idy0ick36ev
21:14:23 INFO 保存：从者语音\Saber\狄俄斯库里\宝具卡1.mp3
21:14:23 INFO 下载：https://media.fgo.wiki/4/4c/SV278_0_%E5%AE%9D%E5%85%B7%E5%8D%A12.mp3?v=p81l87yb1orzz2cx03bnxd0q08jhknx
21:14:23 INFO 保存：从者语音\Saber\狄俄斯库里\宝具卡2.mp3
21:14:23 INFO 下载：https://media.fgo.wiki/f/fd/SV278_0_%E5%AE%9D%E5%85%B7%E5%8D%A13.mp3?v=1iupp9uo7k1zrld9z6srk2foa8hlft5
21:14:24 INFO 保存：从者语音\Saber\狄俄斯库里\宝具卡3.mp3
21:14:24 INFO 下载：https://media.fgo.wiki/f/fb/SV278_0_%E5%AE%9D%E5%85%B7%E5%8D%A14.mp3?v=i9kixi4jf91h3pgnuxxwsv29fnqeopj
21:14:25 INFO 保存：从者语音\Saber\狄俄斯库里\宝具卡4.mp3
21:14:25 INFO 下载：https://media.fgo.wiki/1/18/SV278_0_%E5%AE%9D%E5%85%B71.mp3?v=k44k4targ0fl25jnhsc39wsb4ptw661
21:14:26 INFO 保存：从者语音\Saber\狄俄斯库里\宝具1.mp3
21:14:26 INFO 下载：https://media.fgo.wiki/9/9b/SV278_0_%E5%AE%9D%E5%85%B72.mp3?v=esc0r4woal7pza8100oes3s287u5flr
21:14:27 INFO 保存：从者语音\Saber\狄俄斯库里\宝具2.mp3
21:14:27 INFO 下载：https://media.fgo.wiki/7/7e/SV278_0_%E5%AE%9D%E5%85%B73.mp3?v=tbu4js6dbskqo7mgamwa6onhy0ggii0
21:14:29 INFO 保存：从者语音\Saber\狄俄斯库里\宝具3.mp3
21:14:29 INFO [13/176] Saber / 伊吹童子（Excel Q2）
21:14:32 INFO 同名语音存在多个不同媒体文件，已使用 _2、_3 后缀：宝具卡1、宝具卡2、宝具卡3、宝具1、宝具2、宝具3
21:14:32 INFO 找到 15 条：宝具卡1.mp3、宝具卡2.mp3、宝具卡3.mp3、宝具1.mp3、宝具2.mp3、宝具3.mp3、宝具卡1_2.mp3、宝具卡2_2.mp3、宝具卡3_2.mp3、宝具1_2.mp3、宝具2_2.mp3、宝具3_2.mp3、宝具卡1_3.mp3、宝具卡2_3.mp3、宝具卡3_3.mp3
21:14:32 INFO 下载：https://media.fgo.wiki/6/61/SV299_0_%E5%AE%9D%E5%85%B7%E5%8D%A11.mp3?v=77th6bbz75qkhf3barcgeffrj1ne86d
21:14:33 INFO 保存：从者语音\Saber\伊吹童子\宝具卡1.mp3
21:14:33 INFO 下载：https://media.fgo.wiki/9/98/SV299_0_%E5%AE%9D%E5%85%B7%E5%8D%A12.mp3?v=krx6hm60mg7qmduo18in01qv4ekkrar
21:14:34 INFO 保存：从者语音\Saber\伊吹童子\宝具卡2.mp3
21:14:34 INFO 下载：https://media.fgo.wiki/e/e2/SV299_0_%E5%AE%9D%E5%85%B7%E5%8D%A13.mp3?v=0ikdv8j9t08qjc4cqx6q1mo4vz0n55c
21:14:34 INFO 保存：从者语音\Saber\伊吹童子\宝具卡3.mp3
21:14:34 INFO 下载：https://media.fgo.wiki/0/0b/SV299_0_%E5%AE%9D%E5%85%B71.mp3?v=lgsu4j3d3nrxfx9zsicqbhji5wywqhf
21:14:36 INFO 保存：从者语音\Saber\伊吹童子\宝具1.mp3
21:14:36 INFO 下载：https://media.fgo.wiki/f/fd/SV299_0_%E5%AE%9D%E5%85%B72.mp3?v=gvcgc1gjdmpcxw8wiz8ptri728m1hpy
21:14:37 INFO 保存：从者语音\Saber\伊吹童子\宝具2.mp3
21:14:37 INFO 下载：https://media.fgo.wiki/9/97/SV299_0_%E5%AE%9D%E5%85%B73.mp3?v=5garsbij9hv9hkbyn59r12ic0xz3j9d
21:14:38 INFO 保存：从者语音\Saber\伊吹童子\宝具3.mp3
21:14:38 INFO 下载：https://media.fgo.wiki/6/61/SV299_1_%E5%AE%9D%E5%85%B7%E5%8D%A11.mp3?v=tk28rmlowcqx6n5orprwhj9p6xspp7w
21:14:39 INFO 保存：从者语音\Saber\伊吹童子\宝具卡1_2.mp3
21:14:39 INFO 下载：https://media.fgo.wiki/8/86/SV299_1_%E5%AE%9D%E5%85%B7%E5%8D%A12.mp3?v=p82tupdh7qxg2lqk1dhspgbr3x7fl8n
21:14:40 INFO 保存：从者语音\Saber\伊吹童子\宝具卡2_2.mp3
21:14:40 INFO 下载：https://media.fgo.wiki/b/bb/SV299_1_%E5%AE%9D%E5%85%B7%E5%8D%A13.mp3?v=ob3n68dmd0f9mhksxicx5izssvugymy
21:14:41 INFO 保存：从者语音\Saber\伊吹童子\宝具卡3_2.mp3
21:14:41 INFO 下载：https://media.fgo.wiki/4/4a/SV299_1_%E5%AE%9D%E5%85%B71.mp3?v=lgsu4j3d3nrxfx9zsicqbhji5wywqhf
21:14:42 INFO 保存：从者语音\Saber\伊吹童子\宝具1_2.mp3
21:14:42 INFO 下载：https://media.fgo.wiki/3/34/SV299_1_%E5%AE%9D%E5%85%B72.mp3?v=gvcgc1gjdmpcxw8wiz8ptri728m1hpy
21:14:43 INFO 保存：从者语音\Saber\伊吹童子\宝具2_2.mp3
21:14:43 INFO 下载：https://media.fgo.wiki/e/ed/SV299_1_%E5%AE%9D%E5%85%B73.mp3?v=5garsbij9hv9hkbyn59r12ic0xz3j9d
21:14:44 INFO 保存：从者语音\Saber\伊吹童子\宝具3_2.mp3
21:14:44 INFO 下载：https://media.fgo.wiki/3/3e/SV299_11_%E5%AE%9D%E5%85%B7%E5%8D%A11.mp3?v=p08b1ptyf6oxbhmoqiftrlgrjkxk7fc
21:14:45 INFO 保存：从者语音\Saber\伊吹童子\宝具卡1_3.mp3
21:14:45 INFO 下载：https://media.fgo.wiki/f/fa/SV299_11_%E5%AE%9D%E5%85%B7%E5%8D%A12.mp3?v=5mlf1wonvkn9ebfrnvj8oc2l30uwqmk
21:14:47 INFO 保存：从者语音\Saber\伊吹童子\宝具卡2_3.mp3
21:14:47 INFO 下载：https://media.fgo.wiki/9/9a/SV299_11_%E5%AE%9D%E5%85%B7%E5%8D%A13.mp3?v=mw1diehfej8zjts8momzzpl2tb30qg6
21:14:47 INFO 保存：从者语音\Saber\伊吹童子\宝具卡3_3.mp3
21:14:47 INFO [14/176] Saber / 千子村正（Excel R2）
21:14:49 INFO 同名语音存在多个不同媒体文件，已使用 _2、_3 后缀：宝具卡1、宝具卡2、宝具卡3、宝具1、宝具2
21:14:49 INFO 找到 12 条：宝具卡1.mp3、宝具卡2.mp3、宝具卡3.mp3、宝具1.mp3、宝具2.mp3、宝具卡1_2.mp3、宝具卡2_2.mp3、宝具卡3_2.mp3、宝具1_2.mp3、宝具2_2.mp3、宝具卡1_3.mp3、宝具卡2_3.mp3
21:14:49 INFO 下载：https://media.fgo.wiki/6/6b/SV302_0_%E5%AE%9D%E5%85%B7%E5%8D%A11.mp3?v=nbt1jfuo3khgqc94kidlphtbmmpxham
21:14:50 INFO 保存：从者语音\Saber\千子村正\宝具卡1.mp3
21:14:50 INFO 下载：https://media.fgo.wiki/0/0f/SV302_0_%E5%AE%9D%E5%85%B7%E5%8D%A12.mp3?v=l5c80eg4p8lew2wcg008fqs4fvf6ixk
21:14:51 INFO 保存：从者语音\Saber\千子村正\宝具卡2.mp3
21:14:51 INFO 下载：https://media.fgo.wiki/3/3d/SV302_0_%E5%AE%9D%E5%85%B7%E5%8D%A13.mp3?v=89c4yekzx705ys2nvqpwqh1bh95rtgz
21:14:51 INFO 保存：从者语音\Saber\千子村正\宝具卡3.mp3
21:14:51 INFO 下载：https://media.fgo.wiki/e/e0/SV302_0_%E5%AE%9D%E5%85%B71.mp3?v=333u5saasoin60tok0yo2d72jb9gwpr
21:14:53 INFO 保存：从者语音\Saber\千子村正\宝具1.mp3
21:14:53 INFO 下载：https://media.fgo.wiki/c/c7/SV302_0_%E5%AE%9D%E5%85%B72.mp3?v=6kfu2391mcsnq5ahcid9by7hgf2snwl
21:14:54 INFO 保存：从者语音\Saber\千子村正\宝具2.mp3
21:14:54 INFO 下载：https://media.fgo.wiki/0/03/SV302_2_%E5%AE%9D%E5%85%B7%E5%8D%A11.mp3?v=km545qaorahsbw343xb8auhnum4cf9g
21:14:55 INFO 保存：从者语音\Saber\千子村正\宝具卡1_2.mp3
21:14:55 INFO 下载：https://media.fgo.wiki/2/2a/SV302_2_%E5%AE%9D%E5%85%B7%E5%8D%A12.mp3?v=k1oiei43ya280vgl6i79ihtgyrmzwk7
21:14:56 INFO 保存：从者语音\Saber\千子村正\宝具卡2_2.mp3
21:14:56 INFO 下载：https://media.fgo.wiki/2/24/SV302_2_%E5%AE%9D%E5%85%B7%E5%8D%A13.mp3?v=jhd7yisrt4h62bewlvpjo52o3hlv9a5
21:14:57 INFO 保存：从者语音\Saber\千子村正\宝具卡3_2.mp3
21:14:57 INFO 下载：https://media.fgo.wiki/f/f6/SV302_2_%E5%AE%9D%E5%85%B71.mp3?v=7qd1jodrpggguqj82egsag3y04dyfuq
21:14:58 INFO 保存：从者语音\Saber\千子村正\宝具1_2.mp3
21:14:58 INFO 下载：https://media.fgo.wiki/1/13/SV302_2_%E5%AE%9D%E5%85%B72.mp3?v=8vvci6yoax6zbw1tqpjiuzsoviqtcde
21:14:59 INFO 保存：从者语音\Saber\千子村正\宝具2_2.mp3
21:14:59 INFO 下载：https://media.fgo.wiki/a/a4/%E6%9D%91%E6%AD%A3_NPC_%E5%AE%9D%E5%85%B7%E5%8D%A1_1.mp3?v=srwujy9hw5oqxjg9wnmlfqfhof16mgr
21:15:00 INFO 保存：从者语音\Saber\千子村正\宝具卡1_3.mp3
21:15:00 INFO 下载：https://media.fgo.wiki/4/4f/%E6%9D%91%E6%AD%A3_NPC_%E5%AE%9D%E5%85%B7%E5%8D%A1_2.mp3?v=78fwkgun8qe9q6cy6uecvysag7lpnrp
21:15:00 INFO 保存：从者语音\Saber\千子村正\宝具卡2_3.mp3
21:15:00 INFO [15/176] Saber / 冲田总司〔Alter〕(Saber)（Excel S2）
21:15:04 INFO 同名语音存在多个不同媒体文件，已使用 _2、_3 后缀：宝具卡1、宝具卡2、宝具卡3、宝具1、宝具2、宝具3
21:15:04 INFO 找到 12 条：宝具卡1.mp3、宝具卡2.mp3、宝具卡3.mp3、宝具1.mp3、宝具2.mp3、宝具3.mp3、宝具卡1_2.mp3、宝具卡2_2.mp3、宝具卡3_2.mp3、宝具1_2.mp3、宝具2_2.mp3、宝具3_2.mp3
21:15:04 INFO 下载：https://media.fgo.wiki/e/e3/SV317_0_%E5%AE%9D%E5%85%B7%E5%8D%A11.mp3?v=6xrl1gnenhblcjwnenpa91fqh6oermn
21:15:05 INFO 保存：从者语音\Saber\冲田总司〔Alter〕(Saber)\宝具卡1.mp3
21:15:05 INFO 下载：https://media.fgo.wiki/6/62/SV317_0_%E5%AE%9D%E5%85%B7%E5%8D%A12.mp3?v=jlc6vrdqk6sm1fugbk6wuuprh4etoyu
21:15:05 INFO 保存：从者语音\Saber\冲田总司〔Alter〕(Saber)\宝具卡2.mp3
21:15:05 INFO 下载：https://media.fgo.wiki/c/c3/SV317_0_%E5%AE%9D%E5%85%B7%E5%8D%A13.mp3?v=bo9opr7murupn013nvp2kt8f9b3e2mu
21:15:06 INFO 保存：从者语音\Saber\冲田总司〔Alter〕(Saber)\宝具卡3.mp3
21:15:06 INFO 下载：https://media.fgo.wiki/0/06/SV317_0_%E5%AE%9D%E5%85%B71.mp3?v=8eqyuvn842t2ob89768abhe8kmkzz7h
21:15:08 INFO 保存：从者语音\Saber\冲田总司〔Alter〕(Saber)\宝具1.mp3
21:15:08 INFO 下载：https://media.fgo.wiki/2/21/SV317_0_%E5%AE%9D%E5%85%B72.mp3?v=k9b51pooe4hi17p5wo132a6nbj1phfo
21:15:09 INFO 保存：从者语音\Saber\冲田总司〔Alter〕(Saber)\宝具2.mp3
21:15:09 INFO 下载：https://media.fgo.wiki/e/e2/SV317_0_%E5%AE%9D%E5%85%B73.mp3?v=0ge1a1z2l9oz9e8n9vitvudvn9awmpf
21:15:10 INFO 保存：从者语音\Saber\冲田总司〔Alter〕(Saber)\宝具3.mp3
21:15:10 INFO 下载：https://media.fgo.wiki/c/c8/SV317_2_%E5%AE%9D%E5%85%B7%E5%8D%A11.mp3?v=fiqc8xjtonvt4zf7uaeoczdpm3n0tg1
21:15:11 INFO 保存：从者语音\Saber\冲田总司〔Alter〕(Saber)\宝具卡1_2.mp3
21:15:11 INFO 下载：https://media.fgo.wiki/b/b6/SV317_2_%E5%AE%9D%E5%85%B7%E5%8D%A12.mp3?v=gdmoqjxde8gplat9h6o8dk3xf1o3xgk
21:15:11 INFO 保存：从者语音\Saber\冲田总司〔Alter〕(Saber)\宝具卡2_2.mp3
21:15:11 INFO 下载：https://media.fgo.wiki/6/65/SV317_2_%E5%AE%9D%E5%85%B7%E5%8D%A13.mp3?v=l3e3xej5n6w45yhgn35xpm6fbpnkwre
21:15:12 INFO 保存：从者语音\Saber\冲田总司〔Alter〕(Saber)\宝具卡3_2.mp3
21:15:12 INFO 下载：https://media.fgo.wiki/0/0e/SV317_2_%E5%AE%9D%E5%85%B71.mp3?v=m6ahcuf6dof5w521osy36qp91jfxgco
21:15:13 INFO 保存：从者语音\Saber\冲田总司〔Alter〕(Saber)\宝具1_2.mp3
21:15:13 INFO 下载：https://media.fgo.wiki/1/1a/SV317_2_%E5%AE%9D%E5%85%B72.mp3?v=q5sz2r9grnd8de0pe5zmocb8dmaoo7c
21:15:15 INFO 保存：从者语音\Saber\冲田总司〔Alter〕(Saber)\宝具2_2.mp3
21:15:15 INFO 下载：https://media.fgo.wiki/e/ea/SV317_2_%E5%AE%9D%E5%85%B73.mp3?v=ir6dkz6g52uuvy3tgkn5mdtqcxlpoyf
21:15:16 INFO 保存：从者语音\Saber\冲田总司〔Alter〕(Saber)\宝具3_2.mp3
21:15:16 INFO [16/176] Saber / 征氏姐妹（Excel T2）
21:15:17 INFO 同名语音存在多个不同媒体文件，已使用 _2、_3 后缀：宝具卡1、宝具卡2、宝具卡3、宝具卡4、宝具1、宝具2、宝具3、宝具4
21:15:17 INFO 找到 16 条：宝具卡1.mp3、宝具卡2.mp3、宝具卡3.mp3、宝具卡4.mp3、宝具1.mp3、宝具2.mp3、宝具3.mp3、宝具4.mp3、宝具卡1_2.mp3、宝具卡2_2.mp3、宝具卡3_2.mp3、宝具卡4_2.mp3、宝具1_2.mp3、宝具2_2.mp3、宝具3_2.mp3、宝具4_2.mp3
21:15:17 INFO 下载：https://media.fgo.wiki/b/b9/SV337_0_%E5%AE%9D%E5%85%B7%E5%8D%A11.mp3?v=r8w7khkfwluxyw8pix1uoc4vgvool30
21:15:18 INFO 保存：从者语音\Saber\征氏姐妹\宝具卡1.mp3
21:15:18 INFO 下载：https://media.fgo.wiki/c/c6/SV337_0_%E5%AE%9D%E5%85%B7%E5%8D%A12.mp3?v=th3g8qzqemkf8ft4qb7j83v3w8x680o
21:15:20 INFO 保存：从者语音\Saber\征氏姐妹\宝具卡2.mp3
21:15:20 INFO 下载：https://media.fgo.wiki/5/50/SV337_0_%E5%AE%9D%E5%85%B7%E5%8D%A13.mp3?v=pckm3ikpi0o0r3mbwtr3aab9q6z2273
21:15:22 INFO 保存：从者语音\Saber\征氏姐妹\宝具卡3.mp3
21:15:22 INFO 下载：https://media.fgo.wiki/f/f2/SV337_0_%E5%AE%9D%E5%85%B7%E5%8D%A14.mp3?v=eg03vzdsyahgomtvl6p8y1cacp47a88
21:15:23 INFO 保存：从者语音\Saber\征氏姐妹\宝具卡4.mp3
21:15:23 INFO 下载：https://media.fgo.wiki/7/76/SV337_0_%E5%AE%9D%E5%85%B71.mp3?v=tatta2xa9ldsw1xpu5lz5z1a739qj0d
21:15:24 INFO 保存：从者语音\Saber\征氏姐妹\宝具1.mp3
21:15:24 INFO 下载：https://media.fgo.wiki/7/77/SV337_0_%E5%AE%9D%E5%85%B72.mp3?v=7no1n46yrrf0s8k3gfp2eex7sw95875
21:15:25 INFO 保存：从者语音\Saber\征氏姐妹\宝具2.mp3
21:15:25 INFO 下载：https://media.fgo.wiki/4/4f/SV337_0_%E5%AE%9D%E5%85%B73.mp3?v=prih0wopeygkgs3ud6hv1rykngfpwns
21:15:27 INFO 保存：从者语音\Saber\征氏姐妹\宝具3.mp3
21:15:27 INFO 下载：https://media.fgo.wiki/d/d5/SV337_0_%E5%AE%9D%E5%85%B74.mp3?v=4gyi9fukakehs3erwgpajv6sy3wmnkt
21:15:28 INFO 保存：从者语音\Saber\征氏姐妹\宝具4.mp3
21:15:28 INFO 下载：https://media.fgo.wiki/d/d5/SV337_2_%E5%AE%9D%E5%85%B7%E5%8D%A11.mp3?v=2tsfsr5t8n1xux9vc3jhvujdlhrbh2x
21:15:29 INFO 保存：从者语音\Saber\征氏姐妹\宝具卡1_2.mp3
21:15:29 INFO 下载：https://media.fgo.wiki/d/d2/SV337_2_%E5%AE%9D%E5%85%B7%E5%8D%A12.mp3?v=3z0mrv4qjokyyhpqdrk03lnmy4ugttd
21:15:30 INFO 保存：从者语音\Saber\征氏姐妹\宝具卡2_2.mp3
21:15:30 INFO 下载：https://media.fgo.wiki/a/a0/SV337_2_%E5%AE%9D%E5%85%B7%E5%8D%A13.mp3?v=1cv2cd8t2t8rwpj70mnzwqojq3nb87x
21:15:30 INFO 保存：从者语音\Saber\征氏姐妹\宝具卡3_2.mp3
21:15:30 INFO 下载：https://media.fgo.wiki/8/85/SV337_2_%E5%AE%9D%E5%85%B7%E5%8D%A14.mp3?v=kv1uvllg5irzy5j1h9w7kblt2byt0qa
21:15:31 INFO 保存：从者语音\Saber\征氏姐妹\宝具卡4_2.mp3
21:15:31 INFO 下载：https://media.fgo.wiki/5/5a/SV337_2_%E5%AE%9D%E5%85%B71.mp3?v=tatta2xa9ldsw1xpu5lz5z1a739qj0d
21:15:32 INFO 保存：从者语音\Saber\征氏姐妹\宝具1_2.mp3
21:15:32 INFO 下载：https://media.fgo.wiki/4/49/SV337_2_%E5%AE%9D%E5%85%B72.mp3?v=7no1n46yrrf0s8k3gfp2eex7sw95875
21:15:34 INFO 保存：从者语音\Saber\征氏姐妹\宝具2_2.mp3
21:15:34 INFO 下载：https://media.fgo.wiki/8/81/SV337_2_%E5%AE%9D%E5%85%B73.mp3?v=tc4ag98oycll446m7ya6ncvtti5fy9r
21:15:36 INFO 保存：从者语音\Saber\征氏姐妹\宝具3_2.mp3
21:15:36 INFO 下载：https://media.fgo.wiki/6/6a/SV337_2_%E5%AE%9D%E5%85%B74.mp3?v=gpeacl9vr5kgykolfubgijqikj0pbhw
21:15:37 INFO 保存：从者语音\Saber\征氏姐妹\宝具4_2.mp3
21:15:37 INFO [17/176] Saber / 查理曼（Excel U2）
21:15:39 INFO 同名语音存在多个不同媒体文件，已使用 _2、_3 后缀：宝具卡1、宝具卡2、宝具卡3、宝具1、宝具2、宝具3
21:15:39 INFO 找到 13 条：宝具卡1.mp3、宝具卡2.mp3、宝具卡3.mp3、宝具1.mp3、宝具2.mp3、宝具3.mp3、宝具卡1_2.mp3、宝具1_2.mp3、宝具2_2.mp3、宝具3_2.mp3、宝具卡1_3.mp3、宝具卡2_2.mp3、宝具卡3_2.mp3
21:15:39 INFO 下载：https://media.fgo.wiki/1/14/SV343_0_%E5%AE%9D%E5%85%B7%E5%8D%A11.mp3?v=11wtjl2wle04mmmmdo6gapsuwtlgny3
21:15:40 INFO 保存：从者语音\Saber\查理曼\宝具卡1.mp3
21:15:40 INFO 下载：https://media.fgo.wiki/f/f2/SV343_0_%E5%AE%9D%E5%85%B7%E5%8D%A12.mp3?v=eiitcwhmrh5sntffi6v5hv00im43rdw
21:15:41 INFO 保存：从者语音\Saber\查理曼\宝具卡2.mp3
21:15:41 INFO 下载：https://media.fgo.wiki/f/f3/SV343_0_%E5%AE%9D%E5%85%B7%E5%8D%A13.mp3?v=pioi3fkt291tp750vnqenemrzxv6o30
21:15:43 INFO 保存：从者语音\Saber\查理曼\宝具卡3.mp3
21:15:43 INFO 下载：https://media.fgo.wiki/6/68/SV343_0_%E5%AE%9D%E5%85%B71.mp3?v=25qxc0yj1a38ffsspsq45cs7lh4pfoe
21:15:44 INFO 保存：从者语音\Saber\查理曼\宝具1.mp3
21:15:44 INFO 下载：https://media.fgo.wiki/c/c2/SV343_0_%E5%AE%9D%E5%85%B72.mp3?v=eu2ai3aiyu7dqhkd9tsphzc2f49z43u
21:15:45 INFO 保存：从者语音\Saber\查理曼\宝具2.mp3
21:15:45 INFO 下载：https://media.fgo.wiki/7/7c/SV343_0_%E5%AE%9D%E5%85%B73.mp3?v=6w6toy5vuovfxg73dxgas8qel3xomhx
21:15:47 INFO 保存：从者语音\Saber\查理曼\宝具3.mp3
21:15:47 INFO 下载：https://media.fgo.wiki/0/01/SV343_2_%E5%AE%9D%E5%85%B7%E5%8D%A1.mp3?v=o6acnhptxesqqh0v75xjkb7w1tn840r
21:15:48 INFO 保存：从者语音\Saber\查理曼\宝具卡1_2.mp3
21:15:48 INFO 下载：https://media.fgo.wiki/4/44/SV343_2_%E5%AE%9D%E5%85%B7.mp3?v=o7n2gh64eesbcv1nsyla2nqwk3mghvn
21:15:50 INFO 保存：从者语音\Saber\查理曼\宝具1_2.mp3
21:15:50 INFO 下载：https://media.fgo.wiki/e/e3/SV343_2_%E5%AE%9D%E5%85%B72.mp3?v=bttbkkg44i2nyfwb5mp4tant5dznabo
21:15:52 INFO 保存：从者语音\Saber\查理曼\宝具2_2.mp3
21:15:52 INFO 下载：https://media.fgo.wiki/d/db/SV343_2_%E5%AE%9D%E5%85%B73.mp3?v=b4gcdc0jmsjty08t0qtfun150au9u09
21:15:53 INFO 保存：从者语音\Saber\查理曼\宝具3_2.mp3
21:15:53 INFO 下载：https://media.fgo.wiki/5/58/SV343_11_%E5%AE%9D%E5%85%B7%E5%8D%A11.mp3?v=4la26e0n48cohol5kvkaizyqbvntk5h
21:15:54 INFO 保存：从者语音\Saber\查理曼\宝具卡1_3.mp3
21:15:54 INFO 下载：https://media.fgo.wiki/d/df/SV343_11_%E5%AE%9D%E5%85%B7%E5%8D%A12.mp3?v=i2ld153offgg8zomwmx6jbbkxa9dwdk
21:15:54 INFO 保存：从者语音\Saber\查理曼\宝具卡2_2.mp3
21:15:54 INFO 下载：https://media.fgo.wiki/7/7d/SV343_11_%E5%AE%9D%E5%85%B7%E5%8D%A13.mp3?v=2liclb540c2wzlmtob4ex1u36m09p78
21:15:55 INFO 保存：从者语音\Saber\查理曼\宝具卡3_2.mp3
21:15:55 INFO [18/176] Saber / 美杜莎(Saber)（Excel V2）
21:15:58 INFO 同名语音存在多个不同媒体文件，已使用 _2、_3 后缀：宝具卡1、宝具卡2、宝具卡3、宝具1、宝具2、宝具3
21:15:58 INFO 找到 12 条：宝具卡1.mp3、宝具卡2.mp3、宝具卡3.mp3、宝具1.mp3、宝具2.mp3、宝具3.mp3、宝具卡1_2.mp3、宝具卡2_2.mp3、宝具卡3_2.mp3、宝具1_2.mp3、宝具2_2.mp3、宝具3_2.mp3
21:15:58 INFO 下载：https://media.fgo.wiki/e/ed/SV384_0_%E5%AE%9D%E5%85%B7%E5%8D%A11.mp3?v=t9sluyd8574635dxtxewx05l5vmjjb6
21:15:58 INFO 保存：从者语音\Saber\美杜莎(Saber)\宝具卡1.mp3
21:15:58 INFO 下载：https://media.fgo.wiki/8/85/SV384_0_%E5%AE%9D%E5%85%B7%E5%8D%A12.mp3?v=exaj2h2mbet0ztzn34hrozk5zvan1vt
21:15:59 INFO 保存：从者语音\Saber\美杜莎(Saber)\宝具卡2.mp3
21:15:59 INFO 下载：https://media.fgo.wiki/2/20/SV384_0_%E5%AE%9D%E5%85%B7%E5%8D%A13.mp3?v=2bnqkbdmzsreh6suuq41ee1if4tfhyk
21:16:00 INFO 保存：从者语音\Saber\美杜莎(Saber)\宝具卡3.mp3
21:16:00 INFO 下载：https://media.fgo.wiki/0/02/SV384_0_%E5%AE%9D%E5%85%B71.mp3?v=cbu8k9ipnk6tih2r4bkw2or9fanc46f
21:16:01 INFO 保存：从者语音\Saber\美杜莎(Saber)\宝具1.mp3
21:16:01 INFO 下载：https://media.fgo.wiki/c/cf/SV384_0_%E5%AE%9D%E5%85%B72.mp3?v=47283tw0c5plktfhkpqzo2q0if0jzj0
21:16:02 INFO 保存：从者语音\Saber\美杜莎(Saber)\宝具2.mp3
21:16:02 INFO 下载：https://media.fgo.wiki/0/09/SV384_0_%E5%AE%9D%E5%85%B73.mp3?v=mbf391rrh73xzy5aje9pl1n1j4m9drh
21:16:04 INFO 保存：从者语音\Saber\美杜莎(Saber)\宝具3.mp3
21:16:04 INFO 下载：https://media.fgo.wiki/1/14/SV384_1_%E5%AE%9D%E5%85%B7%E5%8D%A11.mp3?v=j77zby8t1txsn90n579ztojsfsfnm3y
21:16:04 INFO 保存：从者语音\Saber\美杜莎(Saber)\宝具卡1_2.mp3
21:16:04 INFO 下载：https://media.fgo.wiki/d/d9/SV384_1_%E5%AE%9D%E5%85%B7%E5%8D%A12.mp3?v=a5fz2dc6inx9xbxh4yzzupkr0ulwwer
21:16:05 INFO 保存：从者语音\Saber\美杜莎(Saber)\宝具卡2_2.mp3
21:16:05 INFO 下载：https://media.fgo.wiki/4/43/SV384_1_%E5%AE%9D%E5%85%B7%E5%8D%A13.mp3?v=e8u2b3ae22mu9sha0pcu0ms6qno8xjk
21:16:06 INFO 保存：从者语音\Saber\美杜莎(Saber)\宝具卡3_2.mp3
21:16:06 INFO 下载：https://media.fgo.wiki/b/b0/SV384_1_%E5%AE%9D%E5%85%B71.mp3?v=cbu8k9ipnk6tih2r4bkw2or9fanc46f
21:16:07 INFO 保存：从者语音\Saber\美杜莎(Saber)\宝具1_2.mp3
21:16:07 INFO 下载：https://media.fgo.wiki/a/a9/SV384_1_%E5%AE%9D%E5%85%B72.mp3?v=47283tw0c5plktfhkpqzo2q0if0jzj0
21:16:08 INFO 保存：从者语音\Saber\美杜莎(Saber)\宝具2_2.mp3
21:16:08 INFO 下载：https://media.fgo.wiki/6/62/SV384_1_%E5%AE%9D%E5%85%B73.mp3?v=mbf391rrh73xzy5aje9pl1n1j4m9drh
21:16:10 INFO 保存：从者语音\Saber\美杜莎(Saber)\宝具3_2.mp3
21:16:10 INFO [19/176] Saber / 大和武尊（Excel W2）
21:16:11 INFO 同名语音存在多个不同媒体文件，已使用 _2、_3 后缀：宝具卡1、宝具卡2、宝具卡3、宝具卡4、宝具1、宝具2、宝具3、宝具4
21:16:11 INFO 找到 16 条：宝具卡1.mp3、宝具卡2.mp3、宝具卡3.mp3、宝具卡4.mp3、宝具1.mp3、宝具2.mp3、宝具3.mp3、宝具4.mp3、宝具卡1_2.mp3、宝具卡2_2.mp3、宝具卡3_2.mp3、宝具卡4_2.mp3、宝具1_2.mp3、宝具2_2.mp3、宝具3_2.mp3、宝具4_2.mp3
21:16:11 INFO 下载：https://media.fgo.wiki/f/fb/SV402_0_%E5%AE%9D%E5%85%B7%E5%8D%A11.mp3?v=bp44sfk4kzyklva6krlcbpsjkr26059
21:16:13 INFO 保存：从者语音\Saber\大和武尊\宝具卡1.mp3
21:16:13 INFO 下载：https://media.fgo.wiki/e/ec/SV402_0_%E5%AE%9D%E5%85%B7%E5%8D%A12.mp3?v=glhk8v9m0bvhor0m9b0aheof3wb4n3n
21:16:14 INFO 保存：从者语音\Saber\大和武尊\宝具卡2.mp3
21:16:14 INFO 下载：https://media.fgo.wiki/5/5d/SV402_0_%E5%AE%9D%E5%85%B7%E5%8D%A13.mp3?v=7kgvuwwgymfyj5a1gcsyd1eiclyu0nr
21:16:14 INFO 保存：从者语音\Saber\大和武尊\宝具卡3.mp3
21:16:14 INFO 下载：https://media.fgo.wiki/8/8e/SV402_0_%E5%AE%9D%E5%85%B7%E5%8D%A14.mp3?v=0e4l9ji6o6zn3r1tc1ozhcieqdxs657
21:16:15 INFO 保存：从者语音\Saber\大和武尊\宝具卡4.mp3
21:16:15 INFO 下载：https://media.fgo.wiki/6/65/SV402_0_%E5%AE%9D%E5%85%B71.mp3?v=eqal1lnz21so793uuh77uu2q8dje54i
21:16:17 INFO 保存：从者语音\Saber\大和武尊\宝具1.mp3
21:16:17 INFO 下载：https://media.fgo.wiki/2/2c/SV402_0_%E5%AE%9D%E5%85%B72.mp3?v=mn6y6jj9hpnmqies3vo97rzw2uq8fof
21:16:18 INFO 保存：从者语音\Saber\大和武尊\宝具2.mp3
21:16:18 INFO 下载：https://media.fgo.wiki/0/0b/SV402_0_%E5%AE%9D%E5%85%B73.mp3?v=epvjff5ln7nk5zqox1f0nfs3s6aar0x
21:16:19 INFO 保存：从者语音\Saber\大和武尊\宝具3.mp3
21:16:19 INFO 下载：https://media.fgo.wiki/6/6b/SV402_0_%E5%AE%9D%E5%85%B74.mp3?v=l5nz32mhivdf3nuj2wj7s7bufy2ttlr
21:16:21 INFO 保存：从者语音\Saber\大和武尊\宝具4.mp3
21:16:21 INFO 下载：https://media.fgo.wiki/6/65/SV402_2_%E5%AE%9D%E5%85%B7%E5%8D%A11.mp3?v=6mm0ehsjcsit6keyiaysen38gqb7mgb
21:16:22 INFO 保存：从者语音\Saber\大和武尊\宝具卡1_2.mp3
21:16:22 INFO 下载：https://media.fgo.wiki/c/cc/SV402_2_%E5%AE%9D%E5%85%B7%E5%8D%A12.mp3?v=pro28kcwqamk9unxvly7esexj8i848k
21:16:23 INFO 保存：从者语音\Saber\大和武尊\宝具卡2_2.mp3
21:16:23 INFO 下载：https://media.fgo.wiki/8/8c/SV402_2_%E5%AE%9D%E5%85%B7%E5%8D%A13.mp3?v=t60nk48mciflla5a3vtkitsjvi1n2n6
21:16:24 INFO 保存：从者语音\Saber\大和武尊\宝具卡3_2.mp3
21:16:24 INFO 下载：https://media.fgo.wiki/c/ca/SV402_2_%E5%AE%9D%E5%85%B7%E5%8D%A14.mp3?v=4nq3a282hha1sjrtme65oyrc4kaix41
21:16:25 INFO 保存：从者语音\Saber\大和武尊\宝具卡4_2.mp3
21:16:25 INFO 下载：https://media.fgo.wiki/5/59/SV402_2_%E5%AE%9D%E5%85%B71.mp3?v=eqal1lnz21so793uuh77uu2q8dje54i
21:16:26 INFO 保存：从者语音\Saber\大和武尊\宝具1_2.mp3
21:16:26 INFO 下载：https://media.fgo.wiki/9/96/SV402_2_%E5%AE%9D%E5%85%B72.mp3?v=mn6y6jj9hpnmqies3vo97rzw2uq8fof
21:16:27 INFO 保存：从者语音\Saber\大和武尊\宝具2_2.mp3
21:16:27 INFO 下载：https://media.fgo.wiki/6/67/SV402_2_%E5%AE%9D%E5%85%B73.mp3?v=epvjff5ln7nk5zqox1f0nfs3s6aar0x
21:16:28 INFO 保存：从者语音\Saber\大和武尊\宝具3_2.mp3
21:16:28 INFO 下载：https://media.fgo.wiki/8/83/SV402_2_%E5%AE%9D%E5%85%B74.mp3?v=l5nz32mhivdf3nuj2wj7s7bufy2ttlr
21:16:30 INFO 保存：从者语音\Saber\大和武尊\宝具4_2.mp3
21:16:30 INFO [20/176] Saber / 理查一世（Excel X2）
21:16:32 INFO 同名语音存在多个不同媒体文件，已使用 _2、_3 后缀：宝具卡1、宝具卡2、宝具卡3、宝具1、宝具2、宝具3
21:16:32 INFO 找到 17 条：宝具卡1.mp3、宝具卡2.mp3、宝具卡3.mp3、宝具1.mp3、宝具2.mp3、宝具3.mp3、宝具卡1_2.mp3、宝具卡2_2.mp3、宝具卡3_2.mp3、宝具1_2.mp3、宝具2_2.mp3、宝具3_2.mp3、宝具卡1_3.mp3、宝具卡2_3.mp3、宝具1_3.mp3、宝具2_3.mp3、宝具3_3.mp3
21:16:32 INFO 下载：https://media.fgo.wiki/6/69/SV432_0_%E5%AE%9D%E5%85%B7%E5%8D%A11.mp3?v=6u1ddq01bl6g4f1yj02nj8pknxjnn4k
21:16:33 INFO 保存：从者语音\Saber\理查一世\宝具卡1.mp3
21:16:33 INFO 下载：https://media.fgo.wiki/0/02/SV432_0_%E5%AE%9D%E5%85%B7%E5%8D%A12.mp3?v=ov342bq38wma1qj6alb8shber42831a
21:16:34 INFO 保存：从者语音\Saber\理查一世\宝具卡2.mp3
21:16:34 INFO 下载：https://media.fgo.wiki/6/67/SV432_0_%E5%AE%9D%E5%85%B7%E5%8D%A13.mp3?v=1m2ax228rxzzlj8uhulvixdsdjadao0
21:16:35 INFO 保存：从者语音\Saber\理查一世\宝具卡3.mp3
21:16:35 INFO 下载：https://media.fgo.wiki/0/00/SV432_0_%E5%AE%9D%E5%85%B71.mp3?v=b1ez1yfsjq2ihn05jprqx4jygr5itww
21:16:36 INFO 保存：从者语音\Saber\理查一世\宝具1.mp3
21:16:36 INFO 下载：https://media.fgo.wiki/7/7a/SV432_0_%E5%AE%9D%E5%85%B72.mp3?v=6ljlvrytopofa1ebwm89ues597gz10o
21:16:37 INFO 保存：从者语音\Saber\理查一世\宝具2.mp3
21:16:37 INFO 下载：https://media.fgo.wiki/a/a0/SV432_0_%E5%AE%9D%E5%85%B73.mp3?v=s10ohqzi5s0yqwja4ayigmn85gk84gw
21:16:38 INFO 保存：从者语音\Saber\理查一世\宝具3.mp3
21:16:38 INFO 下载：https://media.fgo.wiki/e/e3/SV432_1_%E5%AE%9D%E5%85%B7%E5%8D%A11.mp3?v=6u1ddq01bl6g4f1yj02nj8pknxjnn4k
21:16:39 INFO 保存：从者语音\Saber\理查一世\宝具卡1_2.mp3
21:16:39 INFO 下载：https://media.fgo.wiki/6/6b/SV432_1_%E5%AE%9D%E5%85%B7%E5%8D%A12.mp3?v=ov342bq38wma1qj6alb8shber42831a
21:16:40 INFO 保存：从者语音\Saber\理查一世\宝具卡2_2.mp3
21:16:40 INFO 下载：https://media.fgo.wiki/4/4a/SV432_1_%E5%AE%9D%E5%85%B7%E5%8D%A13.mp3?v=1m2ax228rxzzlj8uhulvixdsdjadao0
21:16:41 INFO 保存：从者语音\Saber\理查一世\宝具卡3_2.mp3
21:16:41 INFO 下载：https://media.fgo.wiki/b/bf/SV432_1_%E5%AE%9D%E5%85%B71.mp3?v=b1ez1yfsjq2ihn05jprqx4jygr5itww
21:16:42 INFO 保存：从者语音\Saber\理查一世\宝具1_2.mp3
21:16:42 INFO 下载：https://media.fgo.wiki/1/1f/SV432_1_%E5%AE%9D%E5%85%B72.mp3?v=6ljlvrytopofa1ebwm89ues597gz10o
21:16:44 INFO 保存：从者语音\Saber\理查一世\宝具2_2.mp3
21:16:44 INFO 下载：https://media.fgo.wiki/f/f3/SV432_1_%E5%AE%9D%E5%85%B73.mp3?v=brxuabjrtfzxfd5dm2yjzr5fdnrin3m
21:16:45 INFO 保存：从者语音\Saber\理查一世\宝具3_2.mp3
21:16:45 INFO 下载：https://media.fgo.wiki/1/14/SV432_2_%E5%AE%9D%E5%85%B7%E5%8D%A11.mp3?v=4u46pps2q788h7qabylex915uhqizka
21:16:46 INFO 保存：从者语音\Saber\理查一世\宝具卡1_3.mp3
21:16:46 INFO 下载：https://media.fgo.wiki/f/f2/SV432_2_%E5%AE%9D%E5%85%B7%E5%8D%A12.mp3?v=edrtcz9vlb6uy9fy2rhflbba42pep6r
21:16:47 INFO 保存：从者语音\Saber\理查一世\宝具卡2_3.mp3
21:16:47 INFO 下载：https://media.fgo.wiki/5/59/SV432_2_%E5%AE%9D%E5%85%B71.mp3?v=ixfqhjbgd2xxydsuaamkvv278g9cymu
21:16:49 INFO 保存：从者语音\Saber\理查一世\宝具1_3.mp3
21:16:49 INFO 下载：https://media.fgo.wiki/b/b6/SV432_2_%E5%AE%9D%E5%85%B72.mp3?v=6149aysy8cv2sv99rwuejkqbug1b9yb
21:16:50 INFO 保存：从者语音\Saber\理查一世\宝具2_3.mp3
21:16:50 INFO 下载：https://media.fgo.wiki/5/5c/SV432_2_%E5%AE%9D%E5%85%B73.mp3?v=b5xpviwmfvxgh8zd99fmahros2nqib1
21:16:51 INFO 保存：从者语音\Saber\理查一世\宝具3_3.mp3
21:16:51 INFO [21/176] Archer / 吉尔伽美什（Excel Z2）
21:16:52 INFO 同名语音存在多个不同媒体文件，已使用 _2、_3 后缀：宝具卡1、宝具1
21:16:52 INFO 找到 8 条：宝具卡1.mp3、宝具卡2.mp3、宝具卡3.mp3、宝具1.mp3、宝具1_2.mp3、宝具2.mp3、宝具卡1_2.mp3、宝具1_3.mp3
21:16:52 INFO 下载：https://media.fgo.wiki/7/70/012di_npse.mp3?v=m4d4eh3lfx2zznanjc49yvljdq2hykb
21:16:54 INFO 保存：从者语音\Archer\吉尔伽美什\宝具卡1.mp3
21:16:54 INFO 下载：https://media.fgo.wiki/5/5b/SV12_0_%E5%AE%9D%E5%85%B7%E5%8D%A12.mp3?v=elbvfa4em6r2y8y4f4b3bdbspe0byei
21:16:55 INFO 保存：从者语音\Archer\吉尔伽美什\宝具卡2.mp3
21:16:55 INFO 下载：https://media.fgo.wiki/5/5e/SV12_0_%E5%AE%9D%E5%85%B7%E5%8D%A13.mp3?v=ekbayeja6m08pk33onbx3klbsx3i1ph
21:16:55 INFO 保存：从者语音\Archer\吉尔伽美什\宝具卡3.mp3
21:16:55 INFO 下载：https://media.fgo.wiki/3/34/%E9%97%AA%E9%97%AA%E6%97%A7%E5%AE%9D%E5%85%B7.ogg?v=m5fsj8mae4vo6qz747z9t1gxgl31mxz
21:16:57 INFO 保存：从者语音\Archer\吉尔伽美什\宝具1.mp3
21:16:57 INFO 下载：https://media.fgo.wiki/d/dd/012di_np.mp3?v=kguouxq718h93nt6rfwrojgbh4wl80e
21:16:58 INFO 保存：从者语音\Archer\吉尔伽美什\宝具1_2.mp3
21:16:58 INFO 下载：https://media.fgo.wiki/5/50/SV12_0_%E5%AE%9D%E5%85%B72.ogg?v=teecw9g4r8puyq8dm07xwstnlzt5n3k
21:17:00 INFO 保存：从者语音\Archer\吉尔伽美什\宝具2.mp3
21:17:00 INFO 下载：https://media.fgo.wiki/c/c5/01207di_npse.mp3?v=tj2cvtfnbuqnfmk9gs6y7z9wiwfmiaz
21:17:01 INFO 保存：从者语音\Archer\吉尔伽美什\宝具卡1_2.mp3
21:17:01 INFO 下载：https://media.fgo.wiki/6/65/01207di_np.mp3?v=ipufgft70pho8wr2v81anq42wqumk8j
21:17:03 INFO 保存：从者语音\Archer\吉尔伽美什\宝具1_3.mp3
21:17:03 INFO [22/176] Archer / 俄里翁（Excel AA2）
21:17:05 INFO 找到 2 条：宝具卡1.mp3、宝具1.mp3
21:17:05 INFO 下载：https://media.fgo.wiki/b/b1/060di_npse.mp3?v=b17g9uxkcnqzm6fufylu8bmufke7mlp
21:17:06 INFO 保存：从者语音\Archer\俄里翁\宝具卡1.mp3
21:17:06 INFO 下载：https://media.fgo.wiki/8/8e/060di_np.mp3?v=mujuskrwoyz1htt9gpqpobi2zz9h3cx
21:17:07 INFO 保存：从者语音\Archer\俄里翁\宝具1.mp3
21:17:07 INFO [23/176] Archer / 尼古拉·特斯拉（Excel AB2）
21:17:10 INFO 找到 3 条：宝具卡1.mp3、宝具1.mp3、宝具2.mp3
21:17:10 INFO 下载：https://media.fgo.wiki/d/d4/%E7%89%B9%E6%80%BB%E5%AE%9D%E5%85%B7%E5%8D%A1.mp3?v=730vrsdonrp9gf4ahwq9d5wp8fkilvs
21:17:11 INFO 保存：从者语音\Archer\尼古拉·特斯拉\宝具卡1.mp3
21:17:11 INFO 下载：https://media.fgo.wiki/2/25/%E7%89%B9%E6%80%BB%E5%AE%9D%E5%85%B7.mp3?v=qkvgwu7n7v331zra6p25ahon04zx0kd
21:17:12 INFO 保存：从者语音\Archer\尼古拉·特斯拉\宝具1.mp3
21:17:12 INFO 下载：https://media.fgo.wiki/5/56/SV77_0_%E5%AE%9D%E5%85%B72.mp3?v=kw7s8042ovazfg51x3d3thaspe2n1ne
21:17:14 INFO 保存：从者语音\Archer\尼古拉·特斯拉\宝具2.mp3
21:17:14 INFO [24/176] Archer / 阿周那（Excel AC2）
21:17:16 INFO 同名语音存在多个不同媒体文件，已使用 _2、_3 后缀：宝具卡1、宝具卡2、宝具卡3
21:17:16 INFO 找到 9 条：宝具卡1.mp3、宝具卡2.mp3、宝具卡3.mp3、宝具1.mp3、宝具2.mp3、宝具3.mp3、宝具卡1_2.mp3、宝具卡2_2.mp3、宝具卡3_2.mp3
21:17:16 INFO 下载：https://media.fgo.wiki/0/09/%E9%98%BF%E5%91%A8%E9%82%A3%E8%AF%AD%E9%9F%B3_%E5%AE%9D%E5%85%B7%E5%8D%A1.mp3?v=c0bojp4zblxlc5bgt7gld0m38md5kg1
21:17:17 INFO 保存：从者语音\Archer\阿周那\宝具卡1.mp3
21:17:17 INFO 下载：https://media.fgo.wiki/d/df/SV84_0_%E5%AE%9D%E5%85%B7%E5%8D%A12.mp3?v=rvdns03he6e8u5nlygwl5c5lyqmopof
21:17:18 INFO 保存：从者语音\Archer\阿周那\宝具卡2.mp3
21:17:18 INFO 下载：https://media.fgo.wiki/8/87/SV84_0_%E5%AE%9D%E5%85%B7%E5%8D%A13.mp3?v=2fu34o8u3v60gfl2579y57pafnnx8dk
21:17:19 INFO 保存：从者语音\Archer\阿周那\宝具卡3.mp3
21:17:19 INFO 下载：https://media.fgo.wiki/5/58/%E9%98%BF%E5%91%A8%E9%82%A3%E8%AF%AD%E9%9F%B3_%E5%AE%9D%E5%85%B7.mp3?v=imk50jp6715gqu9l6todjsyp53m3rim
21:17:21 INFO 保存：从者语音\Archer\阿周那\宝具1.mp3
21:17:21 INFO 下载：https://media.fgo.wiki/6/66/SV84_0_%E5%AE%9D%E5%85%B72.mp3?v=pn3om96nxufrd812krsu80mj1pj7k9f
21:17:22 INFO 保存：从者语音\Archer\阿周那\宝具2.mp3
21:17:22 INFO 下载：https://media.fgo.wiki/a/ac/SV84_0_%E5%AE%9D%E5%85%B73.mp3?v=7ja19s1zmg3sz0h5g2umuwk8entzirw
21:17:24 INFO 保存：从者语音\Archer\阿周那\宝具3.mp3
21:17:24 INFO 下载：https://media.fgo.wiki/b/bf/SV84_11_%E5%AE%9D%E5%85%B7%E5%8D%A11.mp3?v=6ju225qj0pt6aqirtn5e43fjanwknd9
21:17:24 INFO 保存：从者语音\Archer\阿周那\宝具卡1_2.mp3
21:17:24 INFO 下载：https://media.fgo.wiki/a/ae/SV84_11_%E5%AE%9D%E5%85%B7%E5%8D%A12.mp3?v=qlpiqer2dku2xi69fit22735itkoitr
21:17:25 INFO 保存：从者语音\Archer\阿周那\宝具卡2_2.mp3
21:17:25 INFO 下载：https://media.fgo.wiki/a/a2/SV84_11_%E5%AE%9D%E5%85%B7%E5%8D%A13.mp3?v=4fi2wr6ka6meokdr8p2ly6c1lfpc325
21:17:27 INFO 保存：从者语音\Archer\阿周那\宝具卡3_2.mp3
21:17:27 INFO [25/176] Archer / 阿尔托莉雅·潘德拉贡(Archer)（Excel AD2）
21:17:28 INFO 找到 4 条：宝具卡1.mp3、宝具卡2.mp3、宝具1.mp3、宝具2.mp3
21:17:28 INFO 下载：https://media.fgo.wiki/d/df/129di_npse1.mp3?v=rvz981yrwemis2plbwxy8gzhmf0egcs
21:17:30 INFO 保存：从者语音\Archer\阿尔托莉雅·潘德拉贡(Archer)\宝具卡1.mp3
21:17:30 INFO 下载：https://media.fgo.wiki/a/a5/129di_npse2.mp3?v=brpxjj6ifirtuqrqdnsnyc23znwz9d6
21:17:31 INFO 保存：从者语音\Archer\阿尔托莉雅·潘德拉贡(Archer)\宝具卡2.mp3
21:17:31 INFO 下载：https://media.fgo.wiki/4/4b/129di_np1.mp3?v=b5wvesnz9yu5vffdzm5kky0czgmum2y
21:17:33 INFO 保存：从者语音\Archer\阿尔托莉雅·潘德拉贡(Archer)\宝具1.mp3
21:17:33 INFO 下载：https://media.fgo.wiki/7/72/129di_np2.mp3?v=t6kjw492i1v5hgdnydfaho5ym89k6pk
21:17:35 INFO 保存：从者语音\Archer\阿尔托莉雅·潘德拉贡(Archer)\宝具2.mp3
21:17:35 INFO [26/176] Archer / 伊什塔尔（Excel AE2）
21:17:37 INFO 找到 4 条：宝具卡1.mp3、宝具卡2.mp3、宝具1.mp3、宝具2.mp3
21:17:37 INFO 下载：https://media.fgo.wiki/e/ef/%E4%BC%8A%E4%BB%80%E5%A1%94%E5%B0%94-%E6%8C%87%E4%BB%A4%E5%8D%A1%E5%AE%9D%E5%85%B7%E5%8D%A11.ogg?v=rztb7j0b51grviu6ymckldynu5n6td2
21:17:38 INFO 保存：从者语音\Archer\伊什塔尔\宝具卡1.mp3
21:17:38 INFO 下载：https://media.fgo.wiki/d/d1/%E4%BC%8A%E4%BB%80%E5%A1%94%E5%B0%94-%E6%8C%87%E4%BB%A4%E5%8D%A1%E5%AE%9D%E5%85%B7%E5%8D%A12.ogg?v=ainh4ccu3gi35s1u2w7s28fnexc98ma
21:17:39 INFO 保存：从者语音\Archer\伊什塔尔\宝具卡2.mp3
21:17:39 INFO 下载：https://media.fgo.wiki/f/fd/%E4%BC%8A%E4%BB%80%E5%A1%94%E5%B0%94-%E5%AE%9D%E5%85%B71.ogg?v=nyxkchfw0ueblylhm5xgi3kwmvyh36n
21:17:41 INFO 保存：从者语音\Archer\伊什塔尔\宝具1.mp3
21:17:41 INFO 下载：https://media.fgo.wiki/2/22/%E4%BC%8A%E4%BB%80%E5%A1%94%E5%B0%94-%E5%AE%9D%E5%85%B72.ogg?v=3aiivd7ex40waz1nq8nvxe3uo37209d
21:17:42 INFO 保存：从者语音\Archer\伊什塔尔\宝具2.mp3
21:17:42 INFO [27/176] Archer / 新宿的Archer（Excel AF2）
21:17:46 INFO 同名语音存在多个不同媒体文件，已使用 _2、_3 后缀：宝具卡1、宝具卡2、宝具卡3、宝具1、宝具2、宝具3
21:17:46 INFO 找到 16 条：宝具卡1.mp3、宝具卡2.mp3、宝具卡3.mp3、宝具1.mp3、宝具2.mp3、宝具3.mp3、宝具卡2_2.mp3、宝具卡3_2.mp3、宝具1_2.mp3、宝具2_2.mp3、宝具3_2.mp3、宝具卡1_2.mp3、宝具卡2_3.mp3、宝具卡3_3.mp3、宝具1_3.mp3、宝具1_4.mp3
21:17:46 INFO 下载：https://media.fgo.wiki/2/23/%E6%95%99%E6%8E%88%C2%B7%E5%AE%9D%E5%85%B7%E5%8D%A1%EF%BC%88%E7%9C%9F%E5%90%8D%E5%89%8D%EF%BC%89.wav?v=aj9jisioam2g7rfhq9m49t3f1azzwd6
21:17:48 INFO 保存：从者语音\Archer\新宿的Archer\宝具卡1.mp3
21:17:48 INFO 下载：https://media.fgo.wiki/1/10/SV156_0_%E7%9C%9F%E5%90%8D%E5%89%8D_%E5%AE%9D%E5%85%B7%E5%8D%A12.mp3?v=aoqzb1d10m75qyip8tcqfqbbi4sdujh
21:17:49 INFO 保存：从者语音\Archer\新宿的Archer\宝具卡2.mp3
21:17:49 INFO 下载：https://media.fgo.wiki/5/5a/SV156_0_%E7%9C%9F%E5%90%8D%E5%89%8D_%E5%AE%9D%E5%85%B7%E5%8D%A13.mp3?v=03xtpab23ozhe9fu84pwa9t59yabox6
21:17:50 INFO 保存：从者语音\Archer\新宿的Archer\宝具卡3.mp3
21:17:50 INFO 下载：https://media.fgo.wiki/e/e1/%E6%95%99%E6%8E%88%C2%B7%E5%AE%9D%E5%85%B7%EF%BC%88%E7%9C%9F%E5%90%8D%E5%89%8D%EF%BC%89.wav?v=c5gmtgs3kj1pcvkoim27x12vxlf6pbl
21:17:52 INFO 保存：从者语音\Archer\新宿的Archer\宝具1.mp3
21:17:52 INFO 下载：https://media.fgo.wiki/c/ce/SV156_0_%E7%9C%9F%E5%90%8D%E5%89%8D_%E5%AE%9D%E5%85%B72.mp3?v=qe01n8qt7tl7m2z6z4hc4f4rj841yfk
21:17:53 INFO 保存：从者语音\Archer\新宿的Archer\宝具2.mp3
21:17:53 INFO 下载：https://media.fgo.wiki/f/f7/SV156_0_%E7%9C%9F%E5%90%8D%E5%89%8D_%E5%AE%9D%E5%85%B73.mp3?v=fjt3ooynr3oi2b4lf163schz2zxi5zh
21:17:54 INFO 保存：从者语音\Archer\新宿的Archer\宝具3.mp3
21:17:54 INFO 下载：https://media.fgo.wiki/6/69/SV156_0_%E5%AE%9D%E5%85%B7%E5%8D%A12.mp3?v=aoqzb1d10m75qyip8tcqfqbbi4sdujh
21:17:55 INFO 保存：从者语音\Archer\新宿的Archer\宝具卡2_2.mp3
21:17:55 INFO 下载：https://media.fgo.wiki/b/b2/SV156_0_%E5%AE%9D%E5%85%B7%E5%8D%A13.mp3?v=03xtpab23ozhe9fu84pwa9t59yabox6
21:17:56 INFO 保存：从者语音\Archer\新宿的Archer\宝具卡3_2.mp3
21:17:56 INFO 下载：https://media.fgo.wiki/4/4a/%E6%95%99%E6%8E%88%C2%B7%E5%AE%9D%E5%85%B7%EF%BC%88%E7%9C%9F%E5%90%8D%EF%BC%89.wav?v=57s06im6zw6iqgjp6d88hq8i3kwq0dw
21:17:58 INFO 保存：从者语音\Archer\新宿的Archer\宝具1_2.mp3
21:17:58 INFO 下载：https://media.fgo.wiki/7/77/SV156_0_%E5%AE%9D%E5%85%B72.mp3?v=1slmb5osy82f6nihjstbfen52cvz1kn
21:17:59 INFO 保存：从者语音\Archer\新宿的Archer\宝具2_2.mp3
21:17:59 INFO 下载：https://media.fgo.wiki/2/2f/SV156_0_%E5%AE%9D%E5%85%B73.mp3?v=2ezoe1k87px08gniszx7qp1htclh1nc
21:18:01 INFO 保存：从者语音\Archer\新宿的Archer\宝具3_2.mp3
21:18:01 INFO 下载：https://media.fgo.wiki/a/a0/SV156_11_%E5%AE%9D%E5%85%B7%E5%8D%A1_%E7%81%B5%E8%A1%A3.mp3?v=7mqz21q5bgxftux3a9zgx93rytgslz6
21:18:02 INFO 保存：从者语音\Archer\新宿的Archer\宝具卡1_2.mp3
21:18:02 INFO 下载：https://media.fgo.wiki/c/c1/SV156_11_%E5%AE%9D%E5%85%B7%E5%8D%A12.mp3?v=qp4swg0tir9mn60gfbhtc1gilfzbqb8
21:18:03 INFO 保存：从者语音\Archer\新宿的Archer\宝具卡2_3.mp3
21:18:03 INFO 下载：https://media.fgo.wiki/1/1c/SV156_11_%E5%AE%9D%E5%85%B7%E5%8D%A13.mp3?v=49hpjyr5xjcmqtcp2uwujuaew5pqz50
21:18:03 INFO 保存：从者语音\Archer\新宿的Archer\宝具卡3_3.mp3
21:18:03 INFO 下载：https://media.fgo.wiki/3/3d/%E6%95%8C%E6%96%B9%E6%95%99%E6%8E%88%E8%AF%AD%E9%9F%B31_%E5%AE%9D%E5%85%B7.mp3?v=2d34a5ohi20v5eeah6v4z2svk5p86om
21:18:04 INFO 保存：从者语音\Archer\新宿的Archer\宝具1_3.mp3
21:18:04 INFO 下载：https://media.fgo.wiki/b/bb/%E6%95%8C%E6%96%B9%E6%95%99%E6%8E%88%E8%AF%AD%E9%9F%B32_%E5%AE%9D%E5%85%B7.mp3?v=0rji2r66wwz7ffciwaia51isj87nu1l
21:18:06 INFO 保存：从者语音\Archer\新宿的Archer\宝具1_4.mp3
21:18:06 INFO [28/176] Archer / 拿破仑（Excel AG2）
21:18:07 INFO 找到 3 条：宝具卡1.mp3、宝具1.mp3、宝具2.mp3
21:18:07 INFO 下载：https://media.fgo.wiki/d/d0/212di_npse.mp3?v=3ggfj9w1yombww1fuf5sk3e9utq4yhd
21:18:08 INFO 保存：从者语音\Archer\拿破仑\宝具卡1.mp3
21:18:08 INFO 下载：https://media.fgo.wiki/c/c4/212di_np1.mp3?v=caqge0jkx8imjmi6ag0fq2ictfaug8j
21:18:10 INFO 保存：从者语音\Archer\拿破仑\宝具1.mp3
21:18:10 INFO 下载：https://media.fgo.wiki/b/b7/212di_np2.mp3?v=4rfft45r0geeti75v0r3bpivjy3pomt
21:18:11 INFO 保存：从者语音\Archer\拿破仑\宝具2.mp3
21:18:11 INFO [29/176] Archer / 贞德(Archer)（Excel AH2）
21:18:13 INFO 同名语音存在多个不同媒体文件，已使用 _2、_3 后缀：宝具1、宝具2
21:18:13 INFO 找到 7 条：宝具卡1.mp3、宝具卡2.mp3、宝具卡3.mp3、宝具1.mp3、宝具2.mp3、宝具1_2.mp3、宝具2_2.mp3
21:18:13 INFO 下载：https://media.fgo.wiki/4/43/216di_npse1.mp3?v=tg5g7sxn20x43361il9a98u2ptykyki
21:18:14 INFO 保存：从者语音\Archer\贞德(Archer)\宝具卡1.mp3
21:18:14 INFO 下载：https://media.fgo.wiki/1/14/216di_npse2.mp3?v=6266bljiuqdbb2hwvml0o3c4qe3vyjo
21:18:15 INFO 保存：从者语音\Archer\贞德(Archer)\宝具卡2.mp3
21:18:15 INFO 下载：https://media.fgo.wiki/7/7e/216di_npse3.mp3?v=r6k6pksz9a8ksf8btaanhvyfahycb51
21:18:16 INFO 保存：从者语音\Archer\贞德(Archer)\宝具卡3.mp3
21:18:16 INFO 下载：https://media.fgo.wiki/2/2b/216di_np1.mp3?v=4hq1s4m3jkzvintup9u0hgsq7wiodkl
21:18:18 INFO 保存：从者语音\Archer\贞德(Archer)\宝具1.mp3
21:18:18 INFO 下载：https://media.fgo.wiki/b/b4/216di_np2.mp3?v=ie4ytiprw3vfqrtz14e27utwog443ar
21:18:20 INFO 保存：从者语音\Archer\贞德(Archer)\宝具2.mp3
21:18:20 INFO 下载：https://media.fgo.wiki/f/f0/21602di_np1.mp3?v=52ebz1rv4qspvqbba97z6penvd92odg
21:18:22 INFO 保存：从者语音\Archer\贞德(Archer)\宝具1_2.mp3
21:18:22 INFO 下载：https://media.fgo.wiki/d/d7/21602di_np2.mp3?v=llvu0r2sk438x1sy7ol97oplilzy0dw
21:18:24 INFO 保存：从者语音\Archer\贞德(Archer)\宝具2_2.mp3
21:18:24 INFO [30/176] Archer / 超人俄里翁（Excel AI2）
21:18:26 INFO 找到 6 条：宝具卡1.mp3、宝具卡2.mp3、宝具1.mp3、宝具2.mp3、宝具3.mp3、宝具4.mp3
21:18:26 INFO 下载：https://media.fgo.wiki/8/82/SV272_0_%E5%AE%9D%E5%85%B7%E5%8D%A11.mp3?v=hz4t5mo7iu0ttzx3t8kgv1dfr3s87cx
21:18:27 INFO 保存：从者语音\Archer\超人俄里翁\宝具卡1.mp3
21:18:27 INFO 下载：https://media.fgo.wiki/2/26/SV272_0_%E5%AE%9D%E5%85%B7%E5%8D%A12.mp3?v=nrx97b45qxwj90m4b254xyjlem0r180
21:18:28 INFO 保存：从者语音\Archer\超人俄里翁\宝具卡2.mp3
21:18:28 INFO 下载：https://media.fgo.wiki/5/5f/SV272_0_%E5%AE%9D%E5%85%B71.mp3?v=q19xpperyp5apn8h4pzmvwh382drc8l
21:18:30 INFO 保存：从者语音\Archer\超人俄里翁\宝具1.mp3
21:18:30 INFO 下载：https://media.fgo.wiki/4/46/SV272_0_%E5%AE%9D%E5%85%B72.mp3?v=0cdgok0hsykomyy9w07nqm1hyiv86cy
21:18:32 INFO 保存：从者语音\Archer\超人俄里翁\宝具2.mp3
21:18:32 INFO 下载：https://media.fgo.wiki/7/7d/SV272_0_%E5%AE%9D%E5%85%B73.mp3?v=tp3ijhc9g09nmkddnih6l7xmlq0si41
21:18:34 INFO 保存：从者语音\Archer\超人俄里翁\宝具3.mp3
21:18:34 INFO 下载：https://media.fgo.wiki/d/d2/SV272_0_%E5%AE%9D%E5%85%B74.mp3?v=4qnyi6eosabgku8st1bnrklslw65q2o
21:18:36 INFO 保存：从者语音\Archer\超人俄里翁\宝具4.mp3
21:18:36 INFO [31/176] Archer / 清少纳言（Excel AJ2）
21:18:38 INFO 找到 7 条：宝具卡1.mp3、宝具卡2.mp3、宝具卡3.mp3、宝具1.mp3、宝具2.mp3、宝具3.mp3、宝具4.mp3
21:18:38 INFO 下载：https://media.fgo.wiki/6/69/SV276_0_%E5%AE%9D%E5%85%B7%E5%8D%A11.mp3?v=gopj6bvbqhyj7s0u1ohjlsjykjn2jnb
21:18:39 INFO 保存：从者语音\Archer\清少纳言\宝具卡1.mp3
21:18:39 INFO 下载：https://media.fgo.wiki/7/7e/SV276_0_%E5%AE%9D%E5%85%B7%E5%8D%A12.mp3?v=9akgvbdiii95xv6g2sy9bea7b2pkmy6
21:18:40 INFO 保存：从者语音\Archer\清少纳言\宝具卡2.mp3
21:18:40 INFO 下载：https://media.fgo.wiki/a/ac/SV276_0_%E5%AE%9D%E5%85%B7%E5%8D%A13.mp3?v=5xao9zw9x7znzhycock9mzozjfcya4c
21:18:41 INFO 保存：从者语音\Archer\清少纳言\宝具卡3.mp3
21:18:41 INFO 下载：https://media.fgo.wiki/1/1e/SV276_0_%E5%AE%9D%E5%85%B71.mp3?v=0k84100qn3ljsx51gvo26unc8dao3ls
21:18:42 INFO 保存：从者语音\Archer\清少纳言\宝具1.mp3
21:18:42 INFO 下载：https://media.fgo.wiki/6/68/SV276_0_%E5%AE%9D%E5%85%B72.mp3?v=2lj2t2tk6p5vlrqdzauv6boudc64r38
21:18:43 INFO 保存：从者语音\Archer\清少纳言\宝具2.mp3
21:18:43 INFO 下载：https://media.fgo.wiki/6/64/SV276_0_%E5%AE%9D%E5%85%B73.mp3?v=i8fpa4cyft2d8dxcbhpi2xirtzjys2z
21:18:44 INFO 保存：从者语音\Archer\清少纳言\宝具3.mp3
21:18:44 INFO 下载：https://media.fgo.wiki/9/94/SV276_0_%E5%AE%9D%E5%85%B74.mp3?v=fk9sjwa29x3rcji22ufxiv74pfdetdf
21:18:45 INFO 保存：从者语音\Archer\清少纳言\宝具4.mp3
21:18:45 INFO [32/176] Archer / 源为朝（Excel AK2）
21:18:47 INFO 找到 7 条：宝具卡1.mp3、宝具卡2.mp3、宝具卡3.mp3、宝具1.mp3、宝具2.mp3、宝具3.mp3、宝具4.mp3
21:18:47 INFO 下载：https://media.fgo.wiki/c/c1/SV350_0_%E5%AE%9D%E5%85%B7%E5%8D%A11.mp3?v=t8mkcu6wmnjpwo0ntd7r4efzvz9a7cl
21:18:48 INFO 保存：从者语音\Archer\源为朝\宝具卡1.mp3
21:18:48 INFO 下载：https://media.fgo.wiki/c/cf/SV350_0_%E5%AE%9D%E5%85%B7%E5%8D%A12.mp3?v=2qd83d5vchjzg7x67ew4zyjem7edlh0
21:18:49 INFO 保存：从者语音\Archer\源为朝\宝具卡2.mp3
21:18:49 INFO 下载：https://media.fgo.wiki/1/17/SV350_0_%E5%AE%9D%E5%85%B7%E5%8D%A13.mp3?v=5l19jid4111vrc7dj91hq6mvpd3pqwh
21:18:50 INFO 保存：从者语音\Archer\源为朝\宝具卡3.mp3
21:18:50 INFO 下载：https://media.fgo.wiki/5/59/SV350_0_%E5%AE%9D%E5%85%B71.mp3?v=acfwz64jp0n4z9x00k88v3e41ghhv8h
21:18:52 INFO 保存：从者语音\Archer\源为朝\宝具1.mp3
21:18:52 INFO 下载：https://media.fgo.wiki/e/e2/SV350_0_%E5%AE%9D%E5%85%B72.mp3?v=rm21v5fd6gb3iy94s52p8begl79yto0
21:18:53 INFO 保存：从者语音\Archer\源为朝\宝具2.mp3
21:18:53 INFO 下载：https://media.fgo.wiki/4/40/SV350_0_%E5%AE%9D%E5%85%B73.mp3?v=ovd9i8b32fdrunj368jwuys1fet2793
21:18:55 INFO 保存：从者语音\Archer\源为朝\宝具3.mp3
21:18:55 INFO 下载：https://media.fgo.wiki/4/4c/SV350_0_%E5%AE%9D%E5%85%B74.mp3?v=i7g1vlyfuzi3ddh90v1a09wt0686s7k
21:18:56 INFO 保存：从者语音\Archer\源为朝\宝具4.mp3
21:18:56 INFO [33/176] Archer / 高杉晋作（Excel AL2）
21:18:58 INFO 同名语音存在多个不同媒体文件，已使用 _2、_3 后缀：宝具卡1、宝具卡2、宝具卡3、宝具1、宝具2、宝具3
21:18:58 INFO 找到 12 条：宝具卡1.mp3、宝具卡2.mp3、宝具卡3.mp3、宝具1.mp3、宝具2.mp3、宝具3.mp3、宝具卡1_2.mp3、宝具卡2_2.mp3、宝具卡3_2.mp3、宝具1_2.mp3、宝具2_2.mp3、宝具3_2.mp3
21:18:58 INFO 下载：https://media.fgo.wiki/5/57/SV375_0_%E5%AE%9D%E5%85%B7%E5%8D%A11.mp3?v=i088imi42ddd1smmbmb65reosdtu9tv
21:18:59 INFO 保存：从者语音\Archer\高杉晋作\宝具卡1.mp3
21:18:59 INFO 下载：https://media.fgo.wiki/6/69/SV375_0_%E5%AE%9D%E5%85%B7%E5%8D%A12.mp3?v=r6lrxrdp1azskal17lcaguiofscscml
21:19:00 INFO 保存：从者语音\Archer\高杉晋作\宝具卡2.mp3
21:19:00 INFO 下载：https://media.fgo.wiki/7/75/SV375_0_%E5%AE%9D%E5%85%B7%E5%8D%A13.mp3?v=m4hcz1m4cvk83dvzsw6dz0gjxae2s8z
21:19:01 INFO 保存：从者语音\Archer\高杉晋作\宝具卡3.mp3
21:19:01 INFO 下载：https://media.fgo.wiki/6/68/SV375_0_%E5%AE%9D%E5%85%B71.mp3?v=n81osvh5vcqqi3h3dwc91hxcna29jlz
21:19:02 INFO 保存：从者语音\Archer\高杉晋作\宝具1.mp3
21:19:02 INFO 下载：https://media.fgo.wiki/0/0f/SV375_0_%E5%AE%9D%E5%85%B72.mp3?v=lguc9c1oip93k8m889dgyhgvbjy8m5c
21:19:03 INFO 保存：从者语音\Archer\高杉晋作\宝具2.mp3
21:19:03 INFO 下载：https://media.fgo.wiki/9/91/SV375_0_%E5%AE%9D%E5%85%B73.mp3?v=3e6k6d7u27htpiopmkegd6822cs8yp2
21:19:04 INFO 保存：从者语音\Archer\高杉晋作\宝具3.mp3
21:19:04 INFO 下载：https://media.fgo.wiki/c/c8/SV375_2_%E5%AE%9D%E5%85%B7%E5%8D%A11.mp3?v=7m9rr7e89fuurvuyrh5oiftvjf0i62q
21:19:05 INFO 保存：从者语音\Archer\高杉晋作\宝具卡1_2.mp3
21:19:05 INFO 下载：https://media.fgo.wiki/9/9e/SV375_2_%E5%AE%9D%E5%85%B7%E5%8D%A12.mp3?v=ecndkbzazhy7kvnmr5eyp5zvbzo3o9d
21:19:06 INFO 保存：从者语音\Archer\高杉晋作\宝具卡2_2.mp3
21:19:06 INFO 下载：https://media.fgo.wiki/d/d9/SV375_2_%E5%AE%9D%E5%85%B7%E5%8D%A13.mp3?v=p6np4g1ujss2ixvcthjzi06ceu7ui76
21:19:07 INFO 保存：从者语音\Archer\高杉晋作\宝具卡3_2.mp3
21:19:07 INFO 下载：https://media.fgo.wiki/2/27/SV375_2_%E5%AE%9D%E5%85%B71.mp3?v=0h8ix5zy1o5hp9wbl78wnigvta5g2j1
21:19:09 INFO 保存：从者语音\Archer\高杉晋作\宝具1_2.mp3
21:19:09 INFO 下载：https://media.fgo.wiki/a/a3/SV375_2_%E5%AE%9D%E5%85%B72.mp3?v=6b3234hpkmznll4r7ay9g5taj9n3nqc
21:19:10 INFO 保存：从者语音\Archer\高杉晋作\宝具2_2.mp3
21:19:10 INFO 下载：https://media.fgo.wiki/4/4e/SV375_2_%E5%AE%9D%E5%85%B73.mp3?v=dxlujlc71kmmo3254u0sv80g92ur63d
21:19:11 INFO 保存：从者语音\Archer\高杉晋作\宝具3_2.mp3
21:19:11 INFO [34/176] Archer / 托勒密（Excel AM2）
21:19:13 INFO 同名语音存在多个不同媒体文件，已使用 _2、_3 后缀：宝具卡1、宝具卡2、宝具卡3、宝具1、宝具2
21:19:13 INFO 找到 10 条：宝具卡1.mp3、宝具卡2.mp3、宝具卡3.mp3、宝具1.mp3、宝具2.mp3、宝具卡1_2.mp3、宝具卡2_2.mp3、宝具卡3_2.mp3、宝具1_2.mp3、宝具2_2.mp3
21:19:13 INFO 下载：https://media.fgo.wiki/2/22/SV394_0_%E5%AE%9D%E5%85%B7%E5%8D%A11.mp3?v=ldcdxr5sbbo5dt30k1gakfgd2tl5qlk
21:19:14 INFO 保存：从者语音\Archer\托勒密\宝具卡1.mp3
21:19:14 INFO 下载：https://media.fgo.wiki/a/ac/SV394_0_%E5%AE%9D%E5%85%B7%E5%8D%A12.mp3?v=gl0rctetxodt50shjxtejacmv58v2my
21:19:15 INFO 保存：从者语音\Archer\托勒密\宝具卡2.mp3
21:19:15 INFO 下载：https://media.fgo.wiki/9/9f/SV394_0_%E5%AE%9D%E5%85%B7%E5%8D%A13.mp3?v=mocro4qal8t5efh4l04jre4me0wh9il
21:19:16 INFO 保存：从者语音\Archer\托勒密\宝具卡3.mp3
21:19:16 INFO 下载：https://media.fgo.wiki/e/ed/SV394_0_%E5%AE%9D%E5%85%B71.mp3?v=mu889zs2zovn40txhoagm98pe2lv94c
21:19:17 INFO 保存：从者语音\Archer\托勒密\宝具1.mp3
21:19:17 INFO 下载：https://media.fgo.wiki/d/d9/SV394_0_%E5%AE%9D%E5%85%B72.mp3?v=n5gz3eios0174xwo96k7bf6vvp8by7q
21:19:18 INFO 保存：从者语音\Archer\托勒密\宝具2.mp3
21:19:18 INFO 下载：https://media.fgo.wiki/5/5d/SV394_2_%E5%AE%9D%E5%85%B7%E5%8D%A11.mp3?v=1lm1akc1rv3xrwl4xb1gmcgjzv4hmtd
21:19:19 INFO 保存：从者语音\Archer\托勒密\宝具卡1_2.mp3
21:19:19 INFO 下载：https://media.fgo.wiki/b/b6/SV394_2_%E5%AE%9D%E5%85%B7%E5%8D%A12.mp3?v=buv973a3xr5s0s98yvs6oyxzbvpznk0
21:19:20 INFO 保存：从者语音\Archer\托勒密\宝具卡2_2.mp3
21:19:20 INFO 下载：https://media.fgo.wiki/6/66/SV394_2_%E5%AE%9D%E5%85%B7%E5%8D%A13.mp3?v=0ejvr516ep2azsk0800a0ffcmwyc5ma
21:19:20 INFO 保存：从者语音\Archer\托勒密\宝具卡3_2.mp3
21:19:20 INFO 下载：https://media.fgo.wiki/5/53/SV394_2_%E5%AE%9D%E5%85%B71.mp3?v=7k1ixvsq4nw571e4secxvb481xs009d
21:19:22 INFO 保存：从者语音\Archer\托勒密\宝具1_2.mp3
21:19:22 INFO 下载：https://media.fgo.wiki/7/79/SV394_2_%E5%AE%9D%E5%85%B72.mp3?v=j03ijcbz0w0qwvodq0oux4pu0mocfzn
21:19:23 INFO 保存：从者语音\Archer\托勒密\宝具2_2.mp3
21:19:23 INFO [35/176] Archer / 杜尔伽（Excel AN2）
21:19:25 INFO 同名语音存在多个不同媒体文件，已使用 _2、_3 后缀：宝具卡1、宝具卡2、宝具1、宝具2、宝具3
21:19:25 INFO 找到 11 条：宝具卡1.mp3、宝具卡2.mp3、宝具卡3.mp3、宝具1.mp3、宝具2.mp3、宝具3.mp3、宝具卡1_2.mp3、宝具卡2_2.mp3、宝具1_2.mp3、宝具2_2.mp3、宝具3_2.mp3
21:19:25 INFO 下载：https://media.fgo.wiki/2/28/SV383_0_%E5%AE%9D%E5%85%B7%E5%8D%A11.mp3?v=mxwhhjjeqjmtsb0crctzhldwba3ita8
21:19:26 INFO 保存：从者语音\Archer\杜尔伽\宝具卡1.mp3
21:19:26 INFO 下载：https://media.fgo.wiki/8/85/SV383_0_%E5%AE%9D%E5%85%B7%E5%8D%A12.mp3?v=clquvyh0df8gwt3afkrbwl2rn5upqsw
21:19:26 INFO 保存：从者语音\Archer\杜尔伽\宝具卡2.mp3
21:19:26 INFO 下载：https://media.fgo.wiki/0/0f/SV383_0_%E5%AE%9D%E5%85%B7%E5%8D%A13.mp3?v=g337qt4201ybzmlgsz243yhmqtmb3qf
21:19:27 INFO 保存：从者语音\Archer\杜尔伽\宝具卡3.mp3
21:19:27 INFO 下载：https://media.fgo.wiki/3/3e/SV383_0_%E5%AE%9D%E5%85%B71.mp3?v=4w7xptn1yr7a1z5lki0k5i1rvqm397i
21:19:29 INFO 保存：从者语音\Archer\杜尔伽\宝具1.mp3
21:19:29 INFO 下载：https://media.fgo.wiki/e/e3/SV383_0_%E5%AE%9D%E5%85%B72.mp3?v=okx7slb70bnd6470k175846pbnik8e4
21:19:30 INFO 保存：从者语音\Archer\杜尔伽\宝具2.mp3
21:19:30 INFO 下载：https://media.fgo.wiki/1/10/SV383_0_%E5%AE%9D%E5%85%B73.mp3?v=plyof7jfcsqwvxnioy5mxrqsqfce0b4
21:19:31 INFO 保存：从者语音\Archer\杜尔伽\宝具3.mp3
21:19:31 INFO 下载：https://media.fgo.wiki/e/e6/SV383_2_%E5%AE%9D%E5%85%B7%E5%8D%A11.mp3?v=8d666xh2a2hcjp8kal1c25fo6917lol
21:19:32 INFO 保存：从者语音\Archer\杜尔伽\宝具卡1_2.mp3
21:19:32 INFO 下载：https://media.fgo.wiki/1/1b/SV383_2_%E5%AE%9D%E5%85%B7%E5%8D%A12.mp3?v=19hmo6w1kw8fpnjq2orx8tslrz004rq
21:19:33 INFO 保存：从者语音\Archer\杜尔伽\宝具卡2_2.mp3
21:19:33 INFO 下载：https://media.fgo.wiki/6/62/SV383_2_%E5%AE%9D%E5%85%B71.mp3?v=kog35pri6myfycb6hjxc6fu72k9khwe
21:19:34 INFO 保存：从者语音\Archer\杜尔伽\宝具1_2.mp3
21:19:34 INFO 下载：https://media.fgo.wiki/f/f5/SV383_2_%E5%AE%9D%E5%85%B72.mp3?v=pf9m54u6ledcgppd6s8dyo4i6zaea1t
21:19:36 INFO 保存：从者语音\Archer\杜尔伽\宝具2_2.mp3
21:19:36 INFO 下载：https://media.fgo.wiki/d/d7/SV383_2_%E5%AE%9D%E5%85%B73.mp3?v=2yq6lx6kk3twg1ijmnt66l4qj9skvh1
21:19:37 INFO 保存：从者语音\Archer\杜尔伽\宝具3_2.mp3
21:19:37 INFO [36/176] Archer / 图坦卡蒙（Excel AO2）
21:19:39 INFO 同名语音存在多个不同媒体文件，已使用 _2、_3 后缀：宝具卡1、宝具卡2、宝具卡3、宝具1、宝具2、宝具3
21:19:39 INFO 找到 12 条：宝具卡1.mp3、宝具卡2.mp3、宝具卡3.mp3、宝具1.mp3、宝具2.mp3、宝具3.mp3、宝具卡1_2.mp3、宝具卡2_2.mp3、宝具卡3_2.mp3、宝具1_2.mp3、宝具2_2.mp3、宝具3_2.mp3
21:19:39 INFO 下载：https://media.fgo.wiki/1/11/SV427_0_%E5%AE%9D%E5%85%B7%E5%8D%A11.mp3?v=915fkgf3zaqotyn300omlv496yryspn
21:19:40 INFO 保存：从者语音\Archer\图坦卡蒙\宝具卡1.mp3
21:19:40 INFO 下载：https://media.fgo.wiki/5/50/SV427_0_%E5%AE%9D%E5%85%B7%E5%8D%A12.mp3?v=thtfttk71d6jshi3efmqp7kt33j75ag
21:19:40 INFO 保存：从者语音\Archer\图坦卡蒙\宝具卡2.mp3
21:19:40 INFO 下载：https://media.fgo.wiki/c/c6/SV427_0_%E5%AE%9D%E5%85%B7%E5%8D%A13.mp3?v=pdj7h3qi5hfh4sy06w74wwjobvt4ygq
21:19:41 INFO 保存：从者语音\Archer\图坦卡蒙\宝具卡3.mp3
21:19:41 INFO 下载：https://media.fgo.wiki/7/7f/SV427_0_%E5%AE%9D%E5%85%B71.mp3?v=9fyr6b48o5hhj3hbse6pvb4fsfxjpbl
21:19:42 INFO 保存：从者语音\Archer\图坦卡蒙\宝具1.mp3
21:19:42 INFO 下载：https://media.fgo.wiki/6/6d/SV427_0_%E5%AE%9D%E5%85%B72.mp3?v=9k32vbeekwbbor23qfjqh9al1tjtgc5
21:19:44 INFO 保存：从者语音\Archer\图坦卡蒙\宝具2.mp3
21:19:44 INFO 下载：https://media.fgo.wiki/7/73/SV427_0_%E5%AE%9D%E5%85%B73.mp3?v=l1u64mj6xnkxcbsthczyqki4e20jomz
21:19:45 INFO 保存：从者语音\Archer\图坦卡蒙\宝具3.mp3
21:19:45 INFO 下载：https://media.fgo.wiki/d/d6/SV427_2_%E5%AE%9D%E5%85%B7%E5%8D%A11.mp3?v=nb4482m5akv0vdymgooh18xqrf7fkxq
21:19:46 INFO 保存：从者语音\Archer\图坦卡蒙\宝具卡1_2.mp3
21:19:46 INFO 下载：https://media.fgo.wiki/5/55/SV427_2_%E5%AE%9D%E5%85%B7%E5%8D%A12.mp3?v=pwrd33287e3kz9mob7cu4s8a69en3lj
21:19:46 INFO 保存：从者语音\Archer\图坦卡蒙\宝具卡2_2.mp3
21:19:46 INFO 下载：https://media.fgo.wiki/4/4f/SV427_2_%E5%AE%9D%E5%85%B7%E5%8D%A13.mp3?v=6rr47l1en3vtwmza2g23gbmdmi6e4st
21:19:47 INFO 保存：从者语音\Archer\图坦卡蒙\宝具卡3_2.mp3
21:19:47 INFO 下载：https://media.fgo.wiki/b/b8/SV427_2_%E5%AE%9D%E5%85%B71.mp3?v=rhumkrob84v8pgcwfvzagurfcw2hn46
21:19:48 INFO 保存：从者语音\Archer\图坦卡蒙\宝具1_2.mp3
21:19:48 INFO 下载：https://media.fgo.wiki/2/24/SV427_2_%E5%AE%9D%E5%85%B72.mp3?v=qy8jbmgzrufom5ha1qhnikg9fxwty50
21:19:50 INFO 保存：从者语音\Archer\图坦卡蒙\宝具2_2.mp3
21:19:50 INFO 下载：https://media.fgo.wiki/a/a4/SV427_2_%E5%AE%9D%E5%85%B73.mp3?v=rgv7pa3w5im5auju871unft800jvkac
21:22:38 WARNING 请求失败，1.7 秒后重试 (1/5)：https://media.fgo.wiki/a/a4/SV427_2_%E5%AE%9D%E5%85%B73.mp3?v=rgv7pa3w5im5auju871unft800jvkac；<urlopen error [WinError 10060] 由于连接方在一段时间后没有正确答复或连接的主机没有反应，连接尝试失败。>
21:25:28 WARNING 请求失败，2.8 秒后重试 (2/5)：https://media.fgo.wiki/a/a4/SV427_2_%E5%AE%9D%E5%85%B73.mp3?v=rgv7pa3w5im5auju871unft800jvkac；<urlopen error [WinError 10060] 由于连接方在一段时间后没有正确答复或连接的主机没有反应，连接尝试失败。>
21:25:33 INFO 保存：从者语音\Archer\图坦卡蒙\宝具3_2.mp3
21:25:33 INFO [37/176] Lancer / 斯卡哈（Excel AQ2）
21:28:22 WARNING 请求失败，1.8 秒后重试 (1/5)：https://fgo.wiki/w/%E6%96%AF%E5%8D%A1%E5%93%88/%E8%AF%AD%E9%9F%B3；<urlopen error [WinError 10060] 由于连接方在一段时间后没有正确答复或连接的主机没有反应，连接尝试失败。>
21:28:26 INFO 同名语音存在多个不同媒体文件，已使用 _2、_3 后缀：宝具卡1、宝具卡2、宝具卡3
21:28:26 INFO 找到 9 条：宝具卡1.mp3、宝具卡2.mp3、宝具卡3.mp3、宝具1.mp3、宝具2.mp3、宝具3.mp3、宝具卡1_2.mp3、宝具卡2_2.mp3、宝具卡3_2.mp3
21:28:26 INFO 下载：https://media.fgo.wiki/4/45/070di_npse.mp3?v=m5vh2iwc0hkwigk7o2nt0sio60vx7do
21:28:27 INFO 保存：从者语音\Lancer\斯卡哈\宝具卡1.mp3
21:28:27 INFO 下载：https://media.fgo.wiki/c/c9/SV70_0_%E5%AE%9D%E5%85%B7%E5%8D%A12.mp3?v=e1a69xdqlv6kfquulfrxsru8kemy4li
21:28:29 INFO 保存：从者语音\Lancer\斯卡哈\宝具卡2.mp3
21:28:29 INFO 下载：https://media.fgo.wiki/9/9f/SV70_0_%E5%AE%9D%E5%85%B7%E5%8D%A13.mp3?v=qhq550yg33b1dd07kwv40j60wp4mfvq
21:28:30 INFO 保存：从者语音\Lancer\斯卡哈\宝具卡3.mp3
21:28:30 INFO 下载：https://media.fgo.wiki/7/78/070di_np.mp3?v=ei0j5sa8qg3kpd0a9w04l17rwhje23y
21:28:31 INFO 保存：从者语音\Lancer\斯卡哈\宝具1.mp3
21:28:31 INFO 下载：https://media.fgo.wiki/a/aa/SV70_0_%E5%AE%9D%E5%85%B72.mp3?v=qozy4kf3pnex6grt5ano01w9u6vmpqt
21:28:32 INFO 保存：从者语音\Lancer\斯卡哈\宝具2.mp3
21:28:32 INFO 下载：https://media.fgo.wiki/7/72/SV70_0_%E5%AE%9D%E5%85%B73.mp3?v=62yx33m97hrienxv9xfk0esqaojac2f
21:28:33 INFO 保存：从者语音\Lancer\斯卡哈\宝具3.mp3
21:28:33 INFO 下载：https://media.fgo.wiki/0/0c/SV70_11_%E5%AE%9D%E5%85%B7%E5%8D%A11.mp3?v=hbgdmmjm0ulrr0m9pt1bc6vn7zmg8ib
21:28:35 INFO 保存：从者语音\Lancer\斯卡哈\宝具卡1_2.mp3
21:28:35 INFO 下载：https://media.fgo.wiki/0/08/SV70_11_%E5%AE%9D%E5%85%B7%E5%8D%A12.mp3?v=kbxjh4qcqksg9du177en2mqy0o5f3jc
21:28:36 INFO 保存：从者语音\Lancer\斯卡哈\宝具卡2_2.mp3
21:28:36 INFO 下载：https://media.fgo.wiki/4/4c/SV70_11_%E5%AE%9D%E5%85%B7%E5%8D%A13.mp3?v=fj1l3i48ij71skvbmy9x2qrapfhp27s
21:28:36 INFO 保存：从者语音\Lancer\斯卡哈\宝具卡3_2.mp3
21:28:36 INFO [38/176] Lancer / 迦尔纳（Excel AR2）
21:28:38 INFO 同名语音存在多个不同媒体文件，已使用 _2、_3 后缀：宝具卡1、宝具卡2
21:28:38 INFO 找到 8 条：宝具卡1.mp3、宝具卡2.mp3、宝具1.mp3、宝具2.mp3、宝具卡1_2.mp3、宝具卡2_2.mp3、宝具卡1_3.mp3、宝具卡2_3.mp3
21:28:38 INFO 下载：https://media.fgo.wiki/a/a4/085di_npse.mp3?v=k0t9zbqhey65mg0xtqxxj8dyrq87vt1
21:28:39 INFO 保存：从者语音\Lancer\迦尔纳\宝具卡1.mp3
21:28:39 INFO 下载：https://media.fgo.wiki/3/3c/SV85_0_%E5%AE%9D%E5%85%B7%E5%8D%A12.mp3?v=kveesucn8sgr1gcropw4hgydsp75ur9
21:28:40 INFO 保存：从者语音\Lancer\迦尔纳\宝具卡2.mp3
21:28:40 INFO 下载：https://media.fgo.wiki/3/31/085di_np.mp3?v=0jgrg6cw63etwjpny25qba6c1xqoa7s
21:28:42 INFO 保存：从者语音\Lancer\迦尔纳\宝具1.mp3
21:28:42 INFO 下载：https://media.fgo.wiki/c/cf/SV85_0_%E5%AE%9D%E5%85%B72.mp3?v=igc6n72elklinim2nf9xg7sy1aip2i3
21:28:43 INFO 保存：从者语音\Lancer\迦尔纳\宝具2.mp3
21:28:43 INFO 下载：https://media.fgo.wiki/8/80/SV85_11_%E5%AE%9D%E5%85%B7%E5%8D%A11.mp3?v=m1jt543lze23isaqovtmh5i3o9diesq
21:28:44 INFO 保存：从者语音\Lancer\迦尔纳\宝具卡1_2.mp3
21:28:44 INFO 下载：https://media.fgo.wiki/7/7d/SV85_11_%E5%AE%9D%E5%85%B7%E5%8D%A12.mp3?v=0330e8vt946zf1ietojdjkofu6xeo6g
21:28:44 INFO 保存：从者语音\Lancer\迦尔纳\宝具卡2_2.mp3
21:28:44 INFO 下载：https://media.fgo.wiki/b/bc/SV85_13_%E5%AE%9D%E5%85%B7%E5%8D%A11.mp3?v=5nepsh75klq10wwv69jqab761pqszcf
21:28:45 INFO 保存：从者语音\Lancer\迦尔纳\宝具卡1_3.mp3
21:28:45 INFO 下载：https://media.fgo.wiki/5/57/SV85_13_%E5%AE%9D%E5%85%B7%E5%8D%A12.mp3?v=6m7cr9dukutumr97opyr984jblw5qef
21:28:46 INFO 保存：从者语音\Lancer\迦尔纳\宝具卡2_3.mp3
21:28:46 INFO [39/176] Lancer / 布伦希尔德（Excel AS2）
21:28:48 INFO 找到 5 条：宝具卡1.mp3、宝具卡2.mp3、宝具卡3.mp3、宝具1.mp3、宝具2.mp3
21:28:48 INFO 下载：https://media.fgo.wiki/5/5b/%E5%B8%83%E4%BC%A6%E5%B8%8C%E5%B0%94%E5%BE%B7%E8%AF%AD%E9%9F%B3_%E5%AE%9D%E5%85%B7%E5%8D%A1.mp3?v=eljyu5d1ndl6lsziixhrgw68zsbzya9
21:28:49 INFO 保存：从者语音\Lancer\布伦希尔德\宝具卡1.mp3
21:28:49 INFO 下载：https://media.fgo.wiki/f/f8/088di_npse2.mp3?v=99e01sljnvw4wr1gmghooddr7fi2jkc
21:28:50 INFO 保存：从者语音\Lancer\布伦希尔德\宝具卡2.mp3
21:28:50 INFO 下载：https://media.fgo.wiki/d/d5/088di_npse3.mp3?v=6f18ifne2fr4yn1awdyw2iad1zpcq4z
21:28:51 INFO 保存：从者语音\Lancer\布伦希尔德\宝具卡3.mp3
21:28:51 INFO 下载：https://media.fgo.wiki/7/7d/%E5%B8%83%E4%BC%A6%E5%B8%8C%E5%B0%94%E5%BE%B7%E8%AF%AD%E9%9F%B3_%E5%AE%9D%E5%85%B7.mp3?v=gzl3rtmd4i8rgwe48knetbdtavb9dil
21:28:53 INFO 保存：从者语音\Lancer\布伦希尔德\宝具1.mp3
21:28:53 INFO 下载：https://media.fgo.wiki/d/da/088di_np2.mp3?v=ps4pm2wjvvy30luzk5cbg8oqvjqa0h2
21:28:54 INFO 保存：从者语音\Lancer\布伦希尔德\宝具2.mp3
21:28:54 INFO [40/176] Lancer / 阿尔托莉雅·潘德拉贡(Lancer)（Excel AT2）
21:28:56 INFO 同名语音存在多个不同媒体文件，已使用 _2、_3 后缀：宝具1
21:28:56 INFO 找到 5 条：宝具卡1.mp3、宝具卡2.mp3、宝具1.mp3、宝具2.mp3、宝具1_2.mp3
21:28:56 INFO 下载：https://media.fgo.wiki/9/9d/119di_npse.mp3?v=rldr6c5z723xkvmlco3gnk0be8sg9q2
21:28:57 INFO 保存：从者语音\Lancer\阿尔托莉雅·潘德拉贡(Lancer)\宝具卡1.mp3
21:28:57 INFO 下载：https://media.fgo.wiki/0/0e/SV119_0_%E5%AE%9D%E5%85%B7%E5%8D%A12.mp3?v=ralpiuz6k1j8huvmg9nc083g4si32wm
21:28:58 INFO 保存：从者语音\Lancer\阿尔托莉雅·潘德拉贡(Lancer)\宝具卡2.mp3
21:28:58 INFO 下载：https://media.fgo.wiki/9/93/119di_np.mp3?v=33895frab4poz5emmns8ud9ohi8nx3z
21:29:00 INFO 保存：从者语音\Lancer\阿尔托莉雅·潘德拉贡(Lancer)\宝具1.mp3
21:29:00 INFO 下载：https://media.fgo.wiki/3/32/SV119_0_%E5%AE%9D%E5%85%B72.mp3?v=1ncvy5uzg0nya2q4am5cwj3sgt80lxv
21:29:01 INFO 保存：从者语音\Lancer\阿尔托莉雅·潘德拉贡(Lancer)\宝具2.mp3
21:29:01 INFO 下载：https://media.fgo.wiki/0/06/%E7%8B%AE%E5%AD%90%E7%8E%8B%E5%AE%9D%E5%85%B7.ogg?v=ovgh7l92xtguif5kzklsmcpjekmql72
21:29:03 INFO 保存：从者语音\Lancer\阿尔托莉雅·潘德拉贡(Lancer)\宝具1_2.mp3
21:29:03 INFO [41/176] Lancer / 玉藻前(Lancer)（Excel AU2）
21:29:05 INFO 找到 3 条：宝具卡1.mp3、宝具卡2.mp3、宝具1.mp3
21:29:05 INFO 下载：https://media.fgo.wiki/4/45/128di_npse1.mp3?v=7l9i3lph5fl96l7fpnzd2or42vx11to
21:29:06 INFO 保存：从者语音\Lancer\玉藻前(Lancer)\宝具卡1.mp3
21:29:06 INFO 下载：https://media.fgo.wiki/3/30/128di_npse2.mp3?v=1870oup6m473cswqlo37xwe7sakogox
21:29:07 INFO 保存：从者语音\Lancer\玉藻前(Lancer)\宝具卡2.mp3
21:29:07 INFO 下载：https://media.fgo.wiki/4/49/128di_np.mp3?v=8purrulrzelkve55kf6agmdqqjvf00n
21:29:09 INFO 保存：从者语音\Lancer\玉藻前(Lancer)\宝具1.mp3
21:29:09 INFO [42/176] Lancer / 恩奇都（Excel AV2）
21:29:11 INFO 同名语音存在多个不同媒体文件，已使用 _2、_3 后缀：宝具1
21:29:11 INFO 找到 3 条：宝具卡1.mp3、宝具1.mp3、宝具1_2.mp3
21:29:11 INFO 下载：https://media.fgo.wiki/f/f5/143di_npse.mp3?v=cpjpqcbt69vyxlptshcwz6n8la7r3hu
21:29:13 INFO 保存：从者语音\Lancer\恩奇都\宝具卡1.mp3
21:29:13 INFO 下载：https://media.fgo.wiki/9/93/143di_np.mp3?v=32zr04etn3u7ugg1rcxgvbyy2cg1305
21:29:15 INFO 保存：从者语音\Lancer\恩奇都\宝具1.mp3
21:29:15 INFO 下载：https://media.fgo.wiki/7/77/JG_BBG.mp3?v=9wecg98zmdz1qd9cgx92ieu6fh95b33
21:29:17 INFO 保存：从者语音\Lancer\恩奇都\宝具1_2.mp3
21:29:17 INFO [43/176] Lancer / 埃列什基伽勒（Excel AW2）
21:29:19 INFO 同名语音存在多个不同媒体文件，已使用 _2、_3 后缀：宝具卡1、宝具卡2、宝具卡3、宝具1
21:29:19 INFO 找到 9 条：宝具卡1.mp3、宝具卡2.mp3、宝具卡3.mp3、宝具1.mp3、宝具2.mp3、宝具卡1_2.mp3、宝具卡2_2.mp3、宝具卡3_2.mp3、宝具1_2.mp3
21:29:19 INFO 下载：https://media.fgo.wiki/c/c6/%E5%9F%83%E5%88%97%E4%BB%80%E5%9F%BA%E4%BC%BD%E5%8B%92-%E5%AE%9D%E5%85%B7%E5%8D%A11.ogg?v=g1lvyusd3xag2wb82miqgh6fiuc7fah
21:29:20 INFO 保存：从者语音\Lancer\埃列什基伽勒\宝具卡1.mp3
21:29:20 INFO 下载：https://media.fgo.wiki/6/67/%E5%9F%83%E5%88%97%E4%BB%80%E5%9F%BA%E4%BC%BD%E5%8B%92-%E5%AE%9D%E5%85%B7%E5%8D%A12.ogg?v=7pekug7g67xa9h6kxakb68fq7vb3o3k
21:29:21 INFO 保存：从者语音\Lancer\埃列什基伽勒\宝具卡2.mp3
21:29:21 INFO 下载：https://media.fgo.wiki/9/92/%E5%9F%83%E5%88%97%E4%BB%80%E5%9F%BA%E4%BC%BD%E5%8B%92-%E5%AE%9D%E5%85%B7%E5%8D%A13.ogg?v=kggr6d1v3gct4oxsyh6q5rpiyyu7q4s
21:29:21 INFO 保存：从者语音\Lancer\埃列什基伽勒\宝具卡3.mp3
21:29:21 INFO 下载：https://media.fgo.wiki/3/3e/%E5%9F%83%E5%88%97%E4%BB%80%E5%9F%BA%E4%BC%BD%E5%8B%92-%E5%AE%9D%E5%85%B71.ogg?v=e4g6zooagy48rkra4g3qzht2sco03bt
21:29:23 INFO 保存：从者语音\Lancer\埃列什基伽勒\宝具1.mp3
21:29:23 INFO 下载：https://media.fgo.wiki/6/6e/%E5%9F%83%E5%88%97%E4%BB%80%E5%9F%BA%E4%BC%BD%E5%8B%92-%E5%AE%9D%E5%85%B72.ogg?v=ptq4z6s626wd1vvj1ghh6f9lm9pt8o1
21:29:24 INFO 保存：从者语音\Lancer\埃列什基伽勒\宝具2.mp3
21:29:24 INFO 下载：https://media.fgo.wiki/d/da/SV196_11_%E5%AE%9D%E5%85%B7%E5%8D%A11.mp3?v=q7g7gjacqdilwkwqns4ak00d32hb98x
21:29:25 INFO 保存：从者语音\Lancer\埃列什基伽勒\宝具卡1_2.mp3
21:29:25 INFO 下载：https://media.fgo.wiki/8/8f/SV196_11_%E5%AE%9D%E5%85%B7%E5%8D%A12.mp3?v=boq3q5alio7hzx5u6rpao38yrddwcm6
21:29:26 INFO 保存：从者语音\Lancer\埃列什基伽勒\宝具卡2_2.mp3
21:29:26 INFO 下载：https://media.fgo.wiki/4/44/SV196_11_%E5%AE%9D%E5%85%B7%E5%8D%A13.mp3?v=367reudf2qa0p4o99u7nlr90m7dtrid
21:32:15 WARNING 请求失败，1.5 秒后重试 (1/5)：https://media.fgo.wiki/4/44/SV196_11_%E5%AE%9D%E5%85%B7%E5%8D%A13.mp3?v=367reudf2qa0p4o99u7nlr90m7dtrid；<urlopen error [WinError 10060] 由于连接方在一段时间后没有正确答复或连接的主机没有反应，连接尝试失败。>
21:32:18 INFO 保存：从者语音\Lancer\埃列什基伽勒\宝具卡3_2.mp3
21:32:18 INFO 下载：https://media.fgo.wiki/d/d8/%E5%9F%83%E5%88%97%E4%BB%80%E5%9F%BA%E4%BC%BD%E5%8B%92_%E5%A4%A7%E5%B9%BD%E7%81%B5_%E5%AE%9D%E5%85%B7.mp3?v=2ft4z81bhp52dvzl2aku88i8h0pb711
21:32:19 INFO 保存：从者语音\Lancer\埃列什基伽勒\宝具1_2.mp3
21:32:19 INFO [44/176] Lancer / 布拉达曼特（Excel AX2）
21:33:49 WARNING 请求失败，1.7 秒后重试 (1/5)：https://fgo.wiki/w/%E5%B8%83%E6%8B%89%E8%BE%BE%E6%9B%BC%E7%89%B9/%E8%AF%AD%E9%9F%B3；<urlopen error _ssl.c:1015: The handshake operation timed out>
21:33:53 INFO 找到 3 条：宝具卡1.mp3、宝具1.mp3、宝具2.mp3
21:33:53 INFO 下载：https://media.fgo.wiki/9/96/232di_npse.mp3?v=1sfc3wpdb73tgw1wr6ujaxnkkij51au
21:33:55 INFO 保存：从者语音\Lancer\布拉达曼特\宝具卡1.mp3
21:33:55 INFO 下载：https://media.fgo.wiki/e/e2/232di_np1.mp3?v=3efvbbgp6hez4qvevpn2vduj2ufoo1b
21:33:56 INFO 保存：从者语音\Lancer\布拉达曼特\宝具1.mp3
21:33:56 INFO 下载：https://media.fgo.wiki/e/e4/232di_np2.mp3?v=ey79faxw3u5vn7okfl3s5wklu540qsb
21:33:58 INFO 保存：从者语音\Lancer\布拉达曼特\宝具2.mp3
21:33:58 INFO [45/176] Lancer / 罗穆路斯·奎里努斯（Excel AY2）
21:34:00 INFO 找到 6 条：宝具卡1.mp3、宝具卡2.mp3、宝具卡3.mp3、宝具卡4.mp3、宝具1.mp3、宝具2.mp3
21:34:00 INFO 下载：https://media.fgo.wiki/e/ef/SV280_0_%E5%AE%9D%E5%85%B7%E5%8D%A11.mp3?v=l69tc5aq8c9v2eb3181t133vzaqcv6k
21:34:01 INFO 保存：从者语音\Lancer\罗穆路斯·奎里努斯\宝具卡1.mp3
21:34:01 INFO 下载：https://media.fgo.wiki/2/2b/SV280_0_%E5%AE%9D%E5%85%B7%E5%8D%A12.mp3?v=mr2syk7awd9y93l61bvxh670g9mu26m
21:34:02 INFO 保存：从者语音\Lancer\罗穆路斯·奎里努斯\宝具卡2.mp3
21:34:02 INFO 下载：https://media.fgo.wiki/e/e2/SV280_0_%E5%AE%9D%E5%85%B7%E5%8D%A13.mp3?v=c8a99suhngptxa894rlu6l40l92ykiz
21:34:02 INFO 保存：从者语音\Lancer\罗穆路斯·奎里努斯\宝具卡3.mp3
21:34:02 INFO 下载：https://media.fgo.wiki/5/54/SV280_0_%E5%AE%9D%E5%85%B7%E5%8D%A14.mp3?v=shtk43dgazonzenm7rgq5e0oa3o1om6
21:34:03 INFO 保存：从者语音\Lancer\罗穆路斯·奎里努斯\宝具卡4.mp3
21:34:03 INFO 下载：https://media.fgo.wiki/a/a9/SV280_0_%E5%AE%9D%E5%85%B71.mp3?v=4ku1nmuklkgmpinoxf9gexsyorks04f
21:34:04 INFO 保存：从者语音\Lancer\罗穆路斯·奎里努斯\宝具1.mp3
21:34:04 INFO 下载：https://media.fgo.wiki/4/4b/SV280_0_%E5%AE%9D%E5%85%B72.mp3?v=d07r60y32r5a7yp68ww0bnzhj56owdw
21:34:05 INFO 保存：从者语音\Lancer\罗穆路斯·奎里努斯\宝具2.mp3
21:34:05 INFO [46/176] Lancer / 弗栗多（Excel AZ2）
21:34:07 INFO 找到 5 条：宝具卡1.mp3、宝具卡2.mp3、宝具1.mp3、宝具2.mp3、宝具3.mp3
21:34:07 INFO 下载：https://media.fgo.wiki/6/6e/SV300_0_%E5%AE%9D%E5%85%B7%E5%8D%A11.mp3?v=n0ynxq3exb0mdm29ex0xivz24h51bsw
21:34:08 INFO 保存：从者语音\Lancer\弗栗多\宝具卡1.mp3
21:34:08 INFO 下载：https://media.fgo.wiki/8/89/SV300_0_%E5%AE%9D%E5%85%B7%E5%8D%A12.mp3?v=c2rpk0c6mssqjiv9teojdih0ai7uuie
21:34:09 INFO 保存：从者语音\Lancer\弗栗多\宝具卡2.mp3
21:34:09 INFO 下载：https://media.fgo.wiki/0/0c/SV300_0_%E5%AE%9D%E5%85%B71.mp3?v=a7shd2vof2hglob7fe3qvi7iw3ju6y2
21:34:10 INFO 保存：从者语音\Lancer\弗栗多\宝具1.mp3
21:34:10 INFO 下载：https://media.fgo.wiki/8/87/SV300_0_%E5%AE%9D%E5%85%B72.mp3?v=1kez7m3tyb1agusua8ksj8d58ynztjb
21:34:11 INFO 保存：从者语音\Lancer\弗栗多\宝具2.mp3
21:34:11 INFO 下载：https://media.fgo.wiki/b/b3/SV300_0_%E5%AE%9D%E5%85%B73.mp3?v=m55vnystcw0z6dds2j074800kttj2qo
21:34:12 INFO 保存：从者语音\Lancer\弗栗多\宝具3.mp3
21:34:12 INFO [47/176] Lancer / 妖精骑士兰斯洛特（Excel BA2）
21:34:14 INFO 同名语音存在多个不同媒体文件，已使用 _2、_3 后缀：宝具卡1、宝具卡2、宝具卡3、宝具1、宝具2、宝具3
21:34:14 INFO 找到 13 条：宝具卡1.mp3、宝具卡2.mp3、宝具卡3.mp3、宝具1.mp3、宝具2.mp3、宝具3.mp3、宝具卡1_2.mp3、宝具卡2_2.mp3、宝具卡3_2.mp3、宝具1_2.mp3、宝具2_2.mp3、宝具3_2.mp3、宝具4.mp3
21:34:14 INFO 下载：https://media.fgo.wiki/1/17/SV312_0_%E5%AE%9D%E5%85%B7%E5%8D%A11.mp3?v=8o3bmln7zscu6ar3wupmkyzgavj6147
21:34:15 INFO 保存：从者语音\Lancer\妖精骑士兰斯洛特\宝具卡1.mp3
21:34:15 INFO 下载：https://media.fgo.wiki/b/b6/SV312_0_%E5%AE%9D%E5%85%B7%E5%8D%A12.mp3?v=dljantknv2py942jnfvv8yppe19tab7
21:34:16 INFO 保存：从者语音\Lancer\妖精骑士兰斯洛特\宝具卡2.mp3
21:34:16 INFO 下载：https://media.fgo.wiki/7/7e/SV312_0_%E5%AE%9D%E5%85%B7%E5%8D%A13.mp3?v=73xwx4daksgx6a945738mwetl19932o
21:34:17 INFO 保存：从者语音\Lancer\妖精骑士兰斯洛特\宝具卡3.mp3
21:34:17 INFO 下载：https://media.fgo.wiki/9/95/SV312_0_%E5%AE%9D%E5%85%B71.mp3?v=2xzt9w8hjf0o90im1vwncw6yf0jqeg3
21:34:18 INFO 保存：从者语音\Lancer\妖精骑士兰斯洛特\宝具1.mp3
21:34:18 INFO 下载：https://media.fgo.wiki/e/e7/SV312_0_%E5%AE%9D%E5%85%B72.mp3?v=maa2n11zgfz4xdmb4bumc6idr4bcfqi
21:34:20 INFO 保存：从者语音\Lancer\妖精骑士兰斯洛特\宝具2.mp3
21:34:20 INFO 下载：https://media.fgo.wiki/a/a1/SV312_0_%E5%AE%9D%E5%85%B73.mp3?v=82f0pbt1tr7o66nnublaw0r8u3falwc
21:34:21 INFO 保存：从者语音\Lancer\妖精骑士兰斯洛特\宝具3.mp3
21:34:21 INFO 下载：https://media.fgo.wiki/7/78/SV312_2_%E5%AE%9D%E5%85%B7%E5%8D%A11.mp3?v=g7k6z59ldnm9qri0r5i8lewcfco80sj
21:34:22 INFO 保存：从者语音\Lancer\妖精骑士兰斯洛特\宝具卡1_2.mp3
21:34:22 INFO 下载：https://media.fgo.wiki/e/e6/SV312_2_%E5%AE%9D%E5%85%B7%E5%8D%A12.mp3?v=gvuqdn6s4fwvyszoircf78dsbw624ql
21:34:23 INFO 保存：从者语音\Lancer\妖精骑士兰斯洛特\宝具卡2_2.mp3
21:34:23 INFO 下载：https://media.fgo.wiki/9/94/SV312_2_%E5%AE%9D%E5%85%B7%E5%8D%A13.mp3?v=i4krgefnjmiqhzufovzvv25zohlqo92
21:34:24 INFO 保存：从者语音\Lancer\妖精骑士兰斯洛特\宝具卡3_2.mp3
21:34:24 INFO 下载：https://media.fgo.wiki/0/0a/SV312_2_%E5%AE%9D%E5%85%B71.mp3?v=hzo23irs8vvfkajd3y80q9xeyp5o3l3
21:34:25 INFO 保存：从者语音\Lancer\妖精骑士兰斯洛特\宝具1_2.mp3
21:34:25 INFO 下载：https://media.fgo.wiki/a/af/SV312_2_%E5%AE%9D%E5%85%B72.mp3?v=d06du73imy205pbiyops40z5nnjqvho
21:34:26 INFO 保存：从者语音\Lancer\妖精骑士兰斯洛特\宝具2_2.mp3
21:34:26 INFO 下载：https://media.fgo.wiki/8/8a/SV312_2_%E5%AE%9D%E5%85%B73.mp3?v=sss8omzfqgcp8hluyqy4xrc7tbbtmxn
21:34:28 INFO 保存：从者语音\Lancer\妖精骑士兰斯洛特\宝具3_2.mp3
21:34:28 INFO 下载：https://media.fgo.wiki/2/2d/SV312_2_%E5%AE%9D%E5%85%B74.mp3?v=ocuw2gxxg897c1pf4chhv0cj3ucws2h
21:34:29 INFO 保存：从者语音\Lancer\妖精骑士兰斯洛特\宝具4.mp3
21:34:29 INFO [48/176] Lancer / 坂本龙马(Lancer)（Excel BB2）
21:34:32 INFO 同名语音存在多个不同媒体文件，已使用 _2、_3 后缀：宝具卡1、宝具卡2、宝具卡3、宝具1、宝具2、宝具3
21:34:32 INFO 找到 12 条：宝具卡1.mp3、宝具卡2.mp3、宝具卡3.mp3、宝具1.mp3、宝具2.mp3、宝具3.mp3、宝具卡1_2.mp3、宝具卡2_2.mp3、宝具卡3_2.mp3、宝具1_2.mp3、宝具2_2.mp3、宝具3_2.mp3
21:34:32 INFO 下载：https://media.fgo.wiki/7/75/SV329_0_%E5%AE%9D%E5%85%B7%E5%8D%A11.mp3?v=0f7ovx0ywz5wd0xoqx3y6vu4zpz0h7j
21:34:33 INFO 保存：从者语音\Lancer\坂本龙马(Lancer)\宝具卡1.mp3
21:34:33 INFO 下载：https://media.fgo.wiki/3/32/SV329_0_%E5%AE%9D%E5%85%B7%E5%8D%A12.mp3?v=87ka0n7m2y1mvvjovrgulkepaynchr0
21:34:34 INFO 保存：从者语音\Lancer\坂本龙马(Lancer)\宝具卡2.mp3
21:34:34 INFO 下载：https://media.fgo.wiki/a/a5/SV329_0_%E5%AE%9D%E5%85%B7%E5%8D%A13.mp3?v=8002fguqy930jpdghslj2oc3pvjn2qd
21:34:35 INFO 保存：从者语音\Lancer\坂本龙马(Lancer)\宝具卡3.mp3
21:34:35 INFO 下载：https://media.fgo.wiki/4/41/SV329_0_%E5%AE%9D%E5%85%B71.mp3?v=bi56s5ktgevg5ci4goc20txnfyng9zu
21:34:37 INFO 保存：从者语音\Lancer\坂本龙马(Lancer)\宝具1.mp3
21:34:37 INFO 下载：https://media.fgo.wiki/4/40/SV329_0_%E5%AE%9D%E5%85%B72.mp3?v=8uq74y0wnndh8nws7nv0wmft405efar
21:34:38 INFO 保存：从者语音\Lancer\坂本龙马(Lancer)\宝具2.mp3
21:34:38 INFO 下载：https://media.fgo.wiki/e/e1/SV329_0_%E5%AE%9D%E5%85%B73.mp3?v=skjqpkswj7tnotk9ynnuqlwc6f7onaj
21:34:39 INFO 保存：从者语音\Lancer\坂本龙马(Lancer)\宝具3.mp3
21:34:39 INFO 下载：https://media.fgo.wiki/f/f9/SV329_2_%E5%AE%9D%E5%85%B7%E5%8D%A11.mp3?v=e42t9xhmlwmtamwk4qiaf2ujegk96t1
21:34:40 INFO 保存：从者语音\Lancer\坂本龙马(Lancer)\宝具卡1_2.mp3
21:34:40 INFO 下载：https://media.fgo.wiki/8/89/SV329_2_%E5%AE%9D%E5%85%B7%E5%8D%A12.mp3?v=310qd01tfgj6qm7ry23wg79xxkvgf42
21:34:42 INFO 保存：从者语音\Lancer\坂本龙马(Lancer)\宝具卡2_2.mp3
21:34:42 INFO 下载：https://media.fgo.wiki/4/47/SV329_2_%E5%AE%9D%E5%85%B7%E5%8D%A13.mp3?v=fi4psd2h0nhjevybju76av8wle6ajfr
21:34:42 INFO 保存：从者语音\Lancer\坂本龙马(Lancer)\宝具卡3_2.mp3
21:34:42 INFO 下载：https://media.fgo.wiki/f/f4/SV329_2_%E5%AE%9D%E5%85%B71.mp3?v=4foz9fl48uons3f938d2z0x7t5whs5y
21:34:44 INFO 保存：从者语音\Lancer\坂本龙马(Lancer)\宝具1_2.mp3
21:34:44 INFO 下载：https://media.fgo.wiki/6/61/SV329_2_%E5%AE%9D%E5%85%B72.mp3?v=qvwq1knda5c8g3kgerkgl7vfyqyc2ts
21:34:45 INFO 保存：从者语音\Lancer\坂本龙马(Lancer)\宝具2_2.mp3
21:34:45 INFO 下载：https://media.fgo.wiki/a/af/SV329_2_%E5%AE%9D%E5%85%B73.mp3?v=5hy4lig3mp4zlr722sbgag9be6azuyw
21:34:47 INFO 保存：从者语音\Lancer\坂本龙马(Lancer)\宝具3_2.mp3
21:34:47 INFO [49/176] Lancer / 布里托玛特（Excel BC2）
21:34:48 INFO 同名语音存在多个不同媒体文件，已使用 _2、_3 后缀：宝具卡1、宝具卡2、宝具卡3、宝具卡4、宝具1、宝具2
21:34:48 INFO 找到 13 条：宝具卡1.mp3、宝具卡2.mp3、宝具卡3.mp3、宝具卡4.mp3、宝具1.mp3、宝具2.mp3、宝具卡1_2.mp3、宝具卡2_2.mp3、宝具卡3_2.mp3、宝具卡4_2.mp3、宝具1_2.mp3、宝具2_2.mp3、宝具3.mp3
21:34:48 INFO 下载：https://media.fgo.wiki/0/01/SV368_0_%E5%AE%9D%E5%85%B7%E5%8D%A11.mp3?v=5nf6bul6wpo4fal7akj0fpn8ogq4txv
21:34:49 INFO 保存：从者语音\Lancer\布里托玛特\宝具卡1.mp3
21:34:49 INFO 下载：https://media.fgo.wiki/5/59/SV368_0_%E5%AE%9D%E5%85%B7%E5%8D%A12.mp3?v=8juvf82ntv2wwshsuosag0vg15b05z2
21:34:50 INFO 保存：从者语音\Lancer\布里托玛特\宝具卡2.mp3
21:34:50 INFO 下载：https://media.fgo.wiki/4/46/SV368_0_%E5%AE%9D%E5%85%B7%E5%8D%A13.mp3?v=sm3tqosytsf8samnlkhhtsu7xq8zr68
21:34:51 INFO 保存：从者语音\Lancer\布里托玛特\宝具卡3.mp3
21:34:51 INFO 下载：https://media.fgo.wiki/2/29/SV368_0_%E5%AE%9D%E5%85%B7%E5%8D%A14.mp3?v=oytc620oyb4p88igf2d44e2di6et81p
21:34:52 INFO 保存：从者语音\Lancer\布里托玛特\宝具卡4.mp3
21:34:52 INFO 下载：https://media.fgo.wiki/c/c2/SV368_0_%E5%AE%9D%E5%85%B71.mp3?v=sf4rijpxb3u5ujc7jccx3dbq1k7x3x8
21:34:53 INFO 保存：从者语音\Lancer\布里托玛特\宝具1.mp3
21:34:53 INFO 下载：https://media.fgo.wiki/b/b4/SV368_0_%E5%AE%9D%E5%85%B72.mp3?v=dy05r4kwmr09hvop90up2bsp0oj4iox
21:34:55 INFO 保存：从者语音\Lancer\布里托玛特\宝具2.mp3
21:34:55 INFO 下载：https://media.fgo.wiki/1/1b/SV368_1_%E5%AE%9D%E5%85%B7%E5%8D%A11.mp3?v=62jx3lco4qx0ue48bqhi6n6pbzp93fh
21:34:56 INFO 保存：从者语音\Lancer\布里托玛特\宝具卡1_2.mp3
21:34:56 INFO 下载：https://media.fgo.wiki/a/a2/SV368_1_%E5%AE%9D%E5%85%B7%E5%8D%A12.mp3?v=qtrld3anhvty46amk7gl63gw0jqh1gu
21:34:57 INFO 保存：从者语音\Lancer\布里托玛特\宝具卡2_2.mp3
21:34:57 INFO 下载：https://media.fgo.wiki/b/b1/SV368_1_%E5%AE%9D%E5%85%B7%E5%8D%A13.mp3?v=kv320l5kequ47plz5gfyvei5lmxhxir
21:34:57 INFO 保存：从者语音\Lancer\布里托玛特\宝具卡3_2.mp3
21:34:57 INFO 下载：https://media.fgo.wiki/6/6b/SV368_1_%E5%AE%9D%E5%85%B7%E5%8D%A14.mp3?v=aey0d42sj3260g5mnhzseythkeqnehp
21:34:58 INFO 保存：从者语音\Lancer\布里托玛特\宝具卡4_2.mp3
21:34:58 INFO 下载：https://media.fgo.wiki/7/74/SV368_1_%E5%AE%9D%E5%85%B71.mp3?v=9ea4q2u78g9u0lwx7zijwp2jl823kqf
21:35:00 INFO 保存：从者语音\Lancer\布里托玛特\宝具1_2.mp3
21:35:00 INFO 下载：https://media.fgo.wiki/d/d8/SV368_1_%E5%AE%9D%E5%85%B72.mp3?v=e3jc95hzsba8jnlvw28bkdz3dqduudm
21:35:01 INFO 保存：从者语音\Lancer\布里托玛特\宝具2_2.mp3
21:35:01 INFO 下载：https://media.fgo.wiki/d/da/SV368_1_%E5%AE%9D%E5%85%B73.mp3?v=8c80izwwe6kijobxxbs1ii7jw59yn3l
21:35:02 INFO 保存：从者语音\Lancer\布里托玛特\宝具3.mp3
21:35:02 INFO [50/176] Lancer / 怖军（Excel BD2）
21:35:06 INFO 同名语音存在多个不同媒体文件，已使用 _2、_3 后缀：宝具卡1、宝具卡2、宝具卡3、宝具卡4、宝具1、宝具2、宝具3、宝具4、宝具5、宝具6、宝具7
21:35:06 INFO 找到 22 条：宝具卡1.mp3、宝具卡2.mp3、宝具卡3.mp3、宝具卡4.mp3、宝具1.mp3、宝具2.mp3、宝具3.mp3、宝具4.mp3、宝具5.mp3、宝具6.mp3、宝具7.mp3、宝具卡1_2.mp3、宝具卡2_2.mp3、宝具卡3_2.mp3、宝具卡4_2.mp3、宝具1_2.mp3、宝具2_2.mp3、宝具3_2.mp3、宝具4_2.mp3、宝具5_2.mp3、宝具6_2.mp3、宝具7_2.mp3
21:35:06 INFO 下载：https://media.fgo.wiki/e/ea/SV381_0_%E5%AE%9D%E5%85%B7%E5%8D%A11.mp3?v=k13nuge8g73s7g86d83ewdil9moyvgh
21:35:07 INFO 保存：从者语音\Lancer\怖军\宝具卡1.mp3
21:35:07 INFO 下载：https://media.fgo.wiki/5/55/SV381_0_%E5%AE%9D%E5%85%B7%E5%8D%A12.mp3?v=1edaq16uqo1vv0s9lvfl7hhpmf47oqj
21:35:08 INFO 保存：从者语音\Lancer\怖军\宝具卡2.mp3
21:35:08 INFO 下载：https://media.fgo.wiki/d/d0/SV381_0_%E5%AE%9D%E5%85%B7%E5%8D%A13.mp3?v=fvewxw2zckocof1zgg8lj4w11pg3gke
21:35:08 INFO 保存：从者语音\Lancer\怖军\宝具卡3.mp3
21:35:08 INFO 下载：https://media.fgo.wiki/c/c0/SV381_0_%E5%AE%9D%E5%85%B7%E5%8D%A14.mp3?v=0uh94yk8pillq4q761e5e2aoc3xrkfm
21:35:09 INFO 保存：从者语音\Lancer\怖军\宝具卡4.mp3
21:35:09 INFO 下载：https://media.fgo.wiki/d/d5/SV381_0_%E5%AE%9D%E5%85%B71.mp3?v=j3w5u80ookdrmxbvqh6glpvp0zfbv6w
21:35:10 INFO 保存：从者语音\Lancer\怖军\宝具1.mp3
21:35:10 INFO 下载：https://media.fgo.wiki/5/5d/SV381_0_%E5%AE%9D%E5%85%B72.mp3?v=87f6tdqrh95r6yw6fwuswpol9cat9hq
21:35:11 INFO 保存：从者语音\Lancer\怖军\宝具2.mp3
21:35:11 INFO 下载：https://media.fgo.wiki/7/74/SV381_0_%E5%AE%9D%E5%85%B73.mp3?v=1fyaxirs7ebpix5hv5ol7xyv9ygjana
21:35:12 INFO 保存：从者语音\Lancer\怖军\宝具3.mp3
21:35:12 INFO 下载：https://media.fgo.wiki/4/44/SV381_0_%E5%AE%9D%E5%85%B74.mp3?v=spc6r6u95g6zn2q3wy1kdkbco3la4eu
21:35:14 INFO 保存：从者语音\Lancer\怖军\宝具4.mp3
21:35:14 INFO 下载：https://media.fgo.wiki/0/0b/SV381_0_%E5%AE%9D%E5%85%B75.mp3?v=sdogjyggk93q8gupgncvpdhfypzsoyc
21:35:15 INFO 保存：从者语音\Lancer\怖军\宝具5.mp3
21:35:15 INFO 下载：https://media.fgo.wiki/6/69/SV381_0_%E5%AE%9D%E5%85%B76.mp3?v=4kq4clbksi9z448rfsj554k57g7dbj8
21:35:16 INFO 保存：从者语音\Lancer\怖军\宝具6.mp3
21:35:16 INFO 下载：https://media.fgo.wiki/2/2f/SV381_0_%E5%AE%9D%E5%85%B77.mp3?v=f05dsu2du3nlk66golgis5umk1e1vgg
21:35:17 INFO 保存：从者语音\Lancer\怖军\宝具7.mp3
21:35:17 INFO 下载：https://media.fgo.wiki/d/d0/SV381_2_%E5%AE%9D%E5%85%B7%E5%8D%A11.mp3?v=k13nuge8g73s7g86d83ewdil9moyvgh
21:35:18 INFO 保存：从者语音\Lancer\怖军\宝具卡1_2.mp3
21:35:18 INFO 下载：https://media.fgo.wiki/6/60/SV381_2_%E5%AE%9D%E5%85%B7%E5%8D%A12.mp3?v=1edaq16uqo1vv0s9lvfl7hhpmf47oqj
21:35:19 INFO 保存：从者语音\Lancer\怖军\宝具卡2_2.mp3
21:35:19 INFO 下载：https://media.fgo.wiki/c/ca/SV381_2_%E5%AE%9D%E5%85%B7%E5%8D%A13.mp3?v=fvewxw2zckocof1zgg8lj4w11pg3gke
21:35:20 INFO 保存：从者语音\Lancer\怖军\宝具卡3_2.mp3
21:35:20 INFO 下载：https://media.fgo.wiki/a/a7/SV381_2_%E5%AE%9D%E5%85%B7%E5%8D%A14.mp3?v=0uh94yk8pillq4q761e5e2aoc3xrkfm
21:35:21 INFO 保存：从者语音\Lancer\怖军\宝具卡4_2.mp3
21:35:21 INFO 下载：https://media.fgo.wiki/5/52/SV381_2_%E5%AE%9D%E5%85%B71.mp3?v=j3w5u80ookdrmxbvqh6glpvp0zfbv6w
21:35:22 INFO 保存：从者语音\Lancer\怖军\宝具1_2.mp3
21:35:22 INFO 下载：https://media.fgo.wiki/b/bc/SV381_2_%E5%AE%9D%E5%85%B72.mp3?v=87f6tdqrh95r6yw6fwuswpol9cat9hq
21:35:23 INFO 保存：从者语音\Lancer\怖军\宝具2_2.mp3
21:35:23 INFO 下载：https://media.fgo.wiki/3/30/SV381_2_%E5%AE%9D%E5%85%B73.mp3?v=1fyaxirs7ebpix5hv5ol7xyv9ygjana
21:35:24 INFO 保存：从者语音\Lancer\怖军\宝具3_2.mp3
21:35:24 INFO 下载：https://media.fgo.wiki/d/d4/SV381_2_%E5%AE%9D%E5%85%B74.mp3?v=spc6r6u95g6zn2q3wy1kdkbco3la4eu
21:35:25 INFO 保存：从者语音\Lancer\怖军\宝具4_2.mp3
21:35:25 INFO 下载：https://media.fgo.wiki/0/0c/SV381_2_%E5%AE%9D%E5%85%B75.mp3?v=sdogjyggk93q8gupgncvpdhfypzsoyc
21:35:26 INFO 保存：从者语音\Lancer\怖军\宝具5_2.mp3
21:35:26 INFO 下载：https://media.fgo.wiki/b/b6/SV381_2_%E5%AE%9D%E5%85%B76.mp3?v=4kq4clbksi9z448rfsj554k57g7dbj8
21:35:27 INFO 保存：从者语音\Lancer\怖军\宝具6_2.mp3
21:35:27 INFO 下载：https://media.fgo.wiki/b/bf/SV381_2_%E5%AE%9D%E5%85%B77.mp3?v=f05dsu2du3nlk66golgis5umk1e1vgg
21:35:29 INFO 保存：从者语音\Lancer\怖军\宝具7_2.mp3
21:35:29 INFO [51/176] Lancer / 比肖内（Excel BE2）
21:35:31 INFO 同名语音存在多个不同媒体文件，已使用 _2、_3 后缀：宝具卡1、宝具卡2、宝具卡3、宝具卡4、宝具1、宝具2、宝具3
21:35:31 INFO 找到 14 条：宝具卡1.mp3、宝具卡2.mp3、宝具卡3.mp3、宝具卡4.mp3、宝具1.mp3、宝具2.mp3、宝具3.mp3、宝具卡1_2.mp3、宝具卡2_2.mp3、宝具卡3_2.mp3、宝具卡4_2.mp3、宝具1_2.mp3、宝具2_2.mp3、宝具3_2.mp3
21:35:31 INFO 下载：https://media.fgo.wiki/d/d1/SV433_0_%E5%AE%9D%E5%85%B7%E5%8D%A11.mp3?v=tczb3ke87j7utukre5vfphtivig0e92
21:35:32 INFO 保存：从者语音\Lancer\比肖内\宝具卡1.mp3
21:35:32 INFO 下载：https://media.fgo.wiki/8/8f/SV433_0_%E5%AE%9D%E5%85%B7%E5%8D%A12.mp3?v=r2bkhd6tc3tmnrepqn8bmm6c60zzdwe
21:35:33 INFO 保存：从者语音\Lancer\比肖内\宝具卡2.mp3
21:35:33 INFO 下载：https://media.fgo.wiki/1/19/SV433_0_%E5%AE%9D%E5%85%B7%E5%8D%A13.mp3?v=e2cmb0wy1gtl96k6jtsr2s5bb2xuuas
21:35:33 INFO 保存：从者语音\Lancer\比肖内\宝具卡3.mp3
21:35:33 INFO 下载：https://media.fgo.wiki/d/d6/SV433_0_%E5%AE%9D%E5%85%B7%E5%8D%A14.mp3?v=o1r90wz7028c3hxh1kvtvydajlzomuv
21:35:34 INFO 保存：从者语音\Lancer\比肖内\宝具卡4.mp3
21:35:34 INFO 下载：https://media.fgo.wiki/e/ec/SV433_0_%E5%AE%9D%E5%85%B71.mp3?v=ojtqw37s33y1prh49p6r3zsit1wezq4
21:35:35 INFO 保存：从者语音\Lancer\比肖内\宝具1.mp3
21:35:35 INFO 下载：https://media.fgo.wiki/7/73/SV433_0_%E5%AE%9D%E5%85%B72.mp3?v=5hmpgdsgwn9qsln724enm8fwaihhsae
21:35:36 INFO 保存：从者语音\Lancer\比肖内\宝具2.mp3
21:35:36 INFO 下载：https://media.fgo.wiki/e/ef/SV433_0_%E5%AE%9D%E5%85%B73.mp3?v=q9z6csckeoxjk2m1lyx41xac46mqtu6
21:35:38 INFO 保存：从者语音\Lancer\比肖内\宝具3.mp3
21:35:38 INFO 下载：https://media.fgo.wiki/d/d9/SV433_2_%E5%AE%9D%E5%85%B7%E5%8D%A11.mp3?v=7djgm6vptmty6abwjpts1cv45k1d0le
21:35:38 INFO 保存：从者语音\Lancer\比肖内\宝具卡1_2.mp3
21:35:38 INFO 下载：https://media.fgo.wiki/b/b3/SV433_2_%E5%AE%9D%E5%85%B7%E5%8D%A12.mp3?v=hl19twagi3yiwhh4ol7qdi3fwnj7opj
21:35:39 INFO 保存：从者语音\Lancer\比肖内\宝具卡2_2.mp3
21:35:39 INFO 下载：https://media.fgo.wiki/7/71/SV433_2_%E5%AE%9D%E5%85%B7%E5%8D%A13.mp3?v=7mj5vegsoq3u3ioqcvzt1vvqgy63p0d
21:35:40 INFO 保存：从者语音\Lancer\比肖内\宝具卡3_2.mp3
21:35:40 INFO 下载：https://media.fgo.wiki/c/c9/SV433_2_%E5%AE%9D%E5%85%B7%E5%8D%A14.mp3?v=d9tkx72ecjh1yzq0p9xgqnncbs3wiee
21:35:41 INFO 保存：从者语音\Lancer\比肖内\宝具卡4_2.mp3
21:35:41 INFO 下载：https://media.fgo.wiki/d/d9/SV433_2_%E5%AE%9D%E5%85%B71.mp3?v=pd76okxvfu83u7vx1xutsbd46byiiz1
21:35:42 INFO 保存：从者语音\Lancer\比肖内\宝具1_2.mp3
21:35:42 INFO 下载：https://media.fgo.wiki/8/80/SV433_2_%E5%AE%9D%E5%85%B72.mp3?v=ti2a5pe2hg2grurh4nw5gqssii1wclu
21:35:43 INFO 保存：从者语音\Lancer\比肖内\宝具2_2.mp3
21:35:43 INFO 下载：https://media.fgo.wiki/3/34/SV433_2_%E5%AE%9D%E5%85%B73.mp3?v=gnd97dljbp80e3fvzsu8eu00hnphwrv
21:35:44 INFO 保存：从者语音\Lancer\比肖内\宝具3_2.mp3
21:35:44 INFO [52/176] Lancer / 因陀罗（Excel BF2）
21:35:44 INFO 同名语音存在多个不同媒体文件，已使用 _2、_3 后缀：宝具卡1、宝具卡2、宝具卡3
21:35:44 INFO 找到 13 条：宝具卡1.mp3、宝具卡2.mp3、宝具卡3.mp3、宝具1.mp3、宝具2.mp3、宝具3.mp3、宝具4.mp3、宝具卡1_2.mp3、宝具卡2_2.mp3、宝具卡3_2.mp3、宝具卡1_3.mp3、宝具卡2_3.mp3、宝具卡3_3.mp3
21:35:44 INFO 下载：https://media.fgo.wiki/1/14/SV442_0_%E5%AE%9D%E5%85%B7%E5%8D%A11.mp3?v=0qkcmthvh5pip7vb3hfpi6cetsg28oy
21:35:45 INFO 保存：从者语音\Lancer\因陀罗\宝具卡1.mp3
21:35:45 INFO 下载：https://media.fgo.wiki/e/eb/SV442_0_%E5%AE%9D%E5%85%B7%E5%8D%A12.mp3?v=3gh9q92qqrd711sqwx4l1chot0r0sc4
21:35:46 INFO 保存：从者语音\Lancer\因陀罗\宝具卡2.mp3
21:35:46 INFO 下载：https://media.fgo.wiki/d/d3/SV442_0_%E5%AE%9D%E5%85%B7%E5%8D%A13.mp3?v=7sn2mf2ysb9nltn08spk8apelbzdeyz
21:35:46 INFO 保存：从者语音\Lancer\因陀罗\宝具卡3.mp3
21:35:46 INFO 下载：https://media.fgo.wiki/3/3d/SV442_0_%E5%AE%9D%E5%85%B71.mp3?v=4ys5c7ul63prc1o6e6pc9p967xcburv
21:35:47 INFO 保存：从者语音\Lancer\因陀罗\宝具1.mp3
21:35:47 INFO 下载：https://media.fgo.wiki/1/15/SV442_0_%E5%AE%9D%E5%85%B72.mp3?v=mul8ckx7q56pcx3pxx6i63cv8lzowqa
21:35:48 INFO 保存：从者语音\Lancer\因陀罗\宝具2.mp3
21:35:48 INFO 下载：https://media.fgo.wiki/8/87/SV442_0_%E5%AE%9D%E5%85%B73.mp3?v=cpxbatuq3bcc3kvu9y80h4qrljhfmfe
21:35:50 INFO 保存：从者语音\Lancer\因陀罗\宝具3.mp3
21:35:50 INFO 下载：https://media.fgo.wiki/4/42/SV442_0_%E5%AE%9D%E5%85%B74.mp3?v=282ny31oxmow328p0czf6qb5jv5zt24
21:35:51 INFO 保存：从者语音\Lancer\因陀罗\宝具4.mp3
21:35:51 INFO 下载：https://media.fgo.wiki/6/6c/SV442_1_%E5%AE%9D%E5%85%B7%E5%8D%A11.mp3?v=qvcrr8fngdr8syvua06ig28klew0bo2
21:35:52 INFO 保存：从者语音\Lancer\因陀罗\宝具卡1_2.mp3
21:35:52 INFO 下载：https://media.fgo.wiki/7/7c/SV442_1_%E5%AE%9D%E5%85%B7%E5%8D%A12.mp3?v=h1vj64wftxvvle8i1w2jlsf04nqls3q
21:35:52 INFO 保存：从者语音\Lancer\因陀罗\宝具卡2_2.mp3
21:35:52 INFO 下载：https://media.fgo.wiki/8/81/SV442_1_%E5%AE%9D%E5%85%B7%E5%8D%A13.mp3?v=8621yusdsn38nb8z8tigjuv2hqwmmld
21:35:53 INFO 保存：从者语音\Lancer\因陀罗\宝具卡3_2.mp3
21:35:53 INFO 下载：https://media.fgo.wiki/6/60/SV442_2_%E5%AE%9D%E5%85%B7%E5%8D%A11.mp3?v=2sv0tj8l4u82l418gvb6tfjl99pe1lu
21:35:54 INFO 保存：从者语音\Lancer\因陀罗\宝具卡1_3.mp3
21:35:54 INFO 下载：https://media.fgo.wiki/e/ee/SV442_2_%E5%AE%9D%E5%85%B7%E5%8D%A12.mp3?v=3a606d52ipup5uxssdzytzqjcq6pl3p
21:35:55 INFO 保存：从者语音\Lancer\因陀罗\宝具卡2_3.mp3
21:35:55 INFO 下载：https://media.fgo.wiki/e/ee/SV442_2_%E5%AE%9D%E5%85%B7%E5%8D%A13.mp3?v=l4pqrbtwkxr6f8tfgqgt9jxqmlpwb4y
21:35:57 INFO 保存：从者语音\Lancer\因陀罗\宝具卡3_3.mp3
21:35:57 INFO [53/176] Rider / 弗朗西斯·德雷克（Excel BH2）
21:36:00 INFO 找到 4 条：宝具卡1.mp3、宝具1.mp3、宝具2.mp3、宝具3.mp3
21:36:00 INFO 下载：https://media.fgo.wiki/6/6e/065di_npse.mp3?v=2ykjn4il6nyx5xi04wf8ftxrb92wxv1
21:36:01 INFO 保存：从者语音\Rider\弗朗西斯·德雷克\宝具卡1.mp3
21:36:01 INFO 下载：https://media.fgo.wiki/4/43/065di_np1.mp3?v=go3xue1l198f1f57tzdqwwutn2sjqae
21:36:03 INFO 保存：从者语音\Rider\弗朗西斯·德雷克\宝具1.mp3
21:36:03 INFO 下载：https://media.fgo.wiki/8/80/065di_np2.mp3?v=q0cuu93cf6aufia608xfdp55aayi6tc
21:36:05 INFO 保存：从者语音\Rider\弗朗西斯·德雷克\宝具2.mp3
21:36:05 INFO 下载：https://media.fgo.wiki/c/c4/065di_np3.mp3?v=g026kt9ojimulsxp22iesynl9b4hcxi
21:36:07 INFO 保存：从者语音\Rider\弗朗西斯·德雷克\宝具3.mp3
21:36:07 INFO [54/176] Rider / 女王梅芙（Excel BI2）
21:36:09 INFO 同名语音存在多个不同媒体文件，已使用 _2、_3 后缀：宝具卡1、宝具1
21:36:09 INFO 找到 5 条：宝具卡1.mp3、宝具1.mp3、宝具卡1_2.mp3、宝具1_2.mp3、宝具卡1_3.mp3
21:36:09 INFO 下载：https://media.fgo.wiki/5/5f/099di_npse.mp3?v=0xvfudak3wicf4ryx9erv3fpqp0g2ec
21:36:10 INFO 保存：从者语音\Rider\女王梅芙\宝具卡1.mp3
21:36:10 INFO 下载：https://media.fgo.wiki/8/8d/099cddi_np.mp3?v=b24mels70oie5g2l72pjq3t0o82ovzk
21:36:12 INFO 保存：从者语音\Rider\女王梅芙\宝具1.mp3
21:36:12 INFO 下载：https://media.fgo.wiki/3/3c/099cddi_npse.mp3?v=c39g4h66iz4t2cfbnkxb6ckxik1caue
21:36:13 INFO 保存：从者语音\Rider\女王梅芙\宝具卡1_2.mp3
21:36:13 INFO 下载：https://media.fgo.wiki/d/db/099di_np.mp3?v=57wrh8wcchlr9gty1cnrl909czyqmb0
21:36:15 INFO 保存：从者语音\Rider\女王梅芙\宝具1_2.mp3
21:36:15 INFO 下载：https://media.fgo.wiki/6/68/SV99_12_%E5%AE%9D%E5%85%B7%E5%8D%A1.mp3?v=chf4inxw57vileqnqtmj8uplunm2skh
21:36:15 INFO 保存：从者语音\Rider\女王梅芙\宝具卡1_3.mp3
21:36:16 INFO [55/176] Rider / 伊斯坎达尔（Excel BJ2）
21:36:18 INFO 找到 4 条：宝具卡1.mp3、宝具卡2.mp3、宝具1.mp3、宝具2.mp3
21:36:18 INFO 下载：https://media.fgo.wiki/1/14/108di_npse.mp3?v=ln1g7ejpbzyma255njp0ozciwdjc8fd
21:36:19 INFO 保存：从者语音\Rider\伊斯坎达尔\宝具卡1.mp3
21:36:19 INFO 下载：https://media.fgo.wiki/c/c9/108di_npse2.mp3?v=j7k95e3kz7eekvv0z4prbazcc70wg27
21:36:21 INFO 保存：从者语音\Rider\伊斯坎达尔\宝具卡2.mp3
21:36:21 INFO 下载：https://media.fgo.wiki/9/90/108di_np.mp3?v=jzjmjqzyqfnk7flsb4rbjq2x099qj86
21:36:23 INFO 保存：从者语音\Rider\伊斯坎达尔\宝具1.mp3
21:36:23 INFO 下载：https://media.fgo.wiki/8/8a/108di_np2.mp3?v=6fl1dpg828b4dva398vdzgwz0zqvr15
21:36:25 INFO 保存：从者语音\Rider\伊斯坎达尔\宝具2.mp3
21:36:25 INFO [56/176] Rider / 奥斯曼狄斯（Excel BK2）
21:36:27 INFO 找到 2 条：宝具卡1.mp3、宝具1.mp3
21:36:27 INFO 下载：https://media.fgo.wiki/c/c1/118di_npse.mp3?v=kj5inrjtejslg1zhjtnp2u1kqjkt92h
21:36:28 INFO 保存：从者语音\Rider\奥斯曼狄斯\宝具卡1.mp3
21:36:28 INFO 下载：https://media.fgo.wiki/9/90/118di_np.mp3?v=486sh1q44lfn3zv63cdtrt9uba8nnd3
21:36:30 INFO 保存：从者语音\Rider\奥斯曼狄斯\宝具1.mp3
21:36:30 INFO [57/176] Rider / 魁札尔·科亚特尔（Excel BL2）
21:36:33 INFO 找到 5 条：宝具卡1.mp3、宝具卡2.mp3、宝具卡3.mp3、宝具1.mp3、宝具2.mp3
21:36:33 INFO 下载：https://media.fgo.wiki/2/27/%E9%AD%81%E6%9C%AD%E5%B0%94%C2%B7%E7%A7%91%E4%BA%9A%E7%89%B9%E5%B0%94%E8%AF%AD%E9%9F%B3_%E5%AE%9D%E5%85%B7%E5%8D%A1.mp3?v=r8c7ct3bwgr1h58fgnlywrtky6ttzth
21:36:35 INFO 保存：从者语音\Rider\魁札尔·科亚特尔\宝具卡1.mp3
21:36:35 INFO 下载：https://media.fgo.wiki/e/e0/SV144_0_%E5%AE%9D%E5%85%B7%E5%8D%A12.mp3?v=hfhettbzti35vxy7townf9exqp495cg
21:36:36 INFO 保存：从者语音\Rider\魁札尔·科亚特尔\宝具卡2.mp3
21:36:36 INFO 下载：https://media.fgo.wiki/7/76/SV144_0_%E5%AE%9D%E5%85%B7%E5%8D%A13.mp3?v=51qr87u5hx4gfikw0t4pu6aqkbj4rsv
21:36:36 INFO 保存：从者语音\Rider\魁札尔·科亚特尔\宝具卡3.mp3
21:36:36 INFO 下载：https://media.fgo.wiki/9/90/%E9%AD%81%E6%9C%AD%E5%B0%94%C2%B7%E7%A7%91%E4%BA%9A%E7%89%B9%E5%B0%94%E8%AF%AD%E9%9F%B3_%E5%AE%9D%E5%85%B7.mp3?v=1f6nbwpkxqztghjmz4fyqyfhwjomifm
21:36:38 INFO 保存：从者语音\Rider\魁札尔·科亚特尔\宝具1.mp3
21:36:38 INFO 下载：https://media.fgo.wiki/e/ed/SV144_0_%E5%AE%9D%E5%85%B72.mp3?v=h0ujoix7txraw742ve7aescp2pnf610
21:36:40 INFO 保存：从者语音\Rider\魁札尔·科亚特尔\宝具2.mp3
21:36:40 INFO [58/176] Rider / 阿尔托莉雅·潘德拉贡〔Alter〕(Rider)（Excel BM2）
21:36:42 INFO 找到 4 条：宝具卡1.mp3、宝具卡2.mp3、宝具1.mp3、宝具2.mp3
21:36:42 INFO 下载：https://media.fgo.wiki/7/7b/179di_npse1.mp3?v=4zb7nq1svwbvjwg2jbe6hmplua5kd8c
21:36:43 INFO 保存：从者语音\Rider\阿尔托莉雅·潘德拉贡〔Alter〕(Rider)\宝具卡1.mp3
21:36:43 INFO 下载：https://media.fgo.wiki/3/31/179di_npse2.mp3?v=a9yg0enzz97asywtbgomh3k31qb8ofy
21:36:44 INFO 保存：从者语音\Rider\阿尔托莉雅·潘德拉贡〔Alter〕(Rider)\宝具卡2.mp3
21:36:44 INFO 下载：https://media.fgo.wiki/6/60/179di_np1.mp3?v=k1m7co15twlzt6q1n6aqfh6emzksbmd
21:36:46 INFO 保存：从者语音\Rider\阿尔托莉雅·潘德拉贡〔Alter〕(Rider)\宝具1.mp3
21:36:46 INFO 下载：https://media.fgo.wiki/8/8b/179di_np2.mp3?v=1fx4eo12gyjshqoa0c1s4roj3f4en16
21:36:48 INFO 保存：从者语音\Rider\阿尔托莉雅·潘德拉贡〔Alter〕(Rider)\宝具2.mp3
21:36:48 INFO [59/176] Rider / 伊凡雷帝（Excel BN2）
21:36:51 INFO 找到 6 条：宝具卡1.mp3、宝具卡2.mp3、宝具1.mp3、宝具2.mp3、宝具3.mp3、宝具4.mp3
21:36:51 INFO 下载：https://media.fgo.wiki/b/b2/205di_npse1.mp3?v=pa371h8h433bkp2p0ckeg8ksz69yrwg
21:36:52 INFO 保存：从者语音\Rider\伊凡雷帝\宝具卡1.mp3
21:36:52 INFO 下载：https://media.fgo.wiki/8/8a/205di_npse2.mp3?v=3bmu0ye2gecrf1lugbbmvz7vk2du3c2
21:36:54 INFO 保存：从者语音\Rider\伊凡雷帝\宝具卡2.mp3
21:36:54 INFO 下载：https://media.fgo.wiki/3/32/205di_np1.mp3?v=7augri2zvv2kuv0b9h8jv8c9kmn5zrj
21:36:56 INFO 保存：从者语音\Rider\伊凡雷帝\宝具1.mp3
21:36:56 INFO 下载：https://media.fgo.wiki/f/fa/205di_np2.mp3?v=pip6vh2b29b6uven4co30m896fgbfuw
21:36:58 INFO 保存：从者语音\Rider\伊凡雷帝\宝具2.mp3
21:36:58 INFO 下载：https://media.fgo.wiki/e/ef/SV205_0_%E5%AE%9D%E5%85%B73.mp3?v=8atie1yqkfqi2153uoglvciqox2wqeq
21:36:59 INFO 保存：从者语音\Rider\伊凡雷帝\宝具3.mp3
21:36:59 INFO 下载：https://media.fgo.wiki/6/6d/SV205_0_%E5%AE%9D%E5%85%B74.mp3?v=827km4xlyjr52u6tfg33873y0il2ob7
21:37:00 INFO 保存：从者语音\Rider\伊凡雷帝\宝具4.mp3
21:37:00 INFO [60/176] Rider / 阿喀琉斯（Excel BO2）
21:39:49 WARNING 请求失败，1.6 秒后重试 (1/5)：https://fgo.wiki/w/%E9%98%BF%E5%96%80%E7%90%89%E6%96%AF/%E8%AF%AD%E9%9F%B3；<urlopen error [WinError 10060] 由于连接方在一段时间后没有正确答复或连接的主机没有反应，连接尝试失败。>
21:39:53 INFO 同名语音存在多个不同媒体文件，已使用 _2、_3 后缀：宝具卡1
21:39:53 INFO 找到 4 条：宝具卡1.mp3、宝具1.mp3、宝具2.mp3、宝具卡1_2.mp3
21:39:53 INFO 下载：https://media.fgo.wiki/d/db/206di_npse.mp3?v=jirakk7odaiust0kyifkvgafcfjg0lj
21:42:42 WARNING 请求失败，2.2 秒后重试 (1/5)：https://media.fgo.wiki/d/db/206di_npse.mp3?v=jirakk7odaiust0kyifkvgafcfjg0lj；<urlopen error [WinError 10060] 由于连接方在一段时间后没有正确答复或连接的主机没有反应，连接尝试失败。>
21:42:46 INFO 保存：从者语音\Rider\阿喀琉斯\宝具卡1.mp3
21:42:46 INFO 下载：https://media.fgo.wiki/a/a8/Achilles_NP1.mp3?v=kryjw2gdvtc7bgrefg3ztgdt2vgpcb8
21:42:47 INFO 保存：从者语音\Rider\阿喀琉斯\宝具1.mp3
21:42:47 INFO 下载：https://media.fgo.wiki/0/0c/Achilles_NP2.mp3?v=sdo1olf8w71cdo12a61x8t2xq776zga
21:42:49 INFO 保存：从者语音\Rider\阿喀琉斯\宝具2.mp3
21:42:49 INFO 下载：https://media.fgo.wiki/6/68/SV206_11_%E5%AE%9D%E5%85%B7%E5%8D%A1.mp3?v=46m39ztxoj1srhhpts7kl1t9c7l6sup
21:42:49 INFO 保存：从者语音\Rider\阿喀琉斯\宝具卡1_2.mp3
21:42:49 INFO [61/176] Rider / 司马懿〔莱妮丝〕（Excel BP2）
21:42:52 INFO 找到 6 条：宝具卡1.mp3、宝具卡2.mp3、宝具卡3.mp3、宝具1.mp3、宝具2.mp3、宝具3.mp3
21:42:52 INFO 下载：https://media.fgo.wiki/9/95/SV241_0_%E5%AE%9D%E5%85%B7%E5%8D%A11.mp3?v=my6f7tgs97qcmm35t61uasw8o9w0y4g
21:42:53 INFO 保存：从者语音\Rider\司马懿〔莱妮丝〕\宝具卡1.mp3
21:42:53 INFO 下载：https://media.fgo.wiki/3/37/SV241_0_%E5%AE%9D%E5%85%B7%E5%8D%A12.mp3?v=rddtoef2njnqftsjl4e0nkysii8dag0
21:42:54 INFO 保存：从者语音\Rider\司马懿〔莱妮丝〕\宝具卡2.mp3
21:42:54 INFO 下载：https://media.fgo.wiki/5/56/SV241_0_%E5%AE%9D%E5%85%B7%E5%8D%A13.mp3?v=d6z6kkxq5zx6oh4c1kijl9hj92braky
21:42:55 INFO 保存：从者语音\Rider\司马懿〔莱妮丝〕\宝具卡3.mp3
21:42:55 INFO 下载：https://media.fgo.wiki/1/16/SV241_0_%E5%AE%9D%E5%85%B71.mp3?v=np2lyd1355k6i1rho3u42p743303431
21:42:57 INFO 保存：从者语音\Rider\司马懿〔莱妮丝〕\宝具1.mp3
21:42:57 INFO 下载：https://media.fgo.wiki/f/f7/SV241_0_%E5%AE%9D%E5%85%B72.mp3?v=fsu119r6d8qn25jccm5jxwx6a0duyjw
21:42:58 INFO 保存：从者语音\Rider\司马懿〔莱妮丝〕\宝具2.mp3
21:42:58 INFO 下载：https://media.fgo.wiki/b/b0/SV241_0_%E5%AE%9D%E5%85%B73.mp3?v=3ynhd2pwdk01g7bso4j5lvlynv6izpq
21:42:59 INFO 保存：从者语音\Rider\司马懿〔莱妮丝〕\宝具3.mp3
21:42:59 INFO [62/176] Rider / 莱昂纳多·达·芬奇(Rider)（Excel BQ2）
21:43:01 INFO 同名语音存在多个不同媒体文件，已使用 _2、_3 后缀：宝具卡1、宝具卡2
21:43:01 INFO 找到 8 条：宝具卡1.mp3、宝具卡2.mp3、宝具1.mp3、宝具2.mp3、宝具3.mp3、宝具4.mp3、宝具卡1_2.mp3、宝具卡2_2.mp3
21:43:01 INFO 下载：https://media.fgo.wiki/1/19/SV253_0_%E5%AE%9D%E5%85%B7%E5%8D%A11.mp3?v=tdf4szgaw1ffy8npsei2vxvty6hhnhh
21:43:02 INFO 保存：从者语音\Rider\莱昂纳多·达·芬奇(Rider)\宝具卡1.mp3
21:43:02 INFO 下载：https://media.fgo.wiki/8/87/SV253_0_%E5%AE%9D%E5%85%B7%E5%8D%A12.mp3?v=o8w91yfh7icqn3bo14askbrk6g036y7
21:43:03 INFO 保存：从者语音\Rider\莱昂纳多·达·芬奇(Rider)\宝具卡2.mp3
21:43:03 INFO 下载：https://media.fgo.wiki/c/c9/SV253_0_%E5%AE%9D%E5%85%B71.mp3?v=cnt4nc5vfi8u5js0m0sms8ome6muf1e
21:43:05 INFO 保存：从者语音\Rider\莱昂纳多·达·芬奇(Rider)\宝具1.mp3
21:43:05 INFO 下载：https://media.fgo.wiki/e/e8/SV253_0_%E5%AE%9D%E5%85%B72.mp3?v=s699vrglob80q0ym3cs2avqgp8ip8kx
21:43:06 INFO 保存：从者语音\Rider\莱昂纳多·达·芬奇(Rider)\宝具2.mp3
21:43:06 INFO 下载：https://media.fgo.wiki/e/e1/SV253_0_%E5%AE%9D%E5%85%B73.mp3?v=oz6keve4bdwx1jtrw5xmlwgi78xwgwt
21:43:07 INFO 保存：从者语音\Rider\莱昂纳多·达·芬奇(Rider)\宝具3.mp3
21:43:07 INFO 下载：https://media.fgo.wiki/0/03/SV253_0_%E5%AE%9D%E5%85%B74.mp3?v=20d6qdbwdt00lqdb8h55f7deke0tdfq
21:43:08 INFO 保存：从者语音\Rider\莱昂纳多·达·芬奇(Rider)\宝具4.mp3
21:43:08 INFO 下载：https://media.fgo.wiki/1/1a/SV253_11_%E5%AE%9D%E5%85%B7%E5%8D%A11.mp3?v=5i1mwiyrtu3w29i3rsq0fzi0s5hbdm2
21:43:09 INFO 保存：从者语音\Rider\莱昂纳多·达·芬奇(Rider)\宝具卡1_2.mp3
21:43:09 INFO 下载：https://media.fgo.wiki/b/bd/SV253_11_%E5%AE%9D%E5%85%B7%E5%8D%A12.mp3?v=grvizk6vg0hjolx8hld15olfhurmtw1
21:43:10 INFO 保存：从者语音\Rider\莱昂纳多·达·芬奇(Rider)\宝具卡2_2.mp3
21:43:10 INFO [63/176] Rider / 欧罗巴（Excel BR2）
21:43:11 INFO 找到 5 条：宝具卡1.mp3、宝具卡2.mp3、宝具卡3.mp3、宝具1.mp3、宝具2.mp3
21:43:11 INFO 下载：https://media.fgo.wiki/2/29/SV274_0_%E5%AE%9D%E5%85%B7%E5%8D%A11.mp3?v=mpj36o9eul93nf0b92anu9nmduxzf4e
21:43:12 INFO 保存：从者语音\Rider\欧罗巴\宝具卡1.mp3
21:43:12 INFO 下载：https://media.fgo.wiki/c/c3/SV274_0_%E5%AE%9D%E5%85%B7%E5%8D%A12.mp3?v=0grffbqu8kv9rbtnrhjfjib4yvsmswz
21:43:13 INFO 保存：从者语音\Rider\欧罗巴\宝具卡2.mp3
21:43:13 INFO 下载：https://media.fgo.wiki/e/eb/SV274_0_%E5%AE%9D%E5%85%B7%E5%8D%A13.mp3?v=5ogtabeyq4jmqldmiwvb31uw00tzkwx
21:43:15 INFO 保存：从者语音\Rider\欧罗巴\宝具卡3.mp3
21:43:15 INFO 下载：https://media.fgo.wiki/4/45/SV274_0_%E5%AE%9D%E5%85%B71.mp3?v=j3r1f7j7d21ysezj9kk5o0ksjlrqd1v
21:43:16 INFO 保存：从者语音\Rider\欧罗巴\宝具1.mp3
21:43:16 INFO 下载：https://media.fgo.wiki/c/c6/SV274_0_%E5%AE%9D%E5%85%B72.mp3?v=fdw49qlavnkyvxmovwc88u2zj02bpj1
21:43:17 INFO 保存：从者语音\Rider\欧罗巴\宝具2.mp3
21:43:17 INFO [64/176] Rider / 奥德修斯（Excel BS2）
21:43:19 INFO 同名语音存在多个不同媒体文件，已使用 _2、_3 后缀：宝具卡1、宝具卡2、宝具1、宝具2
21:43:19 INFO 找到 8 条：宝具卡1.mp3、宝具卡2.mp3、宝具1.mp3、宝具2.mp3、宝具卡1_2.mp3、宝具卡2_2.mp3、宝具1_2.mp3、宝具2_2.mp3
21:43:19 INFO 下载：https://media.fgo.wiki/7/70/SV277_0_%E5%AE%9D%E5%85%B7%E5%8D%A11.mp3?v=gv8j8f3ilwpuymuhzep67hn8q0q3d2t
21:43:20 INFO 保存：从者语音\Rider\奥德修斯\宝具卡1.mp3
21:43:20 INFO 下载：https://media.fgo.wiki/5/50/SV277_0_%E5%AE%9D%E5%85%B7%E5%8D%A12.mp3?v=kxrqda6cm4q3t4qbk2o4s4qlve7npvs
21:43:21 INFO 保存：从者语音\Rider\奥德修斯\宝具卡2.mp3
21:43:21 INFO 下载：https://media.fgo.wiki/7/75/SV277_0_%E5%AE%9D%E5%85%B71.mp3?v=lquy55ddd8eux0nzj62waulcikestpe
21:43:22 INFO 保存：从者语音\Rider\奥德修斯\宝具1.mp3
21:43:22 INFO 下载：https://media.fgo.wiki/d/db/SV277_0_%E5%AE%9D%E5%85%B72.mp3?v=4t8ocbgy8zki9diyqf0kuyf9m95nynq
21:43:23 INFO 保存：从者语音\Rider\奥德修斯\宝具2.mp3
21:43:23 INFO 下载：https://media.fgo.wiki/8/8a/SV277_13_%E5%AE%9D%E5%85%B7%E5%8D%A11.mp3?v=2pu77a78cf2c556s5gnlgw6je2xul5f
21:43:24 INFO 保存：从者语音\Rider\奥德修斯\宝具卡1_2.mp3
21:43:24 INFO 下载：https://media.fgo.wiki/3/34/SV277_13_%E5%AE%9D%E5%85%B7%E5%8D%A12.mp3?v=o10upnperjakv223sr71wns89m81min
21:43:25 INFO 保存：从者语音\Rider\奥德修斯\宝具卡2_2.mp3
21:43:25 INFO 下载：https://media.fgo.wiki/f/fd/SV277_13_%E5%AE%9D%E5%85%B71.mp3?v=dd6goas1k1cfq99h8ml5dg1hgui0wlk
21:43:26 INFO 保存：从者语音\Rider\奥德修斯\宝具1_2.mp3
21:43:26 INFO 下载：https://media.fgo.wiki/e/eb/SV277_13_%E5%AE%9D%E5%85%B72.mp3?v=dg8mdery7i43wi5e56gn35kjzfe5yii
21:43:27 INFO 保存：从者语音\Rider\奥德修斯\宝具2_2.mp3
21:43:27 INFO [65/176] Rider / 尼莫（Excel BT2）
21:43:29 INFO 找到 6 条：宝具卡1.mp3、宝具卡2.mp3、宝具卡3.mp3、宝具1.mp3、宝具2.mp3、宝具3.mp3
21:43:29 INFO 下载：https://media.fgo.wiki/4/49/SV296_0_%E5%AE%9D%E5%85%B7%E5%8D%A11.mp3?v=aw6hfbkorqis1o8u8rm7j5c55lh7fv1
21:43:30 INFO 保存：从者语音\Rider\尼莫\宝具卡1.mp3
21:43:30 INFO 下载：https://media.fgo.wiki/0/0e/SV296_0_%E5%AE%9D%E5%85%B7%E5%8D%A12.mp3?v=04jch56tbuamgza8qeyb0kg3tec6osk
21:43:31 INFO 保存：从者语音\Rider\尼莫\宝具卡2.mp3
21:43:31 INFO 下载：https://media.fgo.wiki/c/cc/SV296_0_%E5%AE%9D%E5%85%B7%E5%8D%A13.mp3?v=ennwuw3di59ls4cjil1dz1ucm3kkaz3
21:43:32 INFO 保存：从者语音\Rider\尼莫\宝具卡3.mp3
21:43:32 INFO 下载：https://media.fgo.wiki/1/19/SV296_0_%E5%AE%9D%E5%85%B71.mp3?v=1pm65p79p1kuchevthqus7orthb0zt4
21:43:34 INFO 保存：从者语音\Rider\尼莫\宝具1.mp3
21:43:34 INFO 下载：https://media.fgo.wiki/c/cf/SV296_0_%E5%AE%9D%E5%85%B72.mp3?v=oiyx1izdcuxljhycr2nqsug44pve0ej
21:43:36 INFO 保存：从者语音\Rider\尼莫\宝具2.mp3
21:43:36 INFO 下载：https://media.fgo.wiki/f/f8/SV296_0_%E5%AE%9D%E5%85%B73.mp3?v=pd6581uqp713uib0kpc55zvl61s8rsa
21:43:38 INFO 保存：从者语音\Rider\尼莫\宝具3.mp3
21:43:38 INFO [66/176] Rider / 太公望（Excel BU2）
21:43:39 INFO 找到 6 条：宝具卡1.mp3、宝具卡2.mp3、宝具卡3.mp3、宝具卡4.mp3、宝具1.mp3、宝具2.mp3
21:43:39 INFO 下载：https://media.fgo.wiki/e/e5/SV331_0_%E5%AE%9D%E5%85%B7%E5%8D%A11.mp3?v=9djxnozwuq1jfkweu5sea1o8m8n51jb
21:43:40 INFO 保存：从者语音\Rider\太公望\宝具卡1.mp3
21:43:40 INFO 下载：https://media.fgo.wiki/e/e9/SV331_0_%E5%AE%9D%E5%85%B7%E5%8D%A12.mp3?v=htn9bs8lcg7a94dne7zaa4fhlkvbekq
21:43:41 INFO 保存：从者语音\Rider\太公望\宝具卡2.mp3
21:43:41 INFO 下载：https://media.fgo.wiki/a/a4/SV331_0_%E5%AE%9D%E5%85%B7%E5%8D%A13.mp3?v=dcv921pryqv4f3zwj2b9twj6u7hig08
21:43:42 INFO 保存：从者语音\Rider\太公望\宝具卡3.mp3
21:43:42 INFO 下载：https://media.fgo.wiki/4/47/SV331_0_%E5%AE%9D%E5%85%B7%E5%8D%A14.mp3?v=czqwyqo7wjpdh33y6togvwlvss7dlkf
21:43:42 INFO 保存：从者语音\Rider\太公望\宝具卡4.mp3
21:43:42 INFO 下载：https://media.fgo.wiki/6/68/SV331_0_%E5%AE%9D%E5%85%B71.mp3?v=6mk7iwokb0wr03dpxrsdun8gavw8b3j
21:43:43 INFO 保存：从者语音\Rider\太公望\宝具1.mp3
21:43:43 INFO 下载：https://media.fgo.wiki/2/29/SV331_0_%E5%AE%9D%E5%85%B72.mp3?v=q1ok7cvkhw0qmetx4wdhs5yn4btl4su
21:43:45 INFO 保存：从者语音\Rider\太公望\宝具2.mp3
21:43:45 INFO [67/176] Rider / 君士坦丁十一世（Excel BV2）
21:43:46 INFO 找到 5 条：宝具卡1.mp3、宝具卡2.mp3、宝具卡3.mp3、宝具1.mp3、宝具2.mp3
21:43:46 INFO 下载：https://media.fgo.wiki/3/3e/SV342_0_%E5%AE%9D%E5%85%B7%E5%8D%A11.mp3?v=gqdff3nz0dbbooeji2tx4a0zef9c8h0
21:43:48 INFO 保存：从者语音\Rider\君士坦丁十一世\宝具卡1.mp3
21:43:48 INFO 下载：https://media.fgo.wiki/f/fa/SV342_0_%E5%AE%9D%E5%85%B7%E5%8D%A12.mp3?v=qdbgetualdtvxmo99rovedsc2rlmjk5
21:43:49 INFO 保存：从者语音\Rider\君士坦丁十一世\宝具卡2.mp3
21:43:49 INFO 下载：https://media.fgo.wiki/7/76/SV342_0_%E5%AE%9D%E5%85%B7%E5%8D%A13.mp3?v=bca0pyqjjoc1irnf1gr3u76iyhgc3s3
21:43:49 INFO 保存：从者语音\Rider\君士坦丁十一世\宝具卡3.mp3
21:43:49 INFO 下载：https://media.fgo.wiki/e/e4/SV342_0_%E5%AE%9D%E5%85%B71.mp3?v=1mjslhgc9v3liacdbuvt9wrl3vg60co
21:43:51 INFO 保存：从者语音\Rider\君士坦丁十一世\宝具1.mp3
21:43:51 INFO 下载：https://media.fgo.wiki/d/d7/SV342_0_%E5%AE%9D%E5%85%B72.mp3?v=a9btaw67fe5qf4ubar0fu3qs61711sm
21:43:52 INFO 保存：从者语音\Rider\君士坦丁十一世\宝具2.mp3
21:43:52 INFO [68/176] Rider / 曲亭马琴（Excel BW2）
21:43:57 INFO 同名语音存在多个不同媒体文件，已使用 _2、_3 后缀：宝具卡1、宝具卡2、宝具卡3、宝具卡4、宝具1、宝具2
21:43:57 INFO 找到 12 条：宝具卡1.mp3、宝具卡2.mp3、宝具卡3.mp3、宝具卡4.mp3、宝具1.mp3、宝具2.mp3、宝具卡1_2.mp3、宝具卡2_2.mp3、宝具卡3_2.mp3、宝具卡4_2.mp3、宝具1_2.mp3、宝具2_2.mp3
21:43:57 INFO 下载：https://media.fgo.wiki/1/1f/SV349_0_%E5%AE%9D%E5%85%B7%E5%8D%A11.mp3?v=h5b71ddqlf6zimkjdpbvymuy8pch57w
21:43:57 INFO 保存：从者语音\Rider\曲亭马琴\宝具卡1.mp3
21:43:57 INFO 下载：https://media.fgo.wiki/f/fb/SV349_0_%E5%AE%9D%E5%85%B7%E5%8D%A12.mp3?v=5286d8tari4npqko8609d0gqpzguzck
21:43:58 INFO 保存：从者语音\Rider\曲亭马琴\宝具卡2.mp3
21:43:58 INFO 下载：https://media.fgo.wiki/8/8a/SV349_0_%E5%AE%9D%E5%85%B7%E5%8D%A13.mp3?v=nvvyp34xronfiw9ezmtbug13qytwrk4
21:43:59 INFO 保存：从者语音\Rider\曲亭马琴\宝具卡3.mp3
21:43:59 INFO 下载：https://media.fgo.wiki/0/01/SV349_0_%E5%AE%9D%E5%85%B7%E5%8D%A14.mp3?v=03awzcmovipovhy8yzxbgbwm7u0a1yp
21:44:00 INFO 保存：从者语音\Rider\曲亭马琴\宝具卡4.mp3
21:44:00 INFO 下载：https://media.fgo.wiki/d/dc/SV349_0_%E5%AE%9D%E5%85%B71.mp3?v=oudkmlcqae8ptwvuowrtlim17f7i94g
21:44:01 INFO 保存：从者语音\Rider\曲亭马琴\宝具1.mp3
21:44:01 INFO 下载：https://media.fgo.wiki/7/75/SV349_0_%E5%AE%9D%E5%85%B72.mp3?v=fxpvq6zt2avr6fgwyjriimohbohn3ta
21:44:03 INFO 保存：从者语音\Rider\曲亭马琴\宝具2.mp3
21:44:03 INFO 下载：https://media.fgo.wiki/f/fa/SV349_2_%E5%AE%9D%E5%85%B7%E5%8D%A11.mp3?v=fzto8gxe6xl25chvu9rhcu13id4iuwa
21:44:04 INFO 保存：从者语音\Rider\曲亭马琴\宝具卡1_2.mp3
21:44:04 INFO 下载：https://media.fgo.wiki/4/4b/SV349_2_%E5%AE%9D%E5%85%B7%E5%8D%A12.mp3?v=558bqrcystl0wwy8zfpo666h8zziq66
21:44:04 INFO 保存：从者语音\Rider\曲亭马琴\宝具卡2_2.mp3
21:44:04 INFO 下载：https://media.fgo.wiki/8/8e/SV349_2_%E5%AE%9D%E5%85%B7%E5%8D%A13.mp3?v=asx1depgaj6gm8iknbwjysyvw0o1z0a
21:44:06 INFO 保存：从者语音\Rider\曲亭马琴\宝具卡3_2.mp3
21:44:06 INFO 下载：https://media.fgo.wiki/2/23/SV349_2_%E5%AE%9D%E5%85%B7%E5%8D%A14.mp3?v=le7sffq92u46ko83qthsww6v0giilgi
21:44:07 INFO 保存：从者语音\Rider\曲亭马琴\宝具卡4_2.mp3
21:44:07 INFO 下载：https://media.fgo.wiki/a/ac/SV349_2_%E5%AE%9D%E5%85%B71.mp3?v=mp3gr5odvn95yc5f4ckvu9y17teaekh
21:44:08 INFO 保存：从者语音\Rider\曲亭马琴\宝具1_2.mp3
21:44:08 INFO 下载：https://media.fgo.wiki/e/ef/SV349_2_%E5%AE%9D%E5%85%B72.mp3?v=228e271xnwup2kssvgmdaemfr8c1ke2
21:44:10 INFO 保存：从者语音\Rider\曲亭马琴\宝具2_2.mp3
21:44:10 INFO [69/176] Rider / 武田晴信（Excel BX2）
21:44:12 INFO 同名语音存在多个不同媒体文件，已使用 _2、_3 后缀：宝具卡1、宝具卡2、宝具卡3、宝具卡4、宝具1、宝具2、宝具3、宝具4
21:44:12 INFO 找到 24 条：宝具卡1.mp3、宝具卡2.mp3、宝具卡3.mp3、宝具卡4.mp3、宝具1.mp3、宝具2.mp3、宝具3.mp3、宝具4.mp3、宝具卡1_2.mp3、宝具卡2_2.mp3、宝具卡3_2.mp3、宝具卡4_2.mp3、宝具1_2.mp3、宝具2_2.mp3、宝具3_2.mp3、宝具4_2.mp3、宝具卡1_3.mp3、宝具卡2_3.mp3、宝具卡3_3.mp3、宝具卡4_3.mp3、宝具1_3.mp3、宝具2_3.mp3、宝具3_3.mp3、宝具4_3.mp3
21:44:12 INFO 下载：https://media.fgo.wiki/6/61/SV397_0_%E5%AE%9D%E5%85%B7%E5%8D%A11.mp3?v=8b5esccvavq42197c39r7gdbeovzbg8
21:44:13 INFO 保存：从者语音\Rider\武田晴信\宝具卡1.mp3
21:44:13 INFO 下载：https://media.fgo.wiki/e/e8/SV397_0_%E5%AE%9D%E5%85%B7%E5%8D%A12.mp3?v=j87xfksl811z9rca0m3tgebqug6lo8a
21:44:14 INFO 保存：从者语音\Rider\武田晴信\宝具卡2.mp3
21:44:14 INFO 下载：https://media.fgo.wiki/8/8f/SV397_0_%E5%AE%9D%E5%85%B7%E5%8D%A13.mp3?v=a033stazm2wergiu5l6isika9qnnk71
21:44:15 INFO 保存：从者语音\Rider\武田晴信\宝具卡3.mp3
21:44:15 INFO 下载：https://media.fgo.wiki/e/e2/SV397_0_%E5%AE%9D%E5%85%B7%E5%8D%A14.mp3?v=2k32zpy4g9fxi78rf0h0rpg5rlwnyok
21:44:16 INFO 保存：从者语音\Rider\武田晴信\宝具卡4.mp3
21:44:16 INFO 下载：https://media.fgo.wiki/c/c2/SV397_0_%E5%AE%9D%E5%85%B71.mp3?v=2fasq7l2ghfwyryvhkw7jwf47wgo0n0
21:44:17 INFO 保存：从者语音\Rider\武田晴信\宝具1.mp3
21:44:17 INFO 下载：https://media.fgo.wiki/1/1e/SV397_0_%E5%AE%9D%E5%85%B72.mp3?v=35s6bocm8wz2xba94ti0dxxsj0yq4i4
21:44:18 INFO 保存：从者语音\Rider\武田晴信\宝具2.mp3
21:44:18 INFO 下载：https://media.fgo.wiki/b/b1/SV397_0_%E5%AE%9D%E5%85%B73.mp3?v=nsb44vbz0a7hrrcejjzr4q8vgcbwby2
21:44:20 INFO 保存：从者语音\Rider\武田晴信\宝具3.mp3
21:44:20 INFO 下载：https://media.fgo.wiki/f/f0/SV397_0_%E5%AE%9D%E5%85%B74.mp3?v=lhw7cxkfzuqyuet5mvpzqe382kxmtct
21:44:21 INFO 保存：从者语音\Rider\武田晴信\宝具4.mp3
21:44:21 INFO 下载：https://media.fgo.wiki/4/40/SV397_1_%E5%AE%9D%E5%85%B7%E5%8D%A11.mp3?v=8b5esccvavq42197c39r7gdbeovzbg8
21:44:22 INFO 保存：从者语音\Rider\武田晴信\宝具卡1_2.mp3
21:44:22 INFO 下载：https://media.fgo.wiki/c/c0/SV397_1_%E5%AE%9D%E5%85%B7%E5%8D%A12.mp3?v=j87xfksl811z9rca0m3tgebqug6lo8a
21:44:23 INFO 保存：从者语音\Rider\武田晴信\宝具卡2_2.mp3
21:44:23 INFO 下载：https://media.fgo.wiki/f/f1/SV397_1_%E5%AE%9D%E5%85%B7%E5%8D%A13.mp3?v=a033stazm2wergiu5l6isika9qnnk71
21:44:24 INFO 保存：从者语音\Rider\武田晴信\宝具卡3_2.mp3
21:44:24 INFO 下载：https://media.fgo.wiki/1/15/SV397_1_%E5%AE%9D%E5%85%B7%E5%8D%A14.mp3?v=2k32zpy4g9fxi78rf0h0rpg5rlwnyok
21:44:24 INFO 保存：从者语音\Rider\武田晴信\宝具卡4_2.mp3
21:44:24 INFO 下载：https://media.fgo.wiki/9/94/SV397_1_%E5%AE%9D%E5%85%B71.mp3?v=nf1dcpp96h7bqlowodwfxwkallzmalb
21:44:26 INFO 保存：从者语音\Rider\武田晴信\宝具1_2.mp3
21:44:26 INFO 下载：https://media.fgo.wiki/6/6b/SV397_1_%E5%AE%9D%E5%85%B72.mp3?v=rcygoo7o2fsvwhbsluavdgt6hjhceqs
21:44:27 INFO 保存：从者语音\Rider\武田晴信\宝具2_2.mp3
21:44:27 INFO 下载：https://media.fgo.wiki/3/3f/SV397_1_%E5%AE%9D%E5%85%B73.mp3?v=m0d9mfx3mt1su45qps7ozk594b9tnl2
21:44:28 INFO 保存：从者语音\Rider\武田晴信\宝具3_2.mp3
21:44:28 INFO 下载：https://media.fgo.wiki/4/44/SV397_1_%E5%AE%9D%E5%85%B74.mp3?v=87ybk11mh5gqgczxkphgp8jfccrr568
21:44:29 INFO 保存：从者语音\Rider\武田晴信\宝具4_2.mp3
21:44:29 INFO 下载：https://media.fgo.wiki/7/75/SV397_2_%E5%AE%9D%E5%85%B7%E5%8D%A11.mp3?v=kg4q9xfmbkmom8xz4m3o2nwql0wx63f
21:44:30 INFO 保存：从者语音\Rider\武田晴信\宝具卡1_3.mp3
21:44:30 INFO 下载：https://media.fgo.wiki/b/bd/SV397_2_%E5%AE%9D%E5%85%B7%E5%8D%A12.mp3?v=hwmv2ea4wvpfogrsq461m0wjl5ha7qf
21:44:31 INFO 保存：从者语音\Rider\武田晴信\宝具卡2_3.mp3
21:44:31 INFO 下载：https://media.fgo.wiki/0/08/SV397_2_%E5%AE%9D%E5%85%B7%E5%8D%A13.mp3?v=l80edvvc68k7jhz60p5rtf9dnw2tmph
21:44:32 INFO 保存：从者语音\Rider\武田晴信\宝具卡3_3.mp3
21:44:32 INFO 下载：https://media.fgo.wiki/c/c6/SV397_2_%E5%AE%9D%E5%85%B7%E5%8D%A14.mp3?v=5yif63gsz0x1lv2q9oqc6gs7di2ucwc
21:44:33 INFO 保存：从者语音\Rider\武田晴信\宝具卡4_3.mp3
21:44:33 INFO 下载：https://media.fgo.wiki/a/a5/SV397_2_%E5%AE%9D%E5%85%B71.mp3?v=p3p5hhsof8ewx0vul2nzbwjoyzx2u5f
21:44:34 INFO 保存：从者语音\Rider\武田晴信\宝具1_3.mp3
21:44:34 INFO 下载：https://media.fgo.wiki/a/a8/SV397_2_%E5%AE%9D%E5%85%B72.mp3?v=gofp8yi46sh0zavo1gpljoldpp9fz1q
21:44:35 INFO 保存：从者语音\Rider\武田晴信\宝具2_3.mp3
21:44:35 INFO 下载：https://media.fgo.wiki/d/d6/SV397_2_%E5%AE%9D%E5%85%B73.mp3?v=23ro90g8uye0mqonvymqackx0hr39ry
21:44:36 INFO 保存：从者语音\Rider\武田晴信\宝具3_3.mp3
21:44:36 INFO 下载：https://media.fgo.wiki/3/3c/SV397_2_%E5%AE%9D%E5%85%B74.mp3?v=6znn0xozn4fi7gu9q55hxd9v35dspps
21:44:38 INFO 保存：从者语音\Rider\武田晴信\宝具4_3.mp3
21:44:38 INFO [70/176] Rider / 安德洛墨达（Excel BY2）
21:44:40 INFO 同名语音存在多个不同媒体文件，已使用 _2、_3 后缀：宝具卡1、宝具卡2、宝具卡3、宝具卡4、宝具1、宝具2、宝具3、宝具4
21:44:40 INFO 找到 16 条：宝具卡1.mp3、宝具卡2.mp3、宝具卡3.mp3、宝具卡4.mp3、宝具1.mp3、宝具2.mp3、宝具3.mp3、宝具4.mp3、宝具卡1_2.mp3、宝具卡2_2.mp3、宝具卡3_2.mp3、宝具卡4_2.mp3、宝具1_2.mp3、宝具2_2.mp3、宝具3_2.mp3、宝具4_2.mp3
21:44:40 INFO 下载：https://media.fgo.wiki/b/be/SV406_0_%E5%AE%9D%E5%85%B7%E5%8D%A11.mp3?v=evxhccgjectuhsm48gawhcxrdb7kj1u
21:44:41 INFO 保存：从者语音\Rider\安德洛墨达\宝具卡1.mp3
21:44:41 INFO 下载：https://media.fgo.wiki/6/63/SV406_0_%E5%AE%9D%E5%85%B7%E5%8D%A12.mp3?v=e7jqsot4o2lxmrr8rimop6ogzhzn7g6
21:44:41 INFO 保存：从者语音\Rider\安德洛墨达\宝具卡2.mp3
21:44:41 INFO 下载：https://media.fgo.wiki/d/d3/SV406_0_%E5%AE%9D%E5%85%B7%E5%8D%A13.mp3?v=9u8jvblavw9qmqnzvw22l8kjxp9pkem
21:44:42 INFO 保存：从者语音\Rider\安德洛墨达\宝具卡3.mp3
21:44:42 INFO 下载：https://media.fgo.wiki/e/e0/SV406_0_%E5%AE%9D%E5%85%B7%E5%8D%A14.mp3?v=n3t6omicexi4wef5aebijvxfsy58n4k
21:44:43 INFO 保存：从者语音\Rider\安德洛墨达\宝具卡4.mp3
21:44:43 INFO 下载：https://media.fgo.wiki/6/65/SV406_0_%E5%AE%9D%E5%85%B71.mp3?v=hnpnvj306p631ic2bjclo7dw5qakdfl
21:44:44 INFO 保存：从者语音\Rider\安德洛墨达\宝具1.mp3
21:44:44 INFO 下载：https://media.fgo.wiki/f/ff/SV406_0_%E5%AE%9D%E5%85%B72.mp3?v=ozth9osvjlxleisbyfk1g6r530mds9p
21:44:45 INFO 保存：从者语音\Rider\安德洛墨达\宝具2.mp3
21:44:45 INFO 下载：https://media.fgo.wiki/7/7b/SV406_0_%E5%AE%9D%E5%85%B73.mp3?v=agje5sv6ie1qbhz4kkvqv7ruh57eyos
21:44:47 INFO 保存：从者语音\Rider\安德洛墨达\宝具3.mp3
21:44:47 INFO 下载：https://media.fgo.wiki/2/2a/SV406_0_%E5%AE%9D%E5%85%B74.mp3?v=842il9ckqez2llrf0nmbl1ljq5iq6nl
21:47:35 WARNING 请求失败，1.5 秒后重试 (1/5)：https://media.fgo.wiki/2/2a/SV406_0_%E5%AE%9D%E5%85%B74.mp3?v=842il9ckqez2llrf0nmbl1ljq5iq6nl；<urlopen error [WinError 10060] 由于连接方在一段时间后没有正确答复或连接的主机没有反应，连接尝试失败。>
21:47:38 INFO 保存：从者语音\Rider\安德洛墨达\宝具4.mp3
21:47:38 INFO 下载：https://media.fgo.wiki/6/67/SV406_2_%E5%AE%9D%E5%85%B7%E5%8D%A11.mp3?v=evxhccgjectuhsm48gawhcxrdb7kj1u
21:47:39 INFO 保存：从者语音\Rider\安德洛墨达\宝具卡1_2.mp3
21:47:39 INFO 下载：https://media.fgo.wiki/8/82/SV406_2_%E5%AE%9D%E5%85%B7%E5%8D%A12.mp3?v=e7jqsot4o2lxmrr8rimop6ogzhzn7g6
21:47:40 INFO 保存：从者语音\Rider\安德洛墨达\宝具卡2_2.mp3
21:47:40 INFO 下载：https://media.fgo.wiki/a/aa/SV406_2_%E5%AE%9D%E5%85%B7%E5%8D%A13.mp3?v=9u8jvblavw9qmqnzvw22l8kjxp9pkem
21:47:40 INFO 保存：从者语音\Rider\安德洛墨达\宝具卡3_2.mp3
21:47:40 INFO 下载：https://media.fgo.wiki/3/3c/SV406_2_%E5%AE%9D%E5%85%B7%E5%8D%A14.mp3?v=n3t6omicexi4wef5aebijvxfsy58n4k
21:47:41 INFO 保存：从者语音\Rider\安德洛墨达\宝具卡4_2.mp3
21:47:41 INFO 下载：https://media.fgo.wiki/5/55/SV406_2_%E5%AE%9D%E5%85%B71.mp3?v=hnpnvj306p631ic2bjclo7dw5qakdfl
21:47:42 INFO 保存：从者语音\Rider\安德洛墨达\宝具1_2.mp3
21:47:42 INFO 下载：https://media.fgo.wiki/2/2b/SV406_2_%E5%AE%9D%E5%85%B72.mp3?v=ozth9osvjlxleisbyfk1g6r530mds9p
21:47:43 INFO 保存：从者语音\Rider\安德洛墨达\宝具2_2.mp3
21:47:43 INFO 下载：https://media.fgo.wiki/0/07/SV406_2_%E5%AE%9D%E5%85%B73.mp3?v=agje5sv6ie1qbhz4kkvqv7ruh57eyos
21:47:45 INFO 保存：从者语音\Rider\安德洛墨达\宝具3_2.mp3
21:47:45 INFO 下载：https://media.fgo.wiki/6/60/SV406_2_%E5%AE%9D%E5%85%B74.mp3?v=842il9ckqez2llrf0nmbl1ljq5iq6nl
21:47:46 INFO 保存：从者语音\Rider\安德洛墨达\宝具4_2.mp3
21:47:46 INFO [71/176] Caster / 诸葛孔明〔埃尔梅罗Ⅱ世〕（Excel CA2）
21:47:49 INFO 同名语音存在多个不同媒体文件，已使用 _2、_3 后缀：宝具卡1、宝具1
21:47:49 INFO 找到 4 条：宝具卡1.mp3、宝具1.mp3、宝具卡1_2.mp3、宝具1_2.mp3
21:47:49 INFO 下载：https://media.fgo.wiki/6/6e/037lddi_npse.mp3?v=a38dz40b89oozdsxmql9882zk4gimzy
21:47:50 INFO 保存：从者语音\Caster\诸葛孔明〔埃尔梅罗Ⅱ世〕\宝具卡1.mp3
21:47:50 INFO 下载：https://media.fgo.wiki/f/f4/037lddi_np.mp3?v=ccwsma84h5sbww29yc6bnb9tj25zq6y
21:47:52 INFO 保存：从者语音\Caster\诸葛孔明〔埃尔梅罗Ⅱ世〕\宝具1.mp3
21:47:52 INFO 下载：https://media.fgo.wiki/a/af/037wvdi_npse.mp3?v=9rmd5vww5gofa3lof0yvgq9kmrjx0v2
21:47:53 INFO 保存：从者语音\Caster\诸葛孔明〔埃尔梅罗Ⅱ世〕\宝具卡1_2.mp3
21:47:53 INFO 下载：https://media.fgo.wiki/f/fd/037wvdi_np.mp3?v=m4t0cjoyhji8x0yqnykgmdm6pf9o786
21:47:54 INFO 保存：从者语音\Caster\诸葛孔明〔埃尔梅罗Ⅱ世〕\宝具1_2.mp3
21:47:54 INFO [72/176] Caster / 玉藻前（Excel CB2）
21:47:56 INFO 同名语音存在多个不同媒体文件，已使用 _2、_3 后缀：宝具卡1、宝具1
21:47:56 INFO 找到 4 条：宝具卡1.mp3、宝具1.mp3、宝具卡1_2.mp3、宝具1_2.mp3
21:47:56 INFO 下载：https://media.fgo.wiki/f/fe/062di_npse.mp3?v=gk777lmhh1p7qbcu8ydfuuvq0v8cytp
21:47:57 INFO 保存：从者语音\Caster\玉藻前\宝具卡1.mp3
21:47:57 INFO 下载：https://media.fgo.wiki/b/b6/062di_np.mp3?v=q28uleiiz9klm3nepoojin2cag8mr73
21:47:59 INFO 保存：从者语音\Caster\玉藻前\宝具1.mp3
21:47:59 INFO 下载：https://media.fgo.wiki/f/fe/06202di_npse.mp3?v=fjm0c07nft87myn379lf7ao61c78klh
21:48:01 INFO 保存：从者语音\Caster\玉藻前\宝具卡1_2.mp3
21:48:01 INFO 下载：https://media.fgo.wiki/1/18/06202di_np.mp3?v=7s112mqqjxnl2ce0cb9imvqfqcrylpz
21:48:03 INFO 保存：从者语音\Caster\玉藻前\宝具1_2.mp3
21:48:03 INFO [73/176] Caster / 玄奘三藏（Excel CC2）
21:48:04 INFO 找到 2 条：宝具卡1.mp3、宝具1.mp3
21:48:04 INFO 下载：https://media.fgo.wiki/8/83/113di_npse.mp3?v=r0rib608fqpsdpofzjkuj63onn38fri
21:48:05 INFO 保存：从者语音\Caster\玄奘三藏\宝具卡1.mp3
21:48:05 INFO 下载：https://media.fgo.wiki/0/0c/113di_np.mp3?v=rbrh07i4bsem5w71p4tcr3n4me0r122
21:48:07 INFO 保存：从者语音\Caster\玄奘三藏\宝具1.mp3
21:48:07 INFO [74/176] Caster / 莱昂纳多·达·芬奇（Excel CD2）
21:48:10 INFO 找到 2 条：宝具卡1.mp3、宝具1.mp3
21:48:10 INFO 下载：https://media.fgo.wiki/5/5a/127di_npse.mp3?v=k78mtiwps3rjgiyc0js4ivxwxs7g4pk
21:48:12 INFO 保存：从者语音\Caster\莱昂纳多·达·芬奇\宝具卡1.mp3
21:48:12 INFO 下载：https://media.fgo.wiki/d/df/127di_np.mp3?v=0m2fe34xdmcl4taydu26nr49jwixd6z
21:48:14 INFO 保存：从者语音\Caster\莱昂纳多·达·芬奇\宝具1.mp3
21:48:14 INFO [75/176] Caster / 伊莉雅丝菲尔·冯·爱因兹贝伦（Excel CE2）
21:48:15 INFO 同名语音存在多个不同媒体文件，已使用 _2、_3 后缀：宝具1
21:48:15 INFO 找到 3 条：宝具卡1.mp3、宝具1.mp3、宝具1_2.mp3
21:48:15 INFO 下载：https://media.fgo.wiki/8/8d/%E4%BC%8A%E8%8E%89%E9%9B%85%C2%B7%E5%AE%9D%E5%85%B7%E5%8D%A1.ogg?v=1ouhwqu1fzlmwdncjsmtcm5uksj3w8e
21:48:17 INFO 保存：从者语音\Caster\伊莉雅丝菲尔·冯·爱因兹贝伦\宝具卡1.mp3
21:48:17 INFO 下载：https://media.fgo.wiki/6/6c/%E4%BC%8A%E8%8E%89%E9%9B%85%C2%B7%E5%AE%9D%E5%85%B7.ogg?v=l1snzc1prxrbu57nyfu7ctof4cx4e45
21:48:18 INFO 保存：从者语音\Caster\伊莉雅丝菲尔·冯·爱因兹贝伦\宝具1.mp3
21:48:18 INFO 下载：https://media.fgo.wiki/3/31/136tmdi_np.mp3?v=mpew9xklecwoyewjfbn0357rigkdf70
21:48:20 INFO 保存：从者语音\Caster\伊莉雅丝菲尔·冯·爱因兹贝伦\宝具1_2.mp3
21:48:20 INFO [76/176] Caster / 梅林（Excel CF2）
21:48:22 INFO 同名语音存在多个不同媒体文件，已使用 _2、_3 后缀：宝具卡1、宝具卡2
21:48:22 INFO 找到 6 条：宝具卡1.mp3、宝具卡2.mp3、宝具1.mp3、宝具2.mp3、宝具卡1_2.mp3、宝具卡2_2.mp3
21:48:22 INFO 下载：https://media.fgo.wiki/e/e0/%E6%A2%85%E6%9E%97%E5%AE%9D%E5%85%B7%E5%8D%A1%E8%AF%AD%E9%9F%B3.ogg?v=4yodgu6zh73i7ib2aucm9fq83yiea42
21:48:23 INFO 保存：从者语音\Caster\梅林\宝具卡1.mp3
21:48:23 INFO 下载：https://media.fgo.wiki/c/cc/SV150_0_%E5%AE%9D%E5%85%B7%E5%8D%A12.mp3?v=56dbmeg507jtfc6chu75df2exx8hlsz
21:48:24 INFO 保存：从者语音\Caster\梅林\宝具卡2.mp3
21:48:24 INFO 下载：https://media.fgo.wiki/8/8d/%E6%A2%85%E6%9E%97%E5%AE%9D%E5%85%B7%E8%AF%AD%E9%9F%B3.ogg?v=9ugljm3zgcme7xgunoancjfuyoqq7p7
21:48:25 INFO 保存：从者语音\Caster\梅林\宝具1.mp3
21:48:25 INFO 下载：https://media.fgo.wiki/7/7f/SV150_0_%E5%AE%9D%E5%85%B72.mp3?v=ezmw6fg7beaqj1p8393k4vcqmat2thl
21:48:27 INFO 保存：从者语音\Caster\梅林\宝具2.mp3
21:48:27 INFO 下载：https://media.fgo.wiki/6/64/SV150_11_%E5%AE%9D%E5%85%B7%E5%8D%A11.mp3?v=f63tfwsh5bq2grz6sgsz571z833pw4y
21:48:28 INFO 保存：从者语音\Caster\梅林\宝具卡1_2.mp3
21:48:28 INFO 下载：https://media.fgo.wiki/c/c4/SV150_11_%E5%AE%9D%E5%85%B7%E5%8D%A12.mp3?v=f620pybou72ohcgjddb9eiee8hc00a1
21:48:29 INFO 保存：从者语音\Caster\梅林\宝具卡2_2.mp3
21:48:29 INFO [77/176] Caster / 不夜城的Caster（Excel CG2）
21:48:31 INFO 同名语音存在多个不同媒体文件，已使用 _2、_3 后缀：宝具卡1、宝具1
21:48:31 INFO 找到 4 条：宝具卡1.mp3、宝具1.mp3、宝具卡1_2.mp3、宝具1_2.mp3
21:48:31 INFO 下载：https://media.fgo.wiki/3/3c/169di_npse.mp3?v=puvwzugmbb7uirnol9tflna9jdnp7hj
21:48:32 INFO 保存：从者语音\Caster\不夜城的Caster\宝具卡1.mp3
21:48:32 INFO 下载：https://media.fgo.wiki/3/38/169di_np.mp3?v=qbn32fp15sx1fcx9dum97zs21kutupn
21:48:34 INFO 保存：从者语音\Caster\不夜城的Caster\宝具1.mp3
21:48:34 INFO 下载：https://media.fgo.wiki/8/86/169tndi_npse.mp3?v=7op0sfxmxfq3xe0eabpvk3vraahjnav
21:48:35 INFO 保存：从者语音\Caster\不夜城的Caster\宝具卡1_2.mp3
21:48:35 INFO 下载：https://media.fgo.wiki/3/3b/169tndi_np.mp3?v=mi7bc742j5e1f15kot4q4mag6xlrys0
21:48:37 INFO 保存：从者语音\Caster\不夜城的Caster\宝具1_2.mp3
21:48:37 INFO [78/176] Caster / 尼禄·克劳狄乌斯(Caster)（Excel CH2）
21:48:39 INFO 找到 4 条：宝具卡1.mp3、宝具卡2.mp3、宝具1.mp3、宝具2.mp3
21:48:39 INFO 下载：https://media.fgo.wiki/9/90/175di_npse1.mp3?v=e76o6n43ey6piibqrt5zscqztodjoro
21:48:41 INFO 保存：从者语音\Caster\尼禄·克劳狄乌斯(Caster)\宝具卡1.mp3
21:48:41 INFO 下载：https://media.fgo.wiki/6/6c/175di_npse2.mp3?v=85ug4mv4esxygjo4rdcwcotc3ka3uy7
21:48:43 INFO 保存：从者语音\Caster\尼禄·克劳狄乌斯(Caster)\宝具卡2.mp3
21:48:43 INFO 下载：https://media.fgo.wiki/2/21/175di_np1.mp3?v=g1d0s58m2qsbygahgmw6ftq15fb12cr
21:48:46 INFO 保存：从者语音\Caster\尼禄·克劳狄乌斯(Caster)\宝具1.mp3
21:48:46 INFO 下载：https://media.fgo.wiki/1/1f/175di_np2.mp3?v=675r9nf3x265sq7ugqesx8d6e968fl2
21:48:48 INFO 保存：从者语音\Caster\尼禄·克劳狄乌斯(Caster)\宝具2.mp3
21:48:48 INFO [79/176] Caster / 阿纳斯塔西娅（Excel CI2）
21:48:51 INFO 同名语音存在多个不同媒体文件，已使用 _2、_3 后缀：宝具1
21:48:51 INFO 找到 5 条：宝具卡1.mp3、宝具卡2.mp3、宝具1.mp3、宝具2.mp3、宝具1_2.mp3
21:48:51 INFO 下载：https://media.fgo.wiki/9/95/%E9%98%BF%E7%BA%B3%E6%96%AF%E5%A1%94%E8%A5%BF%E5%A8%85-%E5%AE%9D%E5%85%B7%E5%8D%A11.mp3?v=jttksw842vldsowp1u4ncd850kjck4e
21:48:52 INFO 保存：从者语音\Caster\阿纳斯塔西娅\宝具卡1.mp3
21:48:52 INFO 下载：https://media.fgo.wiki/a/a8/%E9%98%BF%E7%BA%B3%E6%96%AF%E5%A1%94%E8%A5%BF%E5%A8%85-%E5%AE%9D%E5%85%B7%E5%8D%A12.mp3?v=chbx7l77gplm96ids4kmvms02gd78h2
21:48:53 INFO 保存：从者语音\Caster\阿纳斯塔西娅\宝具卡2.mp3
21:48:53 INFO 下载：https://media.fgo.wiki/b/b4/%E9%98%BF%E7%BA%B3%E6%96%AF%E5%A1%94%E8%A5%BF%E5%A8%85-%E5%AE%9D%E5%85%B71.mp3?v=hqwyzid6qejs50tx3vcr4ypfhtedek8
21:48:55 INFO 保存：从者语音\Caster\阿纳斯塔西娅\宝具1.mp3
21:48:55 INFO 下载：https://media.fgo.wiki/7/78/%E9%98%BF%E7%BA%B3%E6%96%AF%E5%A1%94%E8%A5%BF%E5%A8%85-%E5%AE%9D%E5%85%B72.mp3?v=ob5tq2tl5eyc9on34tfsb32zvidoekq
21:48:57 INFO 保存：从者语音\Caster\阿纳斯塔西娅\宝具2.mp3
21:48:57 INFO 下载：https://media.fgo.wiki/d/d1/SV201-E-np.mp3?v=bfj10jaaec4ns2sav003bdp4pt684sg
21:48:58 INFO 保存：从者语音\Caster\阿纳斯塔西娅\宝具1_2.mp3
21:48:58 INFO [80/176] Caster / 斯卡哈·斯卡蒂（Excel CJ2）
21:49:00 INFO 找到 5 条：宝具卡1.mp3、宝具卡2.mp3、宝具1.mp3、宝具2.mp3、宝具3.mp3
21:49:00 INFO 下载：https://media.fgo.wiki/7/77/215di_npse1.mp3?v=0zspnnf5k1waunfyxdgds5awgw0v1kr
21:49:02 INFO 保存：从者语音\Caster\斯卡哈·斯卡蒂\宝具卡1.mp3
21:49:02 INFO 下载：https://media.fgo.wiki/7/79/215di_npse2.mp3?v=8mi682rz085byd62pdd15n6bar1q0dm
21:49:03 INFO 保存：从者语音\Caster\斯卡哈·斯卡蒂\宝具卡2.mp3
21:49:03 INFO 下载：https://media.fgo.wiki/6/6b/215di_np1.mp3?v=pdtbtr9eajy7ro0pls4mjjcrv8ou4h0
21:49:06 INFO 保存：从者语音\Caster\斯卡哈·斯卡蒂\宝具1.mp3
21:49:06 INFO 下载：https://media.fgo.wiki/9/9c/215di_np2.mp3?v=85m3h2ogenglyut16zk6dqfml12mike
21:49:08 INFO 保存：从者语音\Caster\斯卡哈·斯卡蒂\宝具2.mp3
21:49:08 INFO 下载：https://media.fgo.wiki/2/26/215di_np3.mp3?v=bbulbditdhem2s9mn7rmiwlsesom0lz
21:49:10 INFO 保存：从者语音\Caster\斯卡哈·斯卡蒂\宝具3.mp3
21:49:10 INFO [81/176] Caster / 紫式部（Excel CK2）
21:49:13 INFO 找到 4 条：宝具卡1.mp3、宝具卡2.mp3、宝具1.mp3、宝具2.mp3
21:49:13 INFO 下载：https://media.fgo.wiki/d/da/SV237_0_%E5%AE%9D%E5%85%B7%E5%8D%A11.mp3?v=n5kx1y2wzwsm2n96icfmoabfcr6w959
21:49:14 INFO 保存：从者语音\Caster\紫式部\宝具卡1.mp3
21:49:14 INFO 下载：https://media.fgo.wiki/9/98/SV237_0_%E5%AE%9D%E5%85%B7%E5%8D%A12.mp3?v=ombhgkiptpgjgq7buvp8eln24gygdvm
21:49:15 INFO 保存：从者语音\Caster\紫式部\宝具卡2.mp3
21:49:15 INFO 下载：https://media.fgo.wiki/6/67/SV237_0_%E5%AE%9D%E5%85%B71.mp3?v=9jr3s8gwaa1vwlgsq6agela1u1fep3f
21:49:17 INFO 保存：从者语音\Caster\紫式部\宝具1.mp3
21:49:17 INFO 下载：https://media.fgo.wiki/1/1a/SV237_0_%E5%AE%9D%E5%85%B72.mp3?v=r6zkb6tdedbmz66dclmgln3x36bayqz
21:49:18 INFO 保存：从者语音\Caster\紫式部\宝具2.mp3
21:49:18 INFO [82/176] Caster / 阿尔托莉雅·卡斯特（Excel CL2）
21:49:21 INFO 同名语音存在多个不同媒体文件，已使用 _2、_3 后缀：宝具卡1、宝具卡2、宝具卡3、宝具1、宝具2
21:49:21 INFO 找到 10 条：宝具卡1.mp3、宝具卡2.mp3、宝具卡3.mp3、宝具1.mp3、宝具2.mp3、宝具卡1_2.mp3、宝具卡2_2.mp3、宝具卡3_2.mp3、宝具1_2.mp3、宝具2_2.mp3
21:49:21 INFO 下载：https://media.fgo.wiki/6/69/SV284_0_%E5%AE%9D%E5%85%B7%E5%8D%A11.mp3?v=t33q18nvp7mu7bp8yae4qz1w7rhwcx6
21:49:22 INFO 保存：从者语音\Caster\阿尔托莉雅·卡斯特\宝具卡1.mp3
21:49:22 INFO 下载：https://media.fgo.wiki/5/56/SV284_0_%E5%AE%9D%E5%85%B7%E5%8D%A12.mp3?v=h0hezxoruyzr7r9de5ipbr7zqrz1hb6
21:49:23 INFO 保存：从者语音\Caster\阿尔托莉雅·卡斯特\宝具卡2.mp3
21:49:23 INFO 下载：https://media.fgo.wiki/3/3d/SV284_0_%E5%AE%9D%E5%85%B7%E5%8D%A13.mp3?v=dk3uawbeh3es0081uofst78yyy62iib
21:49:24 INFO 保存：从者语音\Caster\阿尔托莉雅·卡斯特\宝具卡3.mp3
21:49:24 INFO 下载：https://media.fgo.wiki/c/c3/SV284_0_%E5%AE%9D%E5%85%B71.mp3?v=r2r0xwxqjp0yqku15p8o6pybl1l7czh
21:49:26 INFO 保存：从者语音\Caster\阿尔托莉雅·卡斯特\宝具1.mp3
21:49:26 INFO 下载：https://media.fgo.wiki/7/7b/SV284_0_%E5%AE%9D%E5%85%B72.mp3?v=jpn89xovg7ioxnoophd0uppj27k1dbq
21:49:28 INFO 保存：从者语音\Caster\阿尔托莉雅·卡斯特\宝具2.mp3
21:49:28 INFO 下载：https://media.fgo.wiki/2/26/SV284_2_%E5%AE%9D%E5%85%B7%E5%8D%A11.mp3?v=3vcgft2qx50z52ypqwez8dubqhp20sb
21:49:29 INFO 保存：从者语音\Caster\阿尔托莉雅·卡斯特\宝具卡1_2.mp3
21:49:29 INFO 下载：https://media.fgo.wiki/6/69/SV284_2_%E5%AE%9D%E5%85%B7%E5%8D%A12.mp3?v=j1v29ft45b0fndq9xljqnkeyyy2tega
21:49:30 INFO 保存：从者语音\Caster\阿尔托莉雅·卡斯特\宝具卡2_2.mp3
21:49:30 INFO 下载：https://media.fgo.wiki/c/c7/SV284_2_%E5%AE%9D%E5%85%B7%E5%8D%A13.mp3?v=j8w5fi81jh9g77r719qec0qczeidxyw
21:49:31 INFO 保存：从者语音\Caster\阿尔托莉雅·卡斯特\宝具卡3_2.mp3
21:49:31 INFO 下载：https://media.fgo.wiki/1/18/SV284_2_%E5%AE%9D%E5%85%B71.mp3?v=6sxyryhz8rvo619jznr2mzbtcy27pfz
21:49:33 INFO 保存：从者语音\Caster\阿尔托莉雅·卡斯特\宝具1_2.mp3
21:49:33 INFO 下载：https://media.fgo.wiki/8/8e/SV284_2_%E5%AE%9D%E5%85%B72.mp3?v=pk9ge9azzm3rl5tewp6o9wdl58jo579
21:49:34 INFO 保存：从者语音\Caster\阿尔托莉雅·卡斯特\宝具2_2.mp3
21:49:34 INFO [83/176] Caster / 克莱恩小姐（Excel CM2）
21:49:38 INFO 找到 7 条：宝具卡1.mp3、宝具卡2.mp3、宝具卡3.mp3、宝具卡4.mp3、宝具1.mp3、宝具2.mp3、宝具3.mp3
21:49:38 INFO 下载：https://media.fgo.wiki/f/f4/SV307_0_%E5%AE%9D%E5%85%B7%E5%8D%A11.mp3?v=4q9vku1vpbpvgvh0n3ujayy0v7i8m2p
21:49:39 INFO 保存：从者语音\Caster\克莱恩小姐\宝具卡1.mp3
21:49:39 INFO 下载：https://media.fgo.wiki/5/58/SV307_0_%E5%AE%9D%E5%85%B7%E5%8D%A12.mp3?v=4xx7zxs2azveob73u8ceua6eghjksex
21:49:40 INFO 保存：从者语音\Caster\克莱恩小姐\宝具卡2.mp3
21:49:40 INFO 下载：https://media.fgo.wiki/6/64/SV307_0_%E5%AE%9D%E5%85%B7%E5%8D%A13.mp3?v=mujzuipqqxkwcm5ysh6pl6mv3ap8gfv
21:49:41 INFO 保存：从者语音\Caster\克莱恩小姐\宝具卡3.mp3
21:49:41 INFO 下载：https://media.fgo.wiki/1/16/SV307_0_%E5%AE%9D%E5%85%B7%E5%8D%A14.mp3?v=qkrls2ahdbtytekbsjph1vo3rdlunca
21:49:42 INFO 保存：从者语音\Caster\克莱恩小姐\宝具卡4.mp3
21:49:42 INFO 下载：https://media.fgo.wiki/5/5c/SV307_0_%E5%AE%9D%E5%85%B71.mp3?v=6le1lb3huh49rpuuu2e1kf1jd2otkie
21:49:44 INFO 保存：从者语音\Caster\克莱恩小姐\宝具1.mp3
21:49:44 INFO 下载：https://media.fgo.wiki/4/42/SV307_0_%E5%AE%9D%E5%85%B72.mp3?v=n5aj9n0jngjtafjc06sel95frv9o1wz
21:49:46 INFO 保存：从者语音\Caster\克莱恩小姐\宝具2.mp3
21:49:46 INFO 下载：https://media.fgo.wiki/3/3a/SV307_0_%E5%AE%9D%E5%85%B73.mp3?v=fsywmub1f44fe7zgym22n41555gpqdq
21:49:49 INFO 保存：从者语音\Caster\克莱恩小姐\宝具3.mp3
21:49:49 INFO [84/176] Caster / 出云阿国（Excel CN2）
21:49:52 INFO 找到 6 条：宝具卡1.mp3、宝具卡2.mp3、宝具卡3.mp3、宝具1.mp3、宝具2.mp3、宝具3.mp3
21:49:52 INFO 下载：https://media.fgo.wiki/5/5d/SV327_0_%E5%AE%9D%E5%85%B7%E5%8D%A11.mp3?v=i1kgw03dnyufr0xl4xf7abv0c70y05s
21:49:54 INFO 保存：从者语音\Caster\出云阿国\宝具卡1.mp3
21:49:54 INFO 下载：https://media.fgo.wiki/c/c4/SV327_0_%E5%AE%9D%E5%85%B7%E5%8D%A12.mp3?v=ghy9go1gitv88gpeg0giizd6q5tu21n
21:49:56 INFO 保存：从者语音\Caster\出云阿国\宝具卡2.mp3
21:49:56 INFO 下载：https://media.fgo.wiki/6/65/SV327_0_%E5%AE%9D%E5%85%B7%E5%8D%A13.mp3?v=r5mj6iols2aw4ih7mzaj85r88iwl8kf
21:49:58 INFO 保存：从者语音\Caster\出云阿国\宝具卡3.mp3
21:49:58 INFO 下载：https://media.fgo.wiki/c/c5/SV327_0_%E5%AE%9D%E5%85%B71.mp3?v=j8o4wt54c7q24lw7v6okxnkm061vt45
21:49:59 INFO 保存：从者语音\Caster\出云阿国\宝具1.mp3
21:49:59 INFO 下载：https://media.fgo.wiki/5/56/SV327_0_%E5%AE%9D%E5%85%B72.mp3?v=bifbcshahcz1h61tn814msteif59hcc
21:50:01 INFO 保存：从者语音\Caster\出云阿国\宝具2.mp3
21:50:01 INFO 下载：https://media.fgo.wiki/0/02/SV327_0_%E5%AE%9D%E5%85%B73.mp3?v=eak2i3ka9utrgkxsakt3f4kkm4qtc66
21:50:03 INFO 保存：从者语音\Caster\出云阿国\宝具3.mp3
21:50:03 INFO [85/176] Caster / 雨之魔女梣（Excel CO2）
21:50:06 INFO 同名语音存在多个不同媒体文件，已使用 _2、_3 后缀：宝具卡1、宝具卡2、宝具卡3、宝具1、宝具2
21:50:06 INFO 找到 16 条：宝具卡1.mp3、宝具卡2.mp3、宝具卡3.mp3、宝具1.mp3、宝具2.mp3、宝具卡1_2.mp3、宝具卡2_2.mp3、宝具卡3_2.mp3、宝具1_2.mp3、宝具2_2.mp3、宝具卡1_3.mp3、宝具卡2_3.mp3、宝具卡3_3.mp3、宝具1_3.mp3、宝具2_3.mp3、宝具3.mp3
21:50:06 INFO 下载：https://media.fgo.wiki/d/d2/SV385_0_%E5%AE%9D%E5%85%B7%E5%8D%A11.mp3?v=b91fokluhhsraofgev5n6r6bpbkde4d
21:50:07 INFO 保存：从者语音\Caster\雨之魔女梣\宝具卡1.mp3
21:50:07 INFO 下载：https://media.fgo.wiki/d/d5/SV385_0_%E5%AE%9D%E5%85%B7%E5%8D%A12.mp3?v=coov3r20nokavwzsshnngibx5liampl
21:50:08 INFO 保存：从者语音\Caster\雨之魔女梣\宝具卡2.mp3
21:50:08 INFO 下载：https://media.fgo.wiki/6/6f/SV385_0_%E5%AE%9D%E5%85%B7%E5%8D%A13.mp3?v=34cqcjma2fo6c7te90096uka78098v5
21:50:10 INFO 保存：从者语音\Caster\雨之魔女梣\宝具卡3.mp3
21:50:10 INFO 下载：https://media.fgo.wiki/3/38/SV385_0_%E5%AE%9D%E5%85%B71.mp3?v=h4djp6tsawrzxmkeaw5kdnwe5ux32xw
21:50:11 INFO 保存：从者语音\Caster\雨之魔女梣\宝具1.mp3
21:50:11 INFO 下载：https://media.fgo.wiki/0/00/SV385_0_%E5%AE%9D%E5%85%B72.mp3?v=fez77jgxup7o5l6ansuo8iz4jufbxkt
21:50:16 INFO 保存：从者语音\Caster\雨之魔女梣\宝具2.mp3
21:50:16 INFO 下载：https://media.fgo.wiki/c/c6/SV385_1_%E5%AE%9D%E5%85%B7%E5%8D%A11.mp3?v=pd5s5an7otlosvdccy4on1xy01sh954
21:50:17 INFO 保存：从者语音\Caster\雨之魔女梣\宝具卡1_2.mp3
21:50:17 INFO 下载：https://media.fgo.wiki/8/81/SV385_1_%E5%AE%9D%E5%85%B7%E5%8D%A12.mp3?v=a10dxvp4lo33tunz6p1jj6014g7lkc5
21:50:21 INFO 保存：从者语音\Caster\雨之魔女梣\宝具卡2_2.mp3
21:50:21 INFO 下载：https://media.fgo.wiki/7/7a/SV385_1_%E5%AE%9D%E5%85%B7%E5%8D%A13.mp3?v=oibcfv1cgbzgxgelkwp8i3a0i1n78oj
21:50:23 INFO 保存：从者语音\Caster\雨之魔女梣\宝具卡3_2.mp3
21:50:23 INFO 下载：https://media.fgo.wiki/4/41/SV385_1_%E5%AE%9D%E5%85%B71.mp3?v=6qubo1jx9m92b0ui9o8amz347b4eryk
21:50:25 INFO 保存：从者语音\Caster\雨之魔女梣\宝具1_2.mp3
21:50:25 INFO 下载：https://media.fgo.wiki/a/a9/SV385_1_%E5%AE%9D%E5%85%B72.mp3?v=oyuj4gataapghmt9sibltzfhshpu77g
21:50:27 INFO 保存：从者语音\Caster\雨之魔女梣\宝具2_2.mp3
21:50:27 INFO 下载：https://media.fgo.wiki/a/ac/SV385_2_%E5%AE%9D%E5%85%B7%E5%8D%A11.mp3?v=0ev6djhbec8p3cxt45mlgrfrdrjf09z
21:50:28 INFO 保存：从者语音\Caster\雨之魔女梣\宝具卡1_3.mp3
21:50:28 INFO 下载：https://media.fgo.wiki/3/3b/SV385_2_%E5%AE%9D%E5%85%B7%E5%8D%A12.mp3?v=6okfhwxhld10dutsrhjpdob0fxw6d65
21:50:30 INFO 保存：从者语音\Caster\雨之魔女梣\宝具卡2_3.mp3
21:50:30 INFO 下载：https://media.fgo.wiki/0/00/SV385_2_%E5%AE%9D%E5%85%B7%E5%8D%A13.mp3?v=3zv0boekxv8xv6tao0u3v74kbqok6oh
21:50:31 INFO 保存：从者语音\Caster\雨之魔女梣\宝具卡3_3.mp3
21:50:31 INFO 下载：https://media.fgo.wiki/3/36/SV385_2_%E5%AE%9D%E5%85%B71.mp3?v=e34el3uzjv0oelz9cxk61jq46nacbwq
21:50:34 INFO 保存：从者语音\Caster\雨之魔女梣\宝具1_3.mp3
21:50:34 INFO 下载：https://media.fgo.wiki/1/13/SV385_2_%E5%AE%9D%E5%85%B72.mp3?v=ll8w7i50n19t0a6b6yvkbbhlywcx8ld
21:50:36 INFO 保存：从者语音\Caster\雨之魔女梣\宝具2_3.mp3
21:50:36 INFO 下载：https://media.fgo.wiki/9/9b/SV385_2_%E5%AE%9D%E5%85%B73.mp3?v=mitsbcv34tfrri0v6hxk6izhmk813ud
21:50:37 INFO 保存：从者语音\Caster\雨之魔女梣\宝具3.mp3
21:50:37 INFO [86/176] Caster / 久远寺有珠（Excel CP2）
21:50:40 INFO 同名语音存在多个不同媒体文件，已使用 _2、_3 后缀：宝具卡1、宝具卡2、宝具卡3、宝具1、宝具2、宝具3、宝具4
21:50:40 INFO 找到 14 条：宝具卡1.mp3、宝具卡2.mp3、宝具卡3.mp3、宝具1.mp3、宝具2.mp3、宝具3.mp3、宝具4.mp3、宝具卡1_2.mp3、宝具卡2_2.mp3、宝具卡3_2.mp3、宝具1_2.mp3、宝具2_2.mp3、宝具3_2.mp3、宝具4_2.mp3
21:50:40 INFO 下载：https://media.fgo.wiki/a/ab/SV415_0_%E5%AE%9D%E5%85%B7%E5%8D%A11.mp3?v=k14jf1wfatcymueup5yeh4k7iehq7z2
21:50:41 INFO 保存：从者语音\Caster\久远寺有珠\宝具卡1.mp3
21:50:41 INFO 下载：https://media.fgo.wiki/8/83/SV415_0_%E5%AE%9D%E5%85%B7%E5%8D%A12.mp3?v=6ptmh10nwespt1lae010el8phkx5ik5
21:50:42 INFO 保存：从者语音\Caster\久远寺有珠\宝具卡2.mp3
21:50:42 INFO 下载：https://media.fgo.wiki/5/55/SV415_0_%E5%AE%9D%E5%85%B7%E5%8D%A13.mp3?v=6ulsq5rrja0kkrebknejpj5m2ty9wu1
21:50:44 INFO 保存：从者语音\Caster\久远寺有珠\宝具卡3.mp3
21:50:44 INFO 下载：https://media.fgo.wiki/a/ab/SV415_0_%E5%AE%9D%E5%85%B71.mp3?v=d90ffgktxo4rly7rxcm2s5hlqfyubg7
21:50:45 INFO 保存：从者语音\Caster\久远寺有珠\宝具1.mp3
21:50:45 INFO 下载：https://media.fgo.wiki/a/ab/SV415_0_%E5%AE%9D%E5%85%B72.mp3?v=qvd6y3rp0kka7qyue8oguf79tryvayi
21:50:46 INFO 保存：从者语音\Caster\久远寺有珠\宝具2.mp3
21:50:46 INFO 下载：https://media.fgo.wiki/9/9d/SV415_0_%E5%AE%9D%E5%85%B73.mp3?v=0srca1ay7wj5cek1myb11taddxtzvgb
21:50:47 INFO 保存：从者语音\Caster\久远寺有珠\宝具3.mp3
21:50:47 INFO 下载：https://media.fgo.wiki/a/a6/SV415_0_%E5%AE%9D%E5%85%B74.mp3?v=19n9fim1rsr07gwxps4yy77x7k3uhmb
21:50:49 INFO 保存：从者语音\Caster\久远寺有珠\宝具4.mp3
21:50:49 INFO 下载：https://media.fgo.wiki/5/58/SV415_2_%E5%AE%9D%E5%85%B7%E5%8D%A11.mp3?v=kp9xkpdsvtne43qhocd3wiqln0xbvd8
21:50:50 INFO 保存：从者语音\Caster\久远寺有珠\宝具卡1_2.mp3
21:50:50 INFO 下载：https://media.fgo.wiki/d/dd/SV415_2_%E5%AE%9D%E5%85%B7%E5%8D%A12.mp3?v=koauwsjvm8xydbg63d4hxdj1alvri2i
21:50:51 INFO 保存：从者语音\Caster\久远寺有珠\宝具卡2_2.mp3
21:50:51 INFO 下载：https://media.fgo.wiki/c/cc/SV415_2_%E5%AE%9D%E5%85%B7%E5%8D%A13.mp3?v=0jxtmrkh93pqw6fkx9kcua0z3svclip
21:50:52 INFO 保存：从者语音\Caster\久远寺有珠\宝具卡3_2.mp3
21:50:52 INFO 下载：https://media.fgo.wiki/1/15/SV415_2_%E5%AE%9D%E5%85%B71.mp3?v=76bjkb8bcyllmlq8lh8mn7ozrgpmfiv
21:50:53 INFO 保存：从者语音\Caster\久远寺有珠\宝具1_2.mp3
21:50:53 INFO 下载：https://media.fgo.wiki/5/5a/SV415_2_%E5%AE%9D%E5%85%B72.mp3?v=s6773rvwmzkwh58l04h4vqvc9fyq9so
21:50:55 INFO 保存：从者语音\Caster\久远寺有珠\宝具2_2.mp3
21:50:55 INFO 下载：https://media.fgo.wiki/8/87/SV415_2_%E5%AE%9D%E5%85%B73.mp3?v=pwgemy6wnvoab7i4ljetq8zgyc00ae1
21:50:56 INFO 保存：从者语音\Caster\久远寺有珠\宝具3_2.mp3
21:50:56 INFO 下载：https://media.fgo.wiki/6/65/SV415_2_%E5%AE%9D%E5%85%B74.mp3?v=p4cv42ima53dy4ma6xikrjmlyocyvx8
21:50:57 INFO 保存：从者语音\Caster\久远寺有珠\宝具4_2.mp3
21:50:57 INFO [87/176] Caster / 小野小町（Excel CQ2）
21:51:00 INFO 同名语音存在多个不同媒体文件，已使用 _2、_3 后缀：宝具卡1、宝具卡2、宝具卡3、宝具卡4、宝具1、宝具2、宝具3
21:51:00 INFO 找到 21 条：宝具卡1.mp3、宝具卡2.mp3、宝具卡3.mp3、宝具卡4.mp3、宝具1.mp3、宝具2.mp3、宝具3.mp3、宝具卡1_2.mp3、宝具卡2_2.mp3、宝具卡3_2.mp3、宝具卡4_2.mp3、宝具1_2.mp3、宝具2_2.mp3、宝具3_2.mp3、宝具卡1_3.mp3、宝具卡2_3.mp3、宝具卡3_3.mp3、宝具卡4_3.mp3、宝具1_3.mp3、宝具2_3.mp3、宝具3_3.mp3
21:51:00 INFO 下载：https://media.fgo.wiki/c/c2/SV435_0_%E5%AE%9D%E5%85%B7%E5%8D%A11.mp3?v=4umgeqgl10sqdywh1xpgb4ce5242j5a
21:51:02 INFO 保存：从者语音\Caster\小野小町\宝具卡1.mp3
21:51:02 INFO 下载：https://media.fgo.wiki/4/48/SV435_0_%E5%AE%9D%E5%85%B7%E5%8D%A12.mp3?v=bnbmefq1xo94j7341ofe20weneink3z
21:51:02 INFO 保存：从者语音\Caster\小野小町\宝具卡2.mp3
21:51:02 INFO 下载：https://media.fgo.wiki/4/4e/SV435_0_%E5%AE%9D%E5%85%B7%E5%8D%A13.mp3?v=pj965rx2r69t4tb5w2bzso64vgn3o8u
21:51:03 INFO 保存：从者语音\Caster\小野小町\宝具卡3.mp3
21:51:03 INFO 下载：https://media.fgo.wiki/7/74/SV435_0_%E5%AE%9D%E5%85%B7%E5%8D%A14.mp3?v=103k1s2bpl9gzm4clbrfhuserwl6ol0
21:51:04 INFO 保存：从者语音\Caster\小野小町\宝具卡4.mp3
21:51:04 INFO 下载：https://media.fgo.wiki/6/6a/SV435_0_%E5%AE%9D%E5%85%B71.mp3?v=9g94j46lhasl2chuhzijsjh8ejek379
21:51:05 INFO 保存：从者语音\Caster\小野小町\宝具1.mp3
21:51:05 INFO 下载：https://media.fgo.wiki/9/90/SV435_0_%E5%AE%9D%E5%85%B72.mp3?v=92k7f9cu4h4f8y68d2tmudll7hs6jb2
21:51:06 INFO 保存：从者语音\Caster\小野小町\宝具2.mp3
21:51:06 INFO 下载：https://media.fgo.wiki/c/c6/SV435_0_%E5%AE%9D%E5%85%B73.mp3?v=0cril4j4dks737kanccfkevblxecwus
21:51:07 INFO 保存：从者语音\Caster\小野小町\宝具3.mp3
21:51:07 INFO 下载：https://media.fgo.wiki/d/db/SV435_1_%E5%AE%9D%E5%85%B7%E5%8D%A11.mp3?v=a9bjw9jprfzc9aj32lbav4szek6um9k
21:51:08 INFO 保存：从者语音\Caster\小野小町\宝具卡1_2.mp3
21:51:08 INFO 下载：https://media.fgo.wiki/b/b3/SV435_1_%E5%AE%9D%E5%85%B7%E5%8D%A12.mp3?v=jopzga5vmb7dbceepngld79ektt9k8f
21:51:09 INFO 保存：从者语音\Caster\小野小町\宝具卡2_2.mp3
21:51:09 INFO 下载：https://media.fgo.wiki/4/41/SV435_1_%E5%AE%9D%E5%85%B7%E5%8D%A13.mp3?v=82w822g4uft6zalu3r75zqxhamx6mtw
21:51:09 INFO 保存：从者语音\Caster\小野小町\宝具卡3_2.mp3
21:51:09 INFO 下载：https://media.fgo.wiki/c/ce/SV435_1_%E5%AE%9D%E5%85%B7%E5%8D%A14.mp3?v=mhlnfi2s1rvvgj8fk6kp127nqv17kdy
21:51:11 INFO 保存：从者语音\Caster\小野小町\宝具卡4_2.mp3
21:51:11 INFO 下载：https://media.fgo.wiki/d/d2/SV435_1_%E5%AE%9D%E5%85%B71.mp3?v=9g94j46lhasl2chuhzijsjh8ejek379
21:51:12 INFO 保存：从者语音\Caster\小野小町\宝具1_2.mp3
21:51:12 INFO 下载：https://media.fgo.wiki/0/08/SV435_1_%E5%AE%9D%E5%85%B72.mp3?v=92k7f9cu4h4f8y68d2tmudll7hs6jb2
21:51:14 INFO 保存：从者语音\Caster\小野小町\宝具2_2.mp3
21:51:14 INFO 下载：https://media.fgo.wiki/9/9c/SV435_1_%E5%AE%9D%E5%85%B73.mp3?v=0cril4j4dks737kanccfkevblxecwus
21:51:15 INFO 保存：从者语音\Caster\小野小町\宝具3_2.mp3
21:51:15 INFO 下载：https://media.fgo.wiki/3/3b/SV435_2_%E5%AE%9D%E5%85%B7%E5%8D%A11.mp3?v=theo6281369kpl6ebx86r2m6p29pa73
21:51:16 INFO 保存：从者语音\Caster\小野小町\宝具卡1_3.mp3
21:51:16 INFO 下载：https://media.fgo.wiki/3/3b/SV435_2_%E5%AE%9D%E5%85%B7%E5%8D%A12.mp3?v=czwkxhl9cgox9xw8ser5fa6qj3c4774
21:51:18 INFO 保存：从者语音\Caster\小野小町\宝具卡2_3.mp3
21:51:18 INFO 下载：https://media.fgo.wiki/a/a0/SV435_2_%E5%AE%9D%E5%85%B7%E5%8D%A13.mp3?v=k2tpm4rmkhx9jzmbj2nc0vn2xkdr0hh
21:51:19 INFO 保存：从者语音\Caster\小野小町\宝具卡3_3.mp3
21:51:19 INFO 下载：https://media.fgo.wiki/8/82/SV435_2_%E5%AE%9D%E5%85%B7%E5%8D%A14.mp3?v=5vaj62m6qm28vah7dv31nj3mk62gwm7
21:51:20 INFO 保存：从者语音\Caster\小野小町\宝具卡4_3.mp3
21:51:20 INFO 下载：https://media.fgo.wiki/8/81/SV435_2_%E5%AE%9D%E5%85%B71.mp3?v=r1q8dnb28qv9411twwy81t4982xegn8
21:51:21 INFO 保存：从者语音\Caster\小野小町\宝具1_3.mp3
21:51:21 INFO 下载：https://media.fgo.wiki/7/71/SV435_2_%E5%AE%9D%E5%85%B72.mp3?v=ocftrfe8dw1opmxdgovobqonw8r0rjk
21:51:22 INFO 保存：从者语音\Caster\小野小町\宝具2_3.mp3
21:51:22 INFO 下载：https://media.fgo.wiki/6/67/SV435_2_%E5%AE%9D%E5%85%B73.mp3?v=pq0mvz6btttkybhsrtlydkvys33hw6f
21:51:23 INFO 保存：从者语音\Caster\小野小町\宝具3_3.mp3
21:51:23 INFO [88/176] Assassin / 开膛手杰克（Excel CS2）
21:51:25 INFO 找到 5 条：宝具卡1.mp3、宝具卡2.mp3、宝具1.mp3、宝具2.mp3、宝具3.mp3
21:51:25 INFO 下载：https://media.fgo.wiki/8/8a/%E5%BC%80%E8%86%9B%E6%89%8B%E6%9D%B0%E5%85%8B%C2%B7%E5%AE%9D%E5%85%B7%E5%8D%A1.ogx?v=289hscbd19ppb8raf5mxd58a2j2qfw5
21:51:26 INFO 保存：从者语音\Assassin\开膛手杰克\宝具卡1.mp3
21:51:26 INFO 下载：https://media.fgo.wiki/8/85/SV75_0_%E5%AE%9D%E5%85%B7%E5%8D%A12.mp3?v=em6vzxd61iasuiacozzfz8b805e6sda
21:51:27 INFO 保存：从者语音\Assassin\开膛手杰克\宝具卡2.mp3
21:51:27 INFO 下载：https://media.fgo.wiki/1/17/%E5%BC%80%E8%86%9B%E6%89%8B%E6%9D%B0%E5%85%8B%C2%B7%E5%AE%9D%E5%85%B7.ogx?v=qfuczr6oigxvc2unm7haahveykwsf3t
21:51:28 INFO 保存：从者语音\Assassin\开膛手杰克\宝具1.mp3
21:51:28 INFO 下载：https://media.fgo.wiki/d/db/SV75_0_%E5%AE%9D%E5%85%B72.mp3?v=ckw30w3khb1o1dmcezld04j2yrmp2zu
21:51:29 INFO 保存：从者语音\Assassin\开膛手杰克\宝具2.mp3
21:51:29 INFO 下载：https://media.fgo.wiki/c/c2/SV75_0_%E5%AE%9D%E5%85%B73.mp3?v=5l2yyffjiwxlq8hip8m50v5c2uyqyth
21:51:30 INFO 保存：从者语音\Assassin\开膛手杰克\宝具3.mp3
21:51:30 INFO [89/176] Assassin / 谜之女主角X（Excel CT2）
21:51:33 INFO 同名语音存在多个不同媒体文件，已使用 _2、_3 后缀：宝具1
21:51:33 INFO 找到 5 条：宝具卡1.mp3、宝具卡2.mp3、宝具1.mp3、宝具2.mp3、宝具1_2.mp3
21:51:33 INFO 下载：https://media.fgo.wiki/d/d6/086di_npse1.mp3?v=gwb7tjy3kaqczlc241q1vwln4ja9fho
21:51:34 INFO 保存：从者语音\Assassin\谜之女主角X\宝具卡1.mp3
21:51:34 INFO 下载：https://media.fgo.wiki/7/71/086di_npse2.mp3?v=prl3of5sn34g32ttsfj2yjn1o8ka7dl
21:51:36 INFO 保存：从者语音\Assassin\谜之女主角X\宝具卡2.mp3
21:51:36 INFO 下载：https://media.fgo.wiki/f/f7/086di_np1.mp3?v=hvuv3k3ssol2sz73cuy0pgwmapln49q
21:51:37 INFO 保存：从者语音\Assassin\谜之女主角X\宝具1.mp3
21:51:37 INFO 下载：https://media.fgo.wiki/4/43/086di_np2.mp3?v=3fo22rlfch6z516sv3d85c5p97fk26i
21:51:39 INFO 保存：从者语音\Assassin\谜之女主角X\宝具2.mp3
21:51:39 INFO 下载：https://media.fgo.wiki/9/9c/%E5%A5%B3%E4%B8%BB%E8%A7%92Z_%E5%AE%9D%E5%85%B71.mp3?v=geyd0yzpee65hebn8mgcv21jvmo67w1
21:51:40 INFO 保存：从者语音\Assassin\谜之女主角X\宝具1_2.mp3
21:51:40 INFO [90/176] Assassin / 酒吞童子（Excel CU2）
21:51:42 INFO 同名语音存在多个不同媒体文件，已使用 _2、_3 后缀：宝具卡1
21:51:42 INFO 找到 4 条：宝具卡1.mp3、宝具1.mp3、宝具2.mp3、宝具卡1_2.mp3
21:51:42 INFO 下载：https://media.fgo.wiki/4/4c/%E9%85%92%E5%90%9E%E7%AB%A5%E5%AD%90%E8%AF%AD%E9%9F%B3_%E5%AE%9D%E5%85%B7%E5%8D%A1.mp3?v=ogfm724g0ivoe7fg45qwpyahdb519ch
21:51:43 INFO 保存：从者语音\Assassin\酒吞童子\宝具卡1.mp3
21:51:43 INFO 下载：https://media.fgo.wiki/0/0a/%E9%85%92%E5%90%9E%E7%AB%A5%E5%AD%90%E8%AF%AD%E9%9F%B3_%E5%AE%9D%E5%85%B71.mp3?v=rcpa6nszy4u6uafzlu1gu4ocasmhfqb
21:51:45 INFO 保存：从者语音\Assassin\酒吞童子\宝具1.mp3
21:51:45 INFO 下载：https://media.fgo.wiki/e/e5/%E9%85%92%E5%90%9E%E7%AB%A5%E5%AD%90%E8%AF%AD%E9%9F%B3_%E5%AE%9D%E5%85%B72.mp3?v=ii1okhk8nxl81g2cos76lzwiqy1szjh
21:51:47 INFO 保存：从者语音\Assassin\酒吞童子\宝具2.mp3
21:51:47 INFO 下载：https://media.fgo.wiki/b/b5/SV112_11_%E5%AE%9D%E5%85%B7%E5%8D%A1.mp3?v=cgiemvawbvv0sr2g2tv2rjztw1qcifb
21:51:48 INFO 保存：从者语音\Assassin\酒吞童子\宝具卡1_2.mp3
21:51:48 INFO [91/176] Assassin / 克娄巴特拉（Excel CV2）
21:51:50 INFO 找到 2 条：宝具卡1.mp3、宝具1.mp3
21:51:50 INFO 下载：https://media.fgo.wiki/1/17/139di_npse.mp3?v=pt9z9ll99i4yzr927r6aewqf0uhar4q
21:51:51 INFO 保存：从者语音\Assassin\克娄巴特拉\宝具卡1.mp3
21:51:51 INFO 下载：https://media.fgo.wiki/3/36/139di_np.mp3?v=k72d6wei5e98wv8isz9enroobbbaldx
21:51:53 INFO 保存：从者语音\Assassin\克娄巴特拉\宝具1.mp3
21:51:53 INFO [92/176] Assassin / “山中老人”（Excel CW2）
21:51:55 INFO 找到 2 条：宝具卡1.mp3、宝具1.mp3
21:51:55 INFO 下载：https://media.fgo.wiki/5/59/154di_npse.mp3?v=6poihcmwfi2ko3jdjaynukkoyscts0y
21:51:56 INFO 保存：从者语音\Assassin\“山中老人”\宝具卡1.mp3
21:51:56 INFO 下载：https://media.fgo.wiki/b/bb/154di_np.mp3?v=t8rv6gscd8byjnltppk6z3gblz1j5b3
21:51:58 INFO 保存：从者语音\Assassin\“山中老人”\宝具1.mp3
21:51:58 INFO [93/176] Assassin / 刑部姬（Excel CX2）
21:52:00 INFO 找到 3 条：宝具卡1.mp3、宝具1.mp3、宝具2.mp3
21:52:00 INFO 下载：https://media.fgo.wiki/b/be/%E5%88%91%E9%83%A8%E5%A7%AC-%E5%AE%9D%E5%85%B7%E5%8D%A1.ogg?v=anlpreojpntm49hj4ihjzwjsjiagcmw
21:52:01 INFO 保存：从者语音\Assassin\刑部姬\宝具卡1.mp3
21:52:01 INFO 下载：https://media.fgo.wiki/8/89/%E5%88%91%E9%83%A8%E5%A7%AC-%E5%AE%9D%E5%85%B71.ogg?v=7061htk0jmrvxbss03yei7bekayd5el
21:52:03 INFO 保存：从者语音\Assassin\刑部姬\宝具1.mp3
21:52:03 INFO 下载：https://media.fgo.wiki/c/cd/%E5%88%91%E9%83%A8%E5%A7%AC-%E5%AE%9D%E5%85%B72.ogg?v=hac9dotkzrszvu2m7lld599bsk0iinp
21:52:04 INFO 保存：从者语音\Assassin\刑部姬\宝具2.mp3
21:52:04 INFO [94/176] Assassin / 塞弥拉弥斯（Excel CY2）
21:52:06 INFO 找到 4 条：宝具卡1.mp3、宝具卡2.mp3、宝具1.mp3、宝具2.mp3
21:52:06 INFO 下载：https://media.fgo.wiki/b/b5/%E5%A1%9E%E5%BC%A5%E6%8B%89%E5%BC%A5%E6%96%AF-%E5%AE%9D%E5%85%B7%E5%8D%A11.ogg?v=7zme5edbnaqo61rtl585cw7hnlbz2cb
21:52:07 INFO 保存：从者语音\Assassin\塞弥拉弥斯\宝具卡1.mp3
21:52:07 INFO 下载：https://media.fgo.wiki/5/59/%E5%A1%9E%E5%BC%A5%E6%8B%89%E5%BC%A5%E6%96%AF-%E5%AE%9D%E5%85%B7%E5%8D%A12.ogg?v=88dtt5rden1cmmpne0y5pcgnll1mpna
21:52:08 INFO 保存：从者语音\Assassin\塞弥拉弥斯\宝具卡2.mp3
21:52:08 INFO 下载：https://media.fgo.wiki/d/d3/%E5%A1%9E%E5%BC%A5%E6%8B%89%E5%BC%A5%E6%96%AF-%E5%AE%9D%E5%85%B71.ogg?v=j4jezabh52dg8ztwphxva13rxjcie12
21:52:10 INFO 保存：从者语音\Assassin\塞弥拉弥斯\宝具1.mp3
21:52:10 INFO 下载：https://media.fgo.wiki/c/c4/%E5%A1%9E%E5%BC%A5%E6%8B%89%E5%BC%A5%E6%96%AF-%E5%AE%9D%E5%85%B72.ogg?v=07sjr36ylrq48rlni27okzaxoktqhtv
21:52:11 INFO 保存：从者语音\Assassin\塞弥拉弥斯\宝具2.mp3
21:52:11 INFO [95/176] Assassin / 李书文(Assassin)（Excel CZ2）
21:52:13 INFO 找到 5 条：宝具卡1.mp3、宝具卡2.mp3、宝具卡3.mp3、宝具1.mp3、宝具2.mp3
21:52:13 INFO 下载：https://media.fgo.wiki/f/f6/SV235_0_%E5%AE%9D%E5%85%B7%E5%8D%A11.mp3?v=ex1b1ng37i4ukpj2b4afwvngjfqht20
21:52:14 INFO 保存：从者语音\Assassin\李书文(Assassin)\宝具卡1.mp3
21:52:14 INFO 下载：https://media.fgo.wiki/7/76/SV235_0_%E5%AE%9D%E5%85%B7%E5%8D%A12.mp3?v=bps614iwgn541atjqq5oyi4mgk0hwsf
21:52:15 INFO 保存：从者语音\Assassin\李书文(Assassin)\宝具卡2.mp3
21:52:15 INFO 下载：https://media.fgo.wiki/7/77/SV235_0_%E5%AE%9D%E5%85%B7%E5%8D%A13.mp3?v=0yyc6s6na509jkkrjc9fcry734r0ar3
21:52:15 INFO 保存：从者语音\Assassin\李书文(Assassin)\宝具卡3.mp3
21:52:15 INFO 下载：https://media.fgo.wiki/c/c3/SV235_0_%E5%AE%9D%E5%85%B71.mp3?v=a6q7wrx13rigtxtpp75x670mtr8zlmt
21:52:17 INFO 保存：从者语音\Assassin\李书文(Assassin)\宝具1.mp3
21:52:17 INFO 下载：https://media.fgo.wiki/8/86/SV235_0_%E5%AE%9D%E5%85%B72.mp3?v=h7hhyugw0zi3ujyr0kscj2kixmf305h
21:52:18 INFO 保存：从者语音\Assassin\李书文(Assassin)\宝具2.mp3
21:52:18 INFO [96/176] Assassin / 伽摩（Excel DA2）
21:52:19 ERROR 处理失败：Assassin / 伽摩
Traceback (most recent call last):
  File "D:\GitHub\i-wanna\FGO报菜名\fgo_voice_download.py", line 924, in main
    result = process_servant(
        servant,
    ...<8 lines>...
        ffprobe,
    )
  File "D:\GitHub\i-wanna\FGO报菜名\fgo_voice_download.py", line 741, in process_servant
    page_html, cache_path, from_cache = load_page(
                                        ~~~~~~~~~^
        client, cache_dir, servant.name, page_url, args.refresh_pages
        ^^^^^^^^^^^^^^^^^^^^^^^^^^^^^^^^^^^^^^^^^^^^^^^^^^^^^^^^^^^^^
    )
    ^
  File "D:\GitHub\i-wanna\FGO报菜名\fgo_voice_download.py", line 464, in load_page
    data = client.get_bytes(page_url)
  File "D:\GitHub\i-wanna\FGO报菜名\fgo_voice_download.py", line 289, in get_bytes
    return self._with_retries(url, operation)
           ~~~~~~~~~~~~~~~~~~^^^^^^^^^^^^^^^^
  File "D:\GitHub\i-wanna\FGO报菜名\fgo_voice_download.py", line 253, in _with_retries
    return operation()
  File "D:\GitHub\i-wanna\FGO报菜名\fgo_voice_download.py", line 286, in operation
    with urlopen(request, timeout=self.timeout) as response:
         ~~~~~~~^^^^^^^^^^^^^^^^^^^^^^^^^^^^^^^
  File "C:\Users\Senyue\.conda\envs\fgo\Lib\urllib\request.py", line 189, in urlopen
    return opener.open(url, data, timeout)
           ~~~~~~~~~~~^^^^^^^^^^^^^^^^^^^^
  File "C:\Users\Senyue\.conda\envs\fgo\Lib\urllib\request.py", line 495, in open
    response = meth(req, response)
  File "C:\Users\Senyue\.conda\envs\fgo\Lib\urllib\request.py", line 604, in http_response
    response = self.parent.error(
        'http', request, response, code, msg, hdrs)
  File "C:\Users\Senyue\.conda\envs\fgo\Lib\urllib\request.py", line 533, in error
    return self._call_chain(*args)
           ~~~~~~~~~~~~~~~~^^^^^^^
  File "C:\Users\Senyue\.conda\envs\fgo\Lib\urllib\request.py", line 466, in _call_chain
    result = func(*args)
  File "C:\Users\Senyue\.conda\envs\fgo\Lib\urllib\request.py", line 613, in http_error_default
    raise HTTPError(req.full_url, code, msg, hdrs, fp)
urllib.error.HTTPError: HTTP Error 404: Not Found
21:52:19 INFO [97/176] Assassin / 光之高扬斯卡娅（Excel DB2）
21:52:20 INFO 同名语音存在多个不同媒体文件，已使用 _2、_3 后缀：宝具卡1、宝具卡2、宝具卡3、宝具1、宝具2、宝具3
21:52:20 INFO 找到 12 条：宝具卡1.mp3、宝具卡2.mp3、宝具卡3.mp3、宝具1.mp3、宝具2.mp3、宝具3.mp3、宝具卡1_2.mp3、宝具卡2_2.mp3、宝具卡3_2.mp3、宝具1_2.mp3、宝具2_2.mp3、宝具3_2.mp3
21:52:20 INFO 下载：https://media.fgo.wiki/1/16/SV314_0_%E5%AE%9D%E5%85%B7%E5%8D%A11.mp3?v=eydho81t9s74uqgck4ostyx2i2yrbcx
21:52:21 INFO 保存：从者语音\Assassin\光之高扬斯卡娅\宝具卡1.mp3
21:52:21 INFO 下载：https://media.fgo.wiki/a/a8/SV314_0_%E5%AE%9D%E5%85%B7%E5%8D%A12.mp3?v=j4wuv9tl3kn0tykndisfznwlub9wdai
21:52:22 INFO 保存：从者语音\Assassin\光之高扬斯卡娅\宝具卡2.mp3
21:52:22 INFO 下载：https://media.fgo.wiki/c/c0/SV314_0_%E5%AE%9D%E5%85%B7%E5%8D%A13.mp3?v=bojvzqc03ujyjk0tc221vpnm3m98z56
21:52:23 INFO 保存：从者语音\Assassin\光之高扬斯卡娅\宝具卡3.mp3
21:52:23 INFO 下载：https://media.fgo.wiki/b/ba/SV314_0_%E5%AE%9D%E5%85%B71.mp3?v=1g23gul81rjjatgl9qhmc8f6ubcw707
21:52:24 INFO 保存：从者语音\Assassin\光之高扬斯卡娅\宝具1.mp3
21:52:24 INFO 下载：https://media.fgo.wiki/b/b8/SV314_0_%E5%AE%9D%E5%85%B72.mp3?v=sgixsteq5amivjavkv8y4e6mquvnpg0
21:52:25 INFO 保存：从者语音\Assassin\光之高扬斯卡娅\宝具2.mp3
21:52:25 INFO 下载：https://media.fgo.wiki/9/90/SV314_0_%E5%AE%9D%E5%85%B73.mp3?v=69xdg2mxzqz1vssfzbviiv6iwp7k84c
21:52:27 INFO 保存：从者语音\Assassin\光之高扬斯卡娅\宝具3.mp3
21:52:27 INFO 下载：https://media.fgo.wiki/5/5d/SV314_2_%E5%AE%9D%E5%85%B7%E5%8D%A11.mp3?v=irn8j40g800htxug8woqpaw0uhednfa
21:52:28 INFO 保存：从者语音\Assassin\光之高扬斯卡娅\宝具卡1_2.mp3
21:52:28 INFO 下载：https://media.fgo.wiki/b/b6/SV314_2_%E5%AE%9D%E5%85%B7%E5%8D%A12.mp3?v=lsamfnvcordtzodylwcdhojwn5k8q58
21:52:29 INFO 保存：从者语音\Assassin\光之高扬斯卡娅\宝具卡2_2.mp3
21:52:29 INFO 下载：https://media.fgo.wiki/7/72/SV314_2_%E5%AE%9D%E5%85%B7%E5%8D%A13.mp3?v=4lb9oeq4uwcfqyt797rrhdevvufd4cv
21:52:29 INFO 保存：从者语音\Assassin\光之高扬斯卡娅\宝具卡3_2.mp3
21:52:29 INFO 下载：https://media.fgo.wiki/4/45/SV314_2_%E5%AE%9D%E5%85%B71.mp3?v=3fgomyoxf01fnyeelgviwgqx68k8p5y
21:52:31 INFO 保存：从者语音\Assassin\光之高扬斯卡娅\宝具1_2.mp3
21:52:31 INFO 下载：https://media.fgo.wiki/8/87/SV314_2_%E5%AE%9D%E5%85%B72.mp3?v=shtwz9fj8kobk40rdg5m6ugy43bu18d
21:52:32 INFO 保存：从者语音\Assassin\光之高扬斯卡娅\宝具2_2.mp3
21:52:32 INFO 下载：https://media.fgo.wiki/3/31/SV314_2_%E5%AE%9D%E5%85%B73.mp3?v=7elczt5d9drkepb8oz3azxw2ml785zs
21:52:33 INFO 保存：从者语音\Assassin\光之高扬斯卡娅\宝具3_2.mp3
21:52:33 INFO [98/176] Assassin / 呼延灼（Excel DC2）
21:52:36 INFO 同名语音存在多个不同媒体文件，已使用 _2、_3 后缀：宝具卡1、宝具卡2、宝具卡3、宝具卡4、宝具1、宝具2、宝具3
21:52:36 INFO 找到 14 条：宝具卡1.mp3、宝具卡2.mp3、宝具卡3.mp3、宝具卡4.mp3、宝具1.mp3、宝具2.mp3、宝具3.mp3、宝具卡1_2.mp3、宝具卡2_2.mp3、宝具卡3_2.mp3、宝具卡4_2.mp3、宝具1_2.mp3、宝具2_2.mp3、宝具3_2.mp3
21:52:36 INFO 下载：https://media.fgo.wiki/3/3f/SV365_0_%E5%AE%9D%E5%85%B7%E5%8D%A11.mp3?v=orc05hx4vdyfnz75jr6nojnn7a4kbeo
21:52:36 INFO 保存：从者语音\Assassin\呼延灼\宝具卡1.mp3
21:52:36 INFO 下载：https://media.fgo.wiki/1/17/SV365_0_%E5%AE%9D%E5%85%B7%E5%8D%A12.mp3?v=nfl144gxof6owbro17mi163vivf5clg
21:52:37 INFO 保存：从者语音\Assassin\呼延灼\宝具卡2.mp3
21:52:37 INFO 下载：https://media.fgo.wiki/0/02/SV365_0_%E5%AE%9D%E5%85%B7%E5%8D%A13.mp3?v=k0pmvhmr93276fxu9hyrsujzf51hlte
21:52:38 INFO 保存：从者语音\Assassin\呼延灼\宝具卡3.mp3
21:52:38 INFO 下载：https://media.fgo.wiki/a/a6/SV365_0_%E5%AE%9D%E5%85%B7%E5%8D%A14.mp3?v=tik5pa0x6d7iac68uecx6vzky7jn7cc
21:52:39 INFO 保存：从者语音\Assassin\呼延灼\宝具卡4.mp3
21:52:39 INFO 下载：https://media.fgo.wiki/2/24/SV365_0_%E5%AE%9D%E5%85%B71.mp3?v=9wmppi80ocj6jbd40zwyimloq6ibs7a
21:52:40 INFO 保存：从者语音\Assassin\呼延灼\宝具1.mp3
21:52:40 INFO 下载：https://media.fgo.wiki/6/61/SV365_0_%E5%AE%9D%E5%85%B72.mp3?v=ri9amyrm01hzd2mludgmf3mvtpc5jgk
21:52:41 INFO 保存：从者语音\Assassin\呼延灼\宝具2.mp3
21:52:41 INFO 下载：https://media.fgo.wiki/2/2b/SV365_0_%E5%AE%9D%E5%85%B73.mp3?v=3wgpcodre5vk9273bidfkfsrec25q1w
21:52:42 INFO 保存：从者语音\Assassin\呼延灼\宝具3.mp3
21:52:42 INFO 下载：https://media.fgo.wiki/8/80/SV365_1_%E5%AE%9D%E5%85%B7%E5%8D%A11.mp3?v=enu8xez9fv3j474c6sr04dx97h8iznt
21:52:44 INFO 保存：从者语音\Assassin\呼延灼\宝具卡1_2.mp3
21:52:44 INFO 下载：https://media.fgo.wiki/a/a8/SV365_1_%E5%AE%9D%E5%85%B7%E5%8D%A12.mp3?v=9rtd9gvnc1wl0cnaz3x6mpqk2mv36ge
21:52:45 INFO 保存：从者语音\Assassin\呼延灼\宝具卡2_2.mp3
21:52:45 INFO 下载：https://media.fgo.wiki/1/14/SV365_1_%E5%AE%9D%E5%85%B7%E5%8D%A13.mp3?v=kkr0c262jisg6l4h6uphi3a711v3fyy
21:52:46 INFO 保存：从者语音\Assassin\呼延灼\宝具卡3_2.mp3
21:52:46 INFO 下载：https://media.fgo.wiki/a/af/SV365_1_%E5%AE%9D%E5%85%B7%E5%8D%A14.mp3?v=b0qh90d46hjx0ftf93u2o8qqgnx66j1
21:52:47 INFO 保存：从者语音\Assassin\呼延灼\宝具卡4_2.mp3
21:52:47 INFO 下载：https://media.fgo.wiki/3/3c/SV365_1_%E5%AE%9D%E5%85%B71.mp3?v=kvut39w8cvoyz0nplloy5lgyflvpzco
21:52:49 INFO 保存：从者语音\Assassin\呼延灼\宝具1_2.mp3
21:52:49 INFO 下载：https://media.fgo.wiki/a/af/SV365_1_%E5%AE%9D%E5%85%B72.mp3?v=gadw7t3smidw9dmjas2i7evx985ncfo
21:52:50 INFO 保存：从者语音\Assassin\呼延灼\宝具2_2.mp3
21:52:50 INFO 下载：https://media.fgo.wiki/d/d6/SV365_1_%E5%AE%9D%E5%85%B73.mp3?v=i43j3g8m539hswuq2zc906q36hba9ny
21:52:52 INFO 保存：从者语音\Assassin\呼延灼\宝具3_2.mp3
21:52:52 INFO [99/176] Assassin / 特斯卡特利波卡（Excel DD2）
21:52:54 INFO 同名语音存在多个不同媒体文件，已使用 _2、_3 后缀：宝具卡1、宝具卡2、宝具卡3、宝具1、宝具2、宝具3
21:52:54 INFO 找到 21 条：宝具卡1.mp3、宝具卡2.mp3、宝具卡3.mp3、宝具1.mp3、宝具2.mp3、宝具3.mp3、宝具卡1_2.mp3、宝具卡2_2.mp3、宝具卡3_2.mp3、宝具1_2.mp3、宝具2_2.mp3、宝具3_2.mp3、宝具卡1_3.mp3、宝具卡2_3.mp3、宝具卡3_3.mp3、宝具1_3.mp3、宝具2_3.mp3、宝具3_3.mp3、宝具卡1_4.mp3、宝具卡2_4.mp3、宝具卡3_4.mp3
21:52:54 INFO 下载：https://media.fgo.wiki/d/d8/SV371_0_%E5%AE%9D%E5%85%B7%E5%8D%A11.mp3?v=k43i70rwc5rcsi13ghaj8smy7s8xdyi
21:52:55 INFO 保存：从者语音\Assassin\特斯卡特利波卡\宝具卡1.mp3
21:52:55 INFO 下载：https://media.fgo.wiki/4/40/SV371_0_%E5%AE%9D%E5%85%B7%E5%8D%A12.mp3?v=g2omw72x4bfiuqz23dxyt4y2r4cli2d
21:52:55 INFO 保存：从者语音\Assassin\特斯卡特利波卡\宝具卡2.mp3
21:52:55 INFO 下载：https://media.fgo.wiki/b/bc/SV371_0_%E5%AE%9D%E5%85%B7%E5%8D%A13.mp3?v=hwqdf936wnw5uy1tktfqg0r2jy1l2uu
21:52:56 INFO 保存：从者语音\Assassin\特斯卡特利波卡\宝具卡3.mp3
21:52:56 INFO 下载：https://media.fgo.wiki/f/fa/SV371_0_%E5%AE%9D%E5%85%B71.mp3?v=n2lhbchuogffdywtmjott9vtozfyalp
21:52:57 INFO 保存：从者语音\Assassin\特斯卡特利波卡\宝具1.mp3
21:52:57 INFO 下载：https://media.fgo.wiki/4/4b/SV371_0_%E5%AE%9D%E5%85%B72.mp3?v=conl4gal6ybgbtkhwpmz03duwvbz7ay
21:52:58 INFO 保存：从者语音\Assassin\特斯卡特利波卡\宝具2.mp3
21:52:58 INFO 下载：https://media.fgo.wiki/f/ff/SV371_0_%E5%AE%9D%E5%85%B73.mp3?v=7kbg9rzb6o979sdck375mvscbuabwox
21:53:00 INFO 保存：从者语音\Assassin\特斯卡特利波卡\宝具3.mp3
21:53:00 INFO 下载：https://media.fgo.wiki/f/ff/SV371_1_%E5%AE%9D%E5%85%B7%E5%8D%A11.mp3?v=ppybv1jnsd53lge3gum5tl04lnov8q7
21:53:01 INFO 保存：从者语音\Assassin\特斯卡特利波卡\宝具卡1_2.mp3
21:53:01 INFO 下载：https://media.fgo.wiki/1/19/SV371_1_%E5%AE%9D%E5%85%B7%E5%8D%A12.mp3?v=nprl1u406e5zpof59zno25abc48tebl
21:53:02 INFO 保存：从者语音\Assassin\特斯卡特利波卡\宝具卡2_2.mp3
21:53:02 INFO 下载：https://media.fgo.wiki/5/5f/SV371_1_%E5%AE%9D%E5%85%B7%E5%8D%A13.mp3?v=nkgt1bkmkldnb27qa94w970riewgggn
21:53:03 INFO 保存：从者语音\Assassin\特斯卡特利波卡\宝具卡3_2.mp3
21:53:03 INFO 下载：https://media.fgo.wiki/2/2d/SV371_1_%E5%AE%9D%E5%85%B71.mp3?v=53lvj9epx6fxpmrv9yhsgkso0ea14ku
21:53:04 INFO 保存：从者语音\Assassin\特斯卡特利波卡\宝具1_2.mp3
21:53:04 INFO 下载：https://media.fgo.wiki/c/c9/SV371_1_%E5%AE%9D%E5%85%B72.mp3?v=im08mgl35xxl5t0n7xqe7ht29258065
21:53:05 INFO 保存：从者语音\Assassin\特斯卡特利波卡\宝具2_2.mp3
21:53:05 INFO 下载：https://media.fgo.wiki/3/3a/SV371_1_%E5%AE%9D%E5%85%B73.mp3?v=n7ojuilj4j6gc96vy8xuqsrnb7dklyw
21:53:06 INFO 保存：从者语音\Assassin\特斯卡特利波卡\宝具3_2.mp3
21:53:06 INFO 下载：https://media.fgo.wiki/f/fb/SV371_2_%E5%AE%9D%E5%85%B7%E5%8D%A11.mp3?v=9lq2n9b9bl90ssq1zq69naixn4u1tkx
21:53:07 INFO 保存：从者语音\Assassin\特斯卡特利波卡\宝具卡1_3.mp3
21:53:07 INFO 下载：https://media.fgo.wiki/c/cb/SV371_2_%E5%AE%9D%E5%85%B7%E5%8D%A12.mp3?v=elsinqhe2p0habgrlnh7mp7irx3u21s
21:53:08 INFO 保存：从者语音\Assassin\特斯卡特利波卡\宝具卡2_3.mp3
21:53:08 INFO 下载：https://media.fgo.wiki/f/f9/SV371_2_%E5%AE%9D%E5%85%B7%E5%8D%A13.mp3?v=nkgt1bkmkldnb27qa94w970riewgggn
21:53:09 INFO 保存：从者语音\Assassin\特斯卡特利波卡\宝具卡3_3.mp3
21:53:09 INFO 下载：https://media.fgo.wiki/6/69/SV371_2_%E5%AE%9D%E5%85%B71.mp3?v=98htrupd9mbh5ti23u2uhm4apkic8uv
21:53:10 INFO 保存：从者语音\Assassin\特斯卡特利波卡\宝具1_3.mp3
21:53:10 INFO 下载：https://media.fgo.wiki/9/96/SV371_2_%E5%AE%9D%E5%85%B72.mp3?v=fbovxhorl4kv9pko7r9fbi261etpgco
21:53:11 INFO 保存：从者语音\Assassin\特斯卡特利波卡\宝具2_3.mp3
21:53:11 INFO 下载：https://media.fgo.wiki/b/be/SV371_2_%E5%AE%9D%E5%85%B73.mp3?v=r9nrmrjeqvfl9bekn6onb7v85nlic22
21:53:12 INFO 保存：从者语音\Assassin\特斯卡特利波卡\宝具3_3.mp3
21:53:12 INFO 下载：https://media.fgo.wiki/7/77/SV371_12_%E5%AE%9D%E5%85%B7%E5%8D%A11.mp3?v=d1ntny1ozhgjwvjmm8qgw5a3g1pwl92
21:53:13 INFO 保存：从者语音\Assassin\特斯卡特利波卡\宝具卡1_4.mp3
21:53:13 INFO 下载：https://media.fgo.wiki/9/91/SV371_12_%E5%AE%9D%E5%85%B7%E5%8D%A12.mp3?v=6gfj5kc9w1jt6ysr9yn6rzxrhr0s6b4
21:53:14 INFO 保存：从者语音\Assassin\特斯卡特利波卡\宝具卡2_4.mp3
21:53:14 INFO 下载：https://media.fgo.wiki/f/f5/SV371_12_%E5%AE%9D%E5%85%B7%E5%8D%A13.mp3?v=3w3inbm8u65iirief821o8v3ok0h4t3
21:53:16 INFO 保存：从者语音\Assassin\特斯卡特利波卡\宝具卡3_4.mp3
21:53:16 INFO [100/176] Assassin / 果心居士（Excel DE2）
21:53:20 INFO 同名语音存在多个不同媒体文件，已使用 _2、_3 后缀：宝具卡1、宝具卡2、宝具卡3、宝具卡4、宝具1、宝具2、宝具3、宝具4
21:53:20 INFO 找到 16 条：宝具卡1.mp3、宝具卡2.mp3、宝具卡3.mp3、宝具卡4.mp3、宝具1.mp3、宝具2.mp3、宝具3.mp3、宝具4.mp3、宝具卡1_2.mp3、宝具卡2_2.mp3、宝具卡3_2.mp3、宝具卡4_2.mp3、宝具1_2.mp3、宝具2_2.mp3、宝具3_2.mp3、宝具4_2.mp3
21:53:20 INFO 下载：https://media.fgo.wiki/b/b3/SV380_0_%E5%AE%9D%E5%85%B7%E5%8D%A11.mp3?v=4u0batnqevt97h6odod3r5qpb893fxl
21:53:21 INFO 保存：从者语音\Assassin\果心居士\宝具卡1.mp3
21:53:21 INFO 下载：https://media.fgo.wiki/5/53/SV380_0_%E5%AE%9D%E5%85%B7%E5%8D%A12.mp3?v=6xf557mi4ayo4g4jy4x0b1iaknhujto
21:53:22 INFO 保存：从者语音\Assassin\果心居士\宝具卡2.mp3
21:53:22 INFO 下载：https://media.fgo.wiki/2/27/SV380_0_%E5%AE%9D%E5%85%B7%E5%8D%A13.mp3?v=skre39i4fes97jt75nicasdrm85m3tv
21:53:23 INFO 保存：从者语音\Assassin\果心居士\宝具卡3.mp3
21:53:23 INFO 下载：https://media.fgo.wiki/6/69/SV380_0_%E5%AE%9D%E5%85%B7%E5%8D%A14.mp3?v=69ebplhf4cfzxe17x7srsgwjk03n6xk
21:53:24 INFO 保存：从者语音\Assassin\果心居士\宝具卡4.mp3
21:53:24 INFO 下载：https://media.fgo.wiki/1/19/SV380_0_%E5%AE%9D%E5%85%B71.mp3?v=fhke7oxzfa2wkqmthafeg7yj1ychxq8
21:53:25 INFO 保存：从者语音\Assassin\果心居士\宝具1.mp3
21:53:25 INFO 下载：https://media.fgo.wiki/6/66/SV380_0_%E5%AE%9D%E5%85%B72.mp3?v=edjroqhws1arbzmx6ctd3rha3ijog2m
21:53:27 INFO 保存：从者语音\Assassin\果心居士\宝具2.mp3
21:53:27 INFO 下载：https://media.fgo.wiki/8/86/SV380_0_%E5%AE%9D%E5%85%B73.mp3?v=1ody2mz1rf40nhdtmu47h3r8jjbt27x
21:53:28 INFO 保存：从者语音\Assassin\果心居士\宝具3.mp3
21:53:28 INFO 下载：https://media.fgo.wiki/b/b8/SV380_0_%E5%AE%9D%E5%85%B74.mp3?v=rr9kgerwtk07l16ahshgil3ui1wasw6
21:53:29 INFO 保存：从者语音\Assassin\果心居士\宝具4.mp3
21:53:29 INFO 下载：https://media.fgo.wiki/3/3c/SV380_2_%E5%AE%9D%E5%85%B7%E5%8D%A11.mp3?v=b7kheakozub22xpyapmkcruk9p64fms
21:53:30 INFO 保存：从者语音\Assassin\果心居士\宝具卡1_2.mp3
21:53:30 INFO 下载：https://media.fgo.wiki/a/a6/SV380_2_%E5%AE%9D%E5%85%B7%E5%8D%A12.mp3?v=9xekht55z1mpn2skuzfry938jkjkd8m
21:53:31 INFO 保存：从者语音\Assassin\果心居士\宝具卡2_2.mp3
21:53:31 INFO 下载：https://media.fgo.wiki/5/5d/SV380_2_%E5%AE%9D%E5%85%B7%E5%8D%A13.mp3?v=cfojvl1m8hqxprv85s9nax1ccemwltf
21:53:32 INFO 保存：从者语音\Assassin\果心居士\宝具卡3_2.mp3
21:53:32 INFO 下载：https://media.fgo.wiki/6/6a/SV380_2_%E5%AE%9D%E5%85%B7%E5%8D%A14.mp3?v=nmyvra6f0z2ege3d1tqep4w8umfg6nd
21:53:32 INFO 保存：从者语音\Assassin\果心居士\宝具卡4_2.mp3
21:53:32 INFO 下载：https://media.fgo.wiki/0/08/SV380_2_%E5%AE%9D%E5%85%B71.mp3?v=fhke7oxzfa2wkqmthafeg7yj1ychxq8
21:53:35 INFO 保存：从者语音\Assassin\果心居士\宝具1_2.mp3
21:53:35 INFO 下载：https://media.fgo.wiki/9/9c/SV380_2_%E5%AE%9D%E5%85%B72.mp3?v=edjroqhws1arbzmx6ctd3rha3ijog2m
21:53:36 INFO 保存：从者语音\Assassin\果心居士\宝具2_2.mp3
21:53:36 INFO 下载：https://media.fgo.wiki/a/a6/SV380_2_%E5%AE%9D%E5%85%B73.mp3?v=1ody2mz1rf40nhdtmu47h3r8jjbt27x
21:53:37 INFO 保存：从者语音\Assassin\果心居士\宝具3_2.mp3
21:53:37 INFO 下载：https://media.fgo.wiki/d/dd/SV380_2_%E5%AE%9D%E5%85%B74.mp3?v=rr9kgerwtk07l16ahshgil3ui1wasw6
21:53:38 INFO 保存：从者语音\Assassin\果心居士\宝具4_2.mp3
21:53:38 INFO [101/176] Berserker / 坂田金时（Excel DG2）
21:53:40 INFO 同名语音存在多个不同媒体文件，已使用 _2、_3 后缀：宝具卡1、宝具卡2
21:53:40 INFO 找到 8 条：宝具卡1.mp3、宝具卡2.mp3、宝具卡3.mp3、宝具卡4.mp3、宝具1.mp3、宝具2.mp3、宝具卡1_2.mp3、宝具卡2_2.mp3
21:53:40 INFO 下载：https://media.fgo.wiki/d/d9/%E5%9D%82%E7%94%B0%E9%87%91%E6%97%B6%28Berserker%29%E8%AF%AD%E9%9F%B3_%E5%AE%9D%E5%85%B7%E5%8D%A1.mp3?v=s2hak9xw12furgnt5vyknlra48ahetc
21:53:41 INFO 保存：从者语音\Berserker\坂田金时\宝具卡1.mp3
21:53:41 INFO 下载：https://media.fgo.wiki/8/8b/SV51_0_%E5%AE%9D%E5%85%B7%E5%8D%A12.mp3?v=p0lt05w4kk9pymch07egincomqwuz2b
21:53:42 INFO 保存：从者语音\Berserker\坂田金时\宝具卡2.mp3
21:53:42 INFO 下载：https://media.fgo.wiki/1/1a/SV51_0_%E5%AE%9D%E5%85%B7%E5%8D%A13.mp3?v=lrqb0eojwi73cbqw6lcj4e43ir4hfdh
21:53:43 INFO 保存：从者语音\Berserker\坂田金时\宝具卡3.mp3
21:53:43 INFO 下载：https://media.fgo.wiki/b/be/SV51_0_%E5%AE%9D%E5%85%B7%E5%8D%A14.mp3?v=kn337a95wfls25yhtkg3lt8i8yc3mwc
21:53:44 INFO 保存：从者语音\Berserker\坂田金时\宝具卡4.mp3
21:53:44 INFO 下载：https://media.fgo.wiki/2/22/%E5%9D%82%E7%94%B0%E9%87%91%E6%97%B6%28Berserker%29%E8%AF%AD%E9%9F%B3_%E5%AE%9D%E5%85%B7.mp3?v=p4thnmtopa3p6308gnwqnx12k4g4o93
21:53:46 INFO 保存：从者语音\Berserker\坂田金时\宝具1.mp3
21:53:46 INFO 下载：https://media.fgo.wiki/4/47/SV51_0_%E5%AE%9D%E5%85%B72.mp3?v=d247uypafac76wdmsh5ymkhf4aowdpn
21:53:47 INFO 保存：从者语音\Berserker\坂田金时\宝具2.mp3
21:53:47 INFO 下载：https://media.fgo.wiki/4/40/SV51_11_%E5%AE%9D%E5%85%B7%E5%8D%A11.mp3?v=3kij555j1qeorzh2wogarf5tmh8nycm
21:53:48 INFO 保存：从者语音\Berserker\坂田金时\宝具卡1_2.mp3
21:53:48 INFO 下载：https://media.fgo.wiki/9/9c/SV51_11_%E5%AE%9D%E5%85%B7%E5%8D%A12.mp3?v=50qypfm1wty97sjphwkql9z9qjkquse
21:53:49 INFO 保存：从者语音\Berserker\坂田金时\宝具卡2_2.mp3
21:53:49 INFO [102/176] Berserker / 弗拉德三世（Excel DH2）
21:53:51 INFO 找到 5 条：宝具卡1.mp3、宝具卡2.mp3、宝具1.mp3、宝具2.mp3、宝具3.mp3
21:53:51 INFO 下载：https://media.fgo.wiki/1/1b/052di_npse.mp3?v=hh0jc9j12d6g3dd6blfv3bth2jo0g9n
21:53:53 INFO 保存：从者语音\Berserker\弗拉德三世\宝具卡1.mp3
21:53:53 INFO 下载：https://media.fgo.wiki/6/6b/SV52_0_%E5%AE%9D%E5%85%B7%E5%8D%A12.mp3?v=h0iubniec9doohf2kot3ftg0x0gl65u
21:53:53 INFO 保存：从者语音\Berserker\弗拉德三世\宝具卡2.mp3
21:53:53 INFO 下载：https://media.fgo.wiki/b/b2/052di_np.mp3?v=3yqo8sdznasnebko5zsky4irrzograa
21:53:55 INFO 保存：从者语音\Berserker\弗拉德三世\宝具1.mp3
21:53:55 INFO 下载：https://media.fgo.wiki/8/8b/SV52_0_%E5%AE%9D%E5%85%B72.mp3?v=ffj4k887dgcil9ic4if3jju6lyf3bhv
21:53:56 INFO 保存：从者语音\Berserker\弗拉德三世\宝具2.mp3
21:53:56 INFO 下载：https://media.fgo.wiki/3/3c/SV52_0_%E5%AE%9D%E5%85%B73.mp3?v=fmmj2dbigkxpt12thr9s3cw2g95c8p5
21:53:57 INFO 保存：从者语音\Berserker\弗拉德三世\宝具3.mp3
21:53:57 INFO [103/176] Berserker / 南丁格尔（Excel DI2）
21:53:57 INFO 找到 4 条：宝具卡1.mp3、宝具卡2.mp3、宝具1.mp3、宝具2.mp3
21:53:57 INFO 下载：https://media.fgo.wiki/d/df/%E5%8D%97%E4%B8%81%E6%A0%BC%E5%B0%94%E8%AF%AD%E9%9F%B3_%E5%AE%9D%E5%85%B7%E5%8D%A1.mp3?v=lrectozs7h2wktb6nok2eujc5d3n0mv
21:53:58 INFO 保存：从者语音\Berserker\南丁格尔\宝具卡1.mp3
21:53:58 INFO 下载：https://media.fgo.wiki/a/a6/SV97_0_%E5%AE%9D%E5%85%B7%E5%8D%A12.mp3?v=ozpoom5a9fgg1pwdnpx141tb114rwgh
21:53:59 INFO 保存：从者语音\Berserker\南丁格尔\宝具卡2.mp3
21:53:59 INFO 下载：https://media.fgo.wiki/f/fc/%E5%8D%97%E4%B8%81%E6%A0%BC%E5%B0%94%E8%AF%AD%E9%9F%B3_%E5%AE%9D%E5%85%B7.mp3?v=2uzakp4nr34na3cj5v0jtl54kauhdq4
21:54:01 INFO 保存：从者语音\Berserker\南丁格尔\宝具1.mp3
21:54:01 INFO 下载：https://media.fgo.wiki/6/65/SV97_0_%E5%AE%9D%E5%85%B72.mp3?v=ncty35sh5abiw8o8p4hsso4r3yjzte9
21:54:02 INFO 保存：从者语音\Berserker\南丁格尔\宝具2.mp3
21:54:02 INFO [104/176] Berserker / 库·丘林〔Alter〕（Excel DJ2）
21:54:04 INFO 找到 2 条：宝具卡1.mp3、宝具1.mp3
21:54:04 INFO 下载：https://media.fgo.wiki/1/1b/098di_npse.mp3?v=kos7705fnwvq4rx6uns2c4ig91074sq
21:54:05 INFO 保存：从者语音\Berserker\库·丘林〔Alter〕\宝具卡1.mp3
21:54:05 INFO 下载：https://media.fgo.wiki/b/be/098di_np.mp3?v=6kulfme4s9vz2da0mhd0zm0jshbml0c
21:54:07 INFO 保存：从者语音\Berserker\库·丘林〔Alter〕\宝具1.mp3
21:54:07 INFO [105/176] Berserker / 源赖光（Excel DK2）
21:54:09 INFO 找到 4 条：宝具卡1.mp3、宝具1.mp3、宝具2.mp3、宝具3.mp3
21:54:09 INFO 下载：https://media.fgo.wiki/d/de/%E6%BA%90%E8%B5%96%E5%85%89%E8%AF%AD%E9%9F%B3_%E5%AE%9D%E5%85%B7%E5%8D%A1.mp3?v=ry0747vrln2vtp4a6syth8r1jyfb0yf
21:54:10 INFO 保存：从者语音\Berserker\源赖光\宝具卡1.mp3
21:54:10 INFO 下载：https://media.fgo.wiki/a/a8/%E6%BA%90%E8%B5%96%E5%85%89%E8%AF%AD%E9%9F%B3_%E5%AE%9D%E5%85%B71.mp3?v=p27ejpd4154rg9vd3ic44en565s9tij
21:54:12 INFO 保存：从者语音\Berserker\源赖光\宝具1.mp3
21:54:12 INFO 下载：https://media.fgo.wiki/4/4c/%E6%BA%90%E8%B5%96%E5%85%89%E8%AF%AD%E9%9F%B3_%E5%AE%9D%E5%85%B72.mp3?v=a518tz7e2btm63m8soi7uwlzn1urajh
21:54:14 INFO 保存：从者语音\Berserker\源赖光\宝具2.mp3
21:54:14 INFO 下载：https://media.fgo.wiki/9/91/%E6%BA%90%E8%B5%96%E5%85%89%E8%AF%AD%E9%9F%B3_%E5%AE%9D%E5%85%B73.mp3?v=eohk8pmsxdgxac91nmw9ukhre2swoqx
21:54:16 INFO 保存：从者语音\Berserker\源赖光\宝具3.mp3
21:54:16 INFO [106/176] Berserker / 谜之女主角X〔Alter〕（Excel DL2）
21:54:18 INFO 找到 2 条：宝具卡1.mp3、宝具1.mp3
21:54:18 INFO 下载：https://media.fgo.wiki/a/a1/155di_npse.mp3?v=8of61epdb2cbisbjaet7rymgo9p1os0
21:54:19 INFO 保存：从者语音\Berserker\谜之女主角X〔Alter〕\宝具卡1.mp3
21:54:19 INFO 下载：https://media.fgo.wiki/f/f8/155di_np.mp3?v=abwkb0owtjb7hbw08qpleq7p9277bbd
21:54:21 INFO 保存：从者语音\Berserker\谜之女主角X〔Alter〕\宝具1.mp3
21:54:21 INFO [107/176] Berserker / 土方岁三（Excel DM2）
21:54:23 INFO 同名语音存在多个不同媒体文件，已使用 _2、_3 后缀：宝具卡1、宝具卡2、宝具卡3、宝具卡4、宝具1、宝具2、宝具3、宝具4
21:54:23 INFO 找到 16 条：宝具卡1.mp3、宝具卡2.mp3、宝具卡3.mp3、宝具卡4.mp3、宝具1.mp3、宝具2.mp3、宝具3.mp3、宝具4.mp3、宝具卡1_2.mp3、宝具卡2_2.mp3、宝具卡3_2.mp3、宝具卡4_2.mp3、宝具1_2.mp3、宝具2_2.mp3、宝具3_2.mp3、宝具4_2.mp3
21:54:23 INFO 下载：https://media.fgo.wiki/9/95/161di_npse1.mp3?v=hlruwkkh7gr646od2rrnefipm5h2rnb
21:54:25 INFO 保存：从者语音\Berserker\土方岁三\宝具卡1.mp3
21:54:25 INFO 下载：https://media.fgo.wiki/f/ff/161di_npse2.mp3?v=fa12xocmvk15jon27411kzx3zmy57vo
21:54:26 INFO 保存：从者语音\Berserker\土方岁三\宝具卡2.mp3
21:54:26 INFO 下载：https://media.fgo.wiki/3/30/161di_npse3.mp3?v=h4lf6lqj8o5rov7vs2a0oqjqzz4c81k
21:54:28 INFO 保存：从者语音\Berserker\土方岁三\宝具卡3.mp3
21:54:28 INFO 下载：https://media.fgo.wiki/a/ae/SV161_0_%E5%AE%9D%E5%85%B7%E5%8D%A14.mp3?v=sv4mmkz052p5vn5e850jegrzi5gjt1r
21:54:29 INFO 保存：从者语音\Berserker\土方岁三\宝具卡4.mp3
21:54:29 INFO 下载：https://media.fgo.wiki/e/ea/161di_np1.mp3?v=e3i73fxczj8xldxsqyf2babcs6wao08
21:54:31 INFO 保存：从者语音\Berserker\土方岁三\宝具1.mp3
21:54:31 INFO 下载：https://media.fgo.wiki/5/5c/161di_np2.mp3?v=mg7odymxwdrkqbhdp84l85bdrh454fh
21:54:33 INFO 保存：从者语音\Berserker\土方岁三\宝具2.mp3
21:54:33 INFO 下载：https://media.fgo.wiki/1/1e/SV161_0_%E5%AE%9D%E5%85%B73.mp3?v=bklb8i1secvzxmtxljh0on0ogor181f
21:54:34 INFO 保存：从者语音\Berserker\土方岁三\宝具3.mp3
21:54:34 INFO 下载：https://media.fgo.wiki/e/e7/SV161_0_%E5%AE%9D%E5%85%B74.mp3?v=f82yap89ffwbaxwhjlbydtwtnitcxdi
21:54:35 INFO 保存：从者语音\Berserker\土方岁三\宝具4.mp3
21:54:35 INFO 下载：https://media.fgo.wiki/3/3f/SV161_11_%E5%AE%9D%E5%85%B7%E5%8D%A11.mp3?v=6un9sndo53xgtsen2exmjcq3b2pa5s1
21:54:36 INFO 保存：从者语音\Berserker\土方岁三\宝具卡1_2.mp3
21:54:36 INFO 下载：https://media.fgo.wiki/5/58/SV161_11_%E5%AE%9D%E5%85%B7%E5%8D%A12.mp3?v=jv281twdainruyke5sswo34h8v6yndc
21:54:37 INFO 保存：从者语音\Berserker\土方岁三\宝具卡2_2.mp3
21:54:37 INFO 下载：https://media.fgo.wiki/b/bf/SV161_11_%E5%AE%9D%E5%85%B7%E5%8D%A13.mp3?v=ouj1l0i7ux79xto32u6ix9vnglhhh92
21:54:38 INFO 保存：从者语音\Berserker\土方岁三\宝具卡3_2.mp3
21:54:38 INFO 下载：https://media.fgo.wiki/2/2e/SV161_11_%E5%AE%9D%E5%85%B7%E5%8D%A14.mp3?v=eyx7f886ozh744n0806mshr5hrjkmmy
21:54:39 INFO 保存：从者语音\Berserker\土方岁三\宝具卡4_2.mp3
21:54:39 INFO 下载：https://media.fgo.wiki/6/67/SV161_11_%E5%AE%9D%E5%85%B71.mp3?v=t3xsv9oz9y2qawop48jge9r25rjea8w
21:54:40 INFO 保存：从者语音\Berserker\土方岁三\宝具1_2.mp3
21:54:40 INFO 下载：https://media.fgo.wiki/2/27/SV161_11_%E5%AE%9D%E5%85%B72.mp3?v=lww61ov3uh09yqwfrlo9etp7247k1mv
21:54:42 INFO 保存：从者语音\Berserker\土方岁三\宝具2_2.mp3
21:54:42 INFO 下载：https://media.fgo.wiki/c/cb/SV161_11_%E5%AE%9D%E5%85%B73.mp3?v=tf6uibfzj4buhx8krwtxc32zu7ga06e
21:54:43 INFO 保存：从者语音\Berserker\土方岁三\宝具3_2.mp3
21:54:43 INFO 下载：https://media.fgo.wiki/5/57/SV161_11_%E5%AE%9D%E5%85%B74.mp3?v=7aqsw7x4oehqufeol76an6bl944u3a3
21:54:44 INFO 保存：从者语音\Berserker\土方岁三\宝具4_2.mp3
21:54:44 INFO [108/176] Berserker / 项羽（Excel DN2）
21:54:46 INFO 找到 3 条：宝具卡1.mp3、宝具1.mp3、宝具2.mp3
21:54:46 INFO 下载：https://media.fgo.wiki/c/c3/226di_npse.mp3?v=crvusg5nwo568gv3yjj34l2yyogoyj7
21:57:35 WARNING 请求失败，2.1 秒后重试 (1/5)：https://media.fgo.wiki/c/c3/226di_npse.mp3?v=crvusg5nwo568gv3yjj34l2yyogoyj7；<urlopen error [WinError 10060] 由于连接方在一段时间后没有正确答复或连接的主机没有反应，连接尝试失败。>
22:00:26 WARNING 请求失败，2.9 秒后重试 (2/5)：https://media.fgo.wiki/c/c3/226di_npse.mp3?v=crvusg5nwo568gv3yjj34l2yyogoyj7；<urlopen error [WinError 10060] 由于连接方在一段时间后没有正确答复或连接的主机没有反应，连接尝试失败。>
22:00:30 INFO 保存：从者语音\Berserker\项羽\宝具卡1.mp3
22:00:30 INFO 下载：https://media.fgo.wiki/d/dc/226di_np1.mp3?v=hmxosg42chah8xjhowxt3yclsyn1vym
22:00:33 INFO 保存：从者语音\Berserker\项羽\宝具1.mp3
22:00:33 INFO 下载：https://media.fgo.wiki/4/46/226di_np2.mp3?v=hqbb2gsb0to0xa3iye49worv12evyrp
22:00:35 INFO 保存：从者语音\Berserker\项羽\宝具2.mp3
22:00:35 INFO [109/176] Berserker / 阿周那〔Alter〕（Excel DO2）
22:00:38 INFO 同名语音存在多个不同媒体文件，已使用 _2、_3 后缀：宝具卡1、宝具卡2、宝具1、宝具2
22:00:38 INFO 找到 13 条：宝具卡1.mp3、宝具卡2.mp3、宝具1.mp3、宝具2.mp3、宝具卡1_2.mp3、宝具卡2_2.mp3、宝具1_2.mp3、宝具2_2.mp3、宝具卡1_3.mp3、宝具卡2_3.mp3、宝具1_3.mp3、宝具2_3.mp3、宝具1_4.mp3
22:00:38 INFO 下载：https://media.fgo.wiki/d/d4/SV247_0_%E5%AE%9D%E5%85%B7%E5%8D%A11.mp3?v=25qutp93mger1ojlf4gpftq9p3yl3b6
22:00:39 INFO 保存：从者语音\Berserker\阿周那〔Alter〕\宝具卡1.mp3
22:00:39 INFO 下载：https://media.fgo.wiki/3/3d/SV247_0_%E5%AE%9D%E5%85%B7%E5%8D%A12.mp3?v=nhaqymd8chxie2ab3den0usd4ywkbqm
22:00:40 INFO 保存：从者语音\Berserker\阿周那〔Alter〕\宝具卡2.mp3
22:00:40 INFO 下载：https://media.fgo.wiki/6/64/SV247_0_%E5%AE%9D%E5%85%B71.mp3?v=j1sb0tfeqm7iql0atmn9jeg9qhv8r56
22:00:42 INFO 保存：从者语音\Berserker\阿周那〔Alter〕\宝具1.mp3
22:00:42 INFO 下载：https://media.fgo.wiki/2/21/SV247_0_%E5%AE%9D%E5%85%B72.mp3?v=qp3lkts3mmn7a9d188eiybquninr0jh
22:00:45 INFO 保存：从者语音\Berserker\阿周那〔Alter〕\宝具2.mp3
22:00:45 INFO 下载：https://media.fgo.wiki/9/97/SV247_2_%E5%AE%9D%E5%85%B7%E5%8D%A11.mp3?v=svzletaxkv2gcz79k2y3j06wijszamu
22:00:46 INFO 保存：从者语音\Berserker\阿周那〔Alter〕\宝具卡1_2.mp3
22:00:46 INFO 下载：https://media.fgo.wiki/9/9b/SV247_2_%E5%AE%9D%E5%85%B7%E5%8D%A12.mp3?v=8se3lk8qdie7on8e1gtb5mmngbqgpkv
22:00:47 INFO 保存：从者语音\Berserker\阿周那〔Alter〕\宝具卡2_2.mp3
22:00:47 INFO 下载：https://media.fgo.wiki/f/f7/SV247_2_%E5%AE%9D%E5%85%B71.mp3?v=p0tb48xp72um8185e377eqjh4ke4tg3
22:00:48 INFO 保存：从者语音\Berserker\阿周那〔Alter〕\宝具1_2.mp3
22:00:48 INFO 下载：https://media.fgo.wiki/0/07/SV247_2_%E5%AE%9D%E5%85%B72.mp3?v=j79ems1pzhcpnwaza2t3gneh8r58p46
22:00:49 INFO 保存：从者语音\Berserker\阿周那〔Alter〕\宝具2_2.mp3
22:00:49 INFO 下载：https://media.fgo.wiki/9/90/SV247_11_%E5%AE%9D%E5%85%B7%E5%8D%A11.mp3?v=1nsy3rdcae9p9gqp7opyzcjtg2mue0m
22:00:50 INFO 保存：从者语音\Berserker\阿周那〔Alter〕\宝具卡1_3.mp3
22:00:50 INFO 下载：https://media.fgo.wiki/4/40/SV247_11_%E5%AE%9D%E5%85%B7%E5%8D%A12.mp3?v=nhhiwlieyq314o8pg3vcw6mw03ckvvi
22:00:51 INFO 保存：从者语音\Berserker\阿周那〔Alter〕\宝具卡2_3.mp3
22:00:51 INFO 下载：https://media.fgo.wiki/8/8c/SV247_11_%E5%AE%9D%E5%85%B71.mp3?v=hpixjbsqwhb3091zp8de3y663vlalfq
22:00:52 INFO 保存：从者语音\Berserker\阿周那〔Alter〕\宝具1_3.mp3
22:00:52 INFO 下载：https://media.fgo.wiki/8/8f/SV247_11_%E5%AE%9D%E5%85%B72.mp3?v=ohtksb4cf4uyp1dzjscyc10octqpfjy
22:00:53 INFO 保存：从者语音\Berserker\阿周那〔Alter〕\宝具2_3.mp3
22:00:53 INFO 下载：https://media.fgo.wiki/b/b7/%E9%98%BF%E5%91%A8%E9%82%A3%28Alter%29%28%E6%95%8C%29_%E5%AE%9D%E5%85%B7.mp3?v=4yhuwdxeltagfgbgua0g4z28hic6h94
22:00:55 INFO 保存：从者语音\Berserker\阿周那〔Alter〕\宝具1_4.mp3
22:00:55 INFO [110/176] Berserker / 宫本武藏(Berserker)（Excel DP2）
22:00:57 INFO 同名语音存在多个不同媒体文件，已使用 _2、_3 后缀：宝具卡1、宝具卡2、宝具1、宝具2
22:00:57 INFO 找到 12 条：宝具卡1.mp3、宝具卡2.mp3、宝具1.mp3、宝具2.mp3、宝具卡1_2.mp3、宝具卡2_2.mp3、宝具1_2.mp3、宝具2_2.mp3、宝具卡1_3.mp3、宝具卡2_3.mp3、宝具1_3.mp3、宝具2_3.mp3
22:00:57 INFO 下载：https://media.fgo.wiki/0/02/SV261_0_%E5%AE%9D%E5%85%B7%E5%8D%A11.mp3?v=9fq17sp9sx42odp2y50ohzwqpo5lbly
22:00:58 INFO 保存：从者语音\Berserker\宫本武藏(Berserker)\宝具卡1.mp3
22:00:58 INFO 下载：https://media.fgo.wiki/a/a0/SV261_0_%E5%AE%9D%E5%85%B7%E5%8D%A12.mp3?v=4rxrunnsppa0l4ip2jdqwypbouxh6z4
22:00:59 INFO 保存：从者语音\Berserker\宫本武藏(Berserker)\宝具卡2.mp3
22:00:59 INFO 下载：https://media.fgo.wiki/c/c8/SV261_0_%E5%AE%9D%E5%85%B71.mp3?v=bagynyo690w4kd33sa4a17luwo9t0dv
22:01:00 INFO 保存：从者语音\Berserker\宫本武藏(Berserker)\宝具1.mp3
22:01:00 INFO 下载：https://media.fgo.wiki/5/57/SV261_0_%E5%AE%9D%E5%85%B72.mp3?v=qy05e8hczmmvp5oyfw630erchtt0xyp
22:01:02 INFO 保存：从者语音\Berserker\宫本武藏(Berserker)\宝具2.mp3
22:01:02 INFO 下载：https://media.fgo.wiki/6/6b/SV261_1_%E5%AE%9D%E5%85%B7%E5%8D%A11.mp3?v=9fq17sp9sx42odp2y50ohzwqpo5lbly
22:01:03 INFO 保存：从者语音\Berserker\宫本武藏(Berserker)\宝具卡1_2.mp3
22:01:03 INFO 下载：https://media.fgo.wiki/d/d9/SV261_1_%E5%AE%9D%E5%85%B7%E5%8D%A12.mp3?v=4rxrunnsppa0l4ip2jdqwypbouxh6z4
22:01:04 INFO 保存：从者语音\Berserker\宫本武藏(Berserker)\宝具卡2_2.mp3
22:01:04 INFO 下载：https://media.fgo.wiki/a/a1/SV261_1_%E5%AE%9D%E5%85%B71.mp3?v=t8s8fnzizmafs1in3dtaqyjeqwloffo
22:01:05 INFO 保存：从者语音\Berserker\宫本武藏(Berserker)\宝具1_2.mp3
22:01:05 INFO 下载：https://media.fgo.wiki/b/b9/SV261_1_%E5%AE%9D%E5%85%B72.mp3?v=rzzz7h5n7n5up0zwstze8qo1cii662n
22:01:07 INFO 保存：从者语音\Berserker\宫本武藏(Berserker)\宝具2_2.mp3
22:01:07 INFO 下载：https://media.fgo.wiki/4/41/SV261_2_%E5%AE%9D%E5%85%B7%E5%8D%A11.mp3?v=jknyjjfdju30eefe3e5dny35o6dqs7f
22:01:07 INFO 保存：从者语音\Berserker\宫本武藏(Berserker)\宝具卡1_3.mp3
22:01:07 INFO 下载：https://media.fgo.wiki/6/63/SV261_2_%E5%AE%9D%E5%85%B7%E5%8D%A12.mp3?v=t1bwq08st29hktdkd87dgkctqzvcj1k
22:01:09 INFO 保存：从者语音\Berserker\宫本武藏(Berserker)\宝具卡2_3.mp3
22:01:09 INFO 下载：https://media.fgo.wiki/d/da/SV261_2_%E5%AE%9D%E5%85%B71.mp3?v=n0coera9780mmmgtu0tmdyutt30d3fw
22:01:10 INFO 保存：从者语音\Berserker\宫本武藏(Berserker)\宝具1_3.mp3
22:01:10 INFO 下载：https://media.fgo.wiki/6/62/SV261_2_%E5%AE%9D%E5%85%B72.mp3?v=ccaqxtueua6qwawpk8zl0xcwdpzjovb
22:01:11 INFO 保存：从者语音\Berserker\宫本武藏(Berserker)\宝具2_3.mp3
22:01:11 INFO [111/176] Berserker / 伽拉忒亚（Excel DQ2）
22:01:13 INFO 找到 4 条：宝具卡1.mp3、宝具卡2.mp3、宝具1.mp3、宝具2.mp3
22:01:13 INFO 下载：https://media.fgo.wiki/c/ce/SV306_0_%E5%AE%9D%E5%85%B7%E5%8D%A11.mp3?v=nq98qm4jjc2ibgh7riucr6v44bjsh8d
22:01:14 INFO 保存：从者语音\Berserker\伽拉忒亚\宝具卡1.mp3
22:01:14 INFO 下载：https://media.fgo.wiki/c/c6/SV306_0_%E5%AE%9D%E5%85%B7%E5%8D%A12.mp3?v=3xdeqnzrv2k72l87gjzeadok96qtzov
22:01:15 INFO 保存：从者语音\Berserker\伽拉忒亚\宝具卡2.mp3
22:01:15 INFO 下载：https://media.fgo.wiki/9/9c/SV306_0_%E5%AE%9D%E5%85%B71.mp3?v=p1njb89ov0smgxowh8n17omao593daj
22:01:16 INFO 保存：从者语音\Berserker\伽拉忒亚\宝具1.mp3
22:01:16 INFO 下载：https://media.fgo.wiki/9/93/SV306_0_%E5%AE%9D%E5%85%B72.mp3?v=0t9ojqhtljfgevuxoxxo646mjcz0dyq
22:01:18 INFO 保存：从者语音\Berserker\伽拉忒亚\宝具2.mp3
22:01:18 INFO [112/176] Berserker / 摩根（Excel DR2）
22:01:20 INFO 找到 6 条：宝具卡1.mp3、宝具卡2.mp3、宝具卡3.mp3、宝具1.mp3、宝具2.mp3、宝具3.mp3
22:01:20 INFO 下载：https://media.fgo.wiki/9/9f/SV309_0_%E5%AE%9D%E5%85%B7%E5%8D%A11.mp3?v=5w64deekaq5q590963d0hpmmafimyll
22:01:21 INFO 保存：从者语音\Berserker\摩根\宝具卡1.mp3
22:01:21 INFO 下载：https://media.fgo.wiki/b/b2/SV309_0_%E5%AE%9D%E5%85%B7%E5%8D%A12.mp3?v=88bgb7y3ifwiw2x4udi4po75pk1n056
22:01:21 INFO 保存：从者语音\Berserker\摩根\宝具卡2.mp3
22:01:21 INFO 下载：https://media.fgo.wiki/0/0b/SV309_0_%E5%AE%9D%E5%85%B7%E5%8D%A13.mp3?v=4sq66z02mqmde8mv9g2lrlwchcd2hha
22:01:22 INFO 保存：从者语音\Berserker\摩根\宝具卡3.mp3
22:01:22 INFO 下载：https://media.fgo.wiki/5/57/SV309_0_%E5%AE%9D%E5%85%B71.mp3?v=qtxxm8ya1pu9zuops0so2jqt1u9s5e7
22:01:24 INFO 保存：从者语音\Berserker\摩根\宝具1.mp3
22:01:24 INFO 下载：https://media.fgo.wiki/b/b3/SV309_0_%E5%AE%9D%E5%85%B72.mp3?v=5sfcxiydsy8pvr4zqfev0nvi41hj8gu
22:01:25 INFO 保存：从者语音\Berserker\摩根\宝具2.mp3
22:01:25 INFO 下载：https://media.fgo.wiki/4/43/SV309_0_%E5%AE%9D%E5%85%B73.mp3?v=onkh335tr6ns15vwh06pv7wobisp3d8
22:01:26 INFO 保存：从者语音\Berserker\摩根\宝具3.mp3
22:01:26 INFO [113/176] Berserker / 伊吹童子(Berserker)（Excel DS2）
22:01:28 INFO 同名语音存在多个不同媒体文件，已使用 _2、_3 后缀：宝具卡1、宝具卡2、宝具卡3、宝具1、宝具2、宝具3
22:01:28 INFO 找到 12 条：宝具卡1.mp3、宝具卡2.mp3、宝具卡3.mp3、宝具1.mp3、宝具2.mp3、宝具3.mp3、宝具卡1_2.mp3、宝具卡2_2.mp3、宝具卡3_2.mp3、宝具1_2.mp3、宝具2_2.mp3、宝具3_2.mp3
22:01:28 INFO 下载：https://media.fgo.wiki/c/ca/SV355_0_%E5%AE%9D%E5%85%B7%E5%8D%A11.mp3?v=lagbugr2jv6ruizhrmj7aoyiebu5evl
22:01:29 INFO 保存：从者语音\Berserker\伊吹童子(Berserker)\宝具卡1.mp3
22:01:29 INFO 下载：https://media.fgo.wiki/6/6e/SV355_0_%E5%AE%9D%E5%85%B7%E5%8D%A12.mp3?v=cu5tefgcbok0ufh74m9zh9ktbo0xmua
22:01:39 INFO 保存：从者语音\Berserker\伊吹童子(Berserker)\宝具卡2.mp3
22:01:39 INFO 下载：https://media.fgo.wiki/a/a0/SV355_0_%E5%AE%9D%E5%85%B7%E5%8D%A13.mp3?v=3xbxf9ef55qxt017cuquw0pjksuc8k6
22:01:54 INFO 保存：从者语音\Berserker\伊吹童子(Berserker)\宝具卡3.mp3
22:01:54 INFO 下载：https://media.fgo.wiki/3/3f/SV355_0_%E5%AE%9D%E5%85%B71.mp3?v=j48bjjl9tlxf0rjr1dxrrvbbpcs82d9
22:03:45 WARNING 请求失败，2.1 秒后重试 (1/5)：https://media.fgo.wiki/3/3f/SV355_0_%E5%AE%9D%E5%85%B71.mp3?v=j48bjjl9tlxf0rjr1dxrrvbbpcs82d9；<urlopen error _ssl.c:1015: The handshake operation timed out>
22:06:36 WARNING 请求失败，2.7 秒后重试 (2/5)：https://media.fgo.wiki/3/3f/SV355_0_%E5%AE%9D%E5%85%B71.mp3?v=j48bjjl9tlxf0rjr1dxrrvbbpcs82d9；<urlopen error [WinError 10060] 由于连接方在一段时间后没有正确答复或连接的主机没有反应，连接尝试失败。>
22:09:28 WARNING 请求失败，4.5 秒后重试 (3/5)：https://media.fgo.wiki/3/3f/SV355_0_%E5%AE%9D%E5%85%B71.mp3?v=j48bjjl9tlxf0rjr1dxrrvbbpcs82d9；<urlopen error [WinError 10060] 由于连接方在一段时间后没有正确答复或连接的主机没有反应，连接尝试失败。>
22:09:34 INFO 保存：从者语音\Berserker\伊吹童子(Berserker)\宝具1.mp3
22:09:34 INFO 下载：https://media.fgo.wiki/0/04/SV355_0_%E5%AE%9D%E5%85%B72.mp3?v=cimdouhorvlgsmnp8k3p3ht8c5o6lc6
22:09:36 INFO 保存：从者语音\Berserker\伊吹童子(Berserker)\宝具2.mp3
22:09:36 INFO 下载：https://media.fgo.wiki/b/b0/SV355_0_%E5%AE%9D%E5%85%B73.mp3?v=skc1pp71p8cd82r1406jslf6ajf5c8m
22:09:37 INFO 保存：从者语音\Berserker\伊吹童子(Berserker)\宝具3.mp3
22:09:37 INFO 下载：https://media.fgo.wiki/a/aa/SV355_1_%E5%AE%9D%E5%85%B7%E5%8D%A11.mp3?v=fdmlpm9jlicsyjet6ip0ncn6elfd3cr
22:09:38 INFO 保存：从者语音\Berserker\伊吹童子(Berserker)\宝具卡1_2.mp3
22:09:38 INFO 下载：https://media.fgo.wiki/b/b7/SV355_1_%E5%AE%9D%E5%85%B7%E5%8D%A12.mp3?v=4ghoaf606txnumvnqdqbo6h7rjjswq0
22:09:39 INFO 保存：从者语音\Berserker\伊吹童子(Berserker)\宝具卡2_2.mp3
22:09:39 INFO 下载：https://media.fgo.wiki/1/1f/SV355_1_%E5%AE%9D%E5%85%B7%E5%8D%A13.mp3?v=mo8fkqsgeqmqqlrt7zywo5w3zz8k48x
22:09:40 INFO 保存：从者语音\Berserker\伊吹童子(Berserker)\宝具卡3_2.mp3
22:09:40 INFO 下载：https://media.fgo.wiki/c/c8/SV355_1_%E5%AE%9D%E5%85%B71.mp3?v=j48bjjl9tlxf0rjr1dxrrvbbpcs82d9
22:09:41 INFO 保存：从者语音\Berserker\伊吹童子(Berserker)\宝具1_2.mp3
22:09:41 INFO 下载：https://media.fgo.wiki/8/85/SV355_1_%E5%AE%9D%E5%85%B72.mp3?v=cimdouhorvlgsmnp8k3p3ht8c5o6lc6
22:09:42 INFO 保存：从者语音\Berserker\伊吹童子(Berserker)\宝具2_2.mp3
22:09:42 INFO 下载：https://media.fgo.wiki/8/8a/SV355_1_%E5%AE%9D%E5%85%B73.mp3?v=skc1pp71p8cd82r1406jslf6ajf5c8m
22:09:44 INFO 保存：从者语音\Berserker\伊吹童子(Berserker)\宝具3_2.mp3
22:09:44 INFO [114/176] Berserker / 千利休（Excel DT2）
22:12:32 WARNING 请求失败，2.2 秒后重试 (1/5)：https://fgo.wiki/w/%E5%8D%83%E5%88%A9%E4%BC%91/%E8%AF%AD%E9%9F%B3；<urlopen error [WinError 10060] 由于连接方在一段时间后没有正确答复或连接的主机没有反应，连接尝试失败。>
22:15:23 WARNING 请求失败，2.5 秒后重试 (2/5)：https://fgo.wiki/w/%E5%8D%83%E5%88%A9%E4%BC%91/%E8%AF%AD%E9%9F%B3；<urlopen error [WinError 10060] 由于连接方在一段时间后没有正确答复或连接的主机没有反应，连接尝试失败。>
22:15:28 INFO 同名语音存在多个不同媒体文件，已使用 _2、_3 后缀：宝具卡1、宝具卡2、宝具卡3、宝具1、宝具2、宝具3
22:15:28 INFO 找到 12 条：宝具卡1.mp3、宝具卡2.mp3、宝具卡3.mp3、宝具1.mp3、宝具2.mp3、宝具3.mp3、宝具卡1_2.mp3、宝具卡2_2.mp3、宝具卡3_2.mp3、宝具1_2.mp3、宝具2_2.mp3、宝具3_2.mp3
22:15:28 INFO 下载：https://media.fgo.wiki/a/ae/SV362_0_%E5%AE%9D%E5%85%B7%E5%8D%A11.mp3?v=k45aeb2v6jli1edovumuoetdhh52dw1
22:15:30 INFO 保存：从者语音\Berserker\千利休\宝具卡1.mp3
22:15:30 INFO 下载：https://media.fgo.wiki/9/91/SV362_0_%E5%AE%9D%E5%85%B7%E5%8D%A12.mp3?v=mq9g12a2wavmrheflwis9d6wej9lj0c
22:15:30 INFO 保存：从者语音\Berserker\千利休\宝具卡2.mp3
22:15:30 INFO 下载：https://media.fgo.wiki/7/77/SV362_0_%E5%AE%9D%E5%85%B7%E5%8D%A13.mp3?v=d4qwpvfs160ukc571nzp0fmyhaw7fmk
22:15:31 INFO 保存：从者语音\Berserker\千利休\宝具卡3.mp3
22:15:31 INFO 下载：https://media.fgo.wiki/1/11/SV362_0_%E5%AE%9D%E5%85%B71.mp3?v=kkgufnfl6ivti39ra1b40lz9gwt33bv
22:15:33 INFO 保存：从者语音\Berserker\千利休\宝具1.mp3
22:15:33 INFO 下载：https://media.fgo.wiki/0/06/SV362_0_%E5%AE%9D%E5%85%B72.mp3?v=7pjucus3tfawyn5sppk9wzay57j35bl
22:15:35 INFO 保存：从者语音\Berserker\千利休\宝具2.mp3
22:15:35 INFO 下载：https://media.fgo.wiki/a/af/SV362_0_%E5%AE%9D%E5%85%B73.mp3?v=azvnvwa1op4i80nq2cy5zwi3p300uan
22:15:36 INFO 保存：从者语音\Berserker\千利休\宝具3.mp3
22:15:36 INFO 下载：https://media.fgo.wiki/d/da/SV362_2_%E5%AE%9D%E5%85%B7%E5%8D%A11.mp3?v=qowxfemqazbxnu7q6uthfftny14cv3w
22:15:37 INFO 保存：从者语音\Berserker\千利休\宝具卡1_2.mp3
22:15:37 INFO 下载：https://media.fgo.wiki/1/11/SV362_2_%E5%AE%9D%E5%85%B7%E5%8D%A12.mp3?v=pg0dy7t5i554j6kt7tqx17i8t47v9zb
22:15:39 INFO 保存：从者语音\Berserker\千利休\宝具卡2_2.mp3
22:15:39 INFO 下载：https://media.fgo.wiki/2/2b/SV362_2_%E5%AE%9D%E5%85%B7%E5%8D%A13.mp3?v=4mypze3dsmtjeobcj80m1x022347xtk
22:15:39 INFO 保存：从者语音\Berserker\千利休\宝具卡3_2.mp3
22:15:39 INFO 下载：https://media.fgo.wiki/6/62/SV362_2_%E5%AE%9D%E5%85%B71.mp3?v=4km4cfmuykrf2bvg9l0o6eazk2kel14
22:15:41 INFO 保存：从者语音\Berserker\千利休\宝具1_2.mp3
22:15:41 INFO 下载：https://media.fgo.wiki/6/65/SV362_2_%E5%AE%9D%E5%85%B72.mp3?v=pmwud7gz4ame72w7yiay5tje7pr3a8a
22:15:42 INFO 保存：从者语音\Berserker\千利休\宝具2_2.mp3
22:15:42 INFO 下载：https://media.fgo.wiki/2/20/SV362_2_%E5%AE%9D%E5%85%B73.mp3?v=oca3u4eydtmou6e7em1x7hn2ctyv6pr
22:15:44 INFO 保存：从者语音\Berserker\千利休\宝具3_2.mp3
22:15:44 INFO [115/176] Berserker / 阿尔托莉雅·卡斯特(Berserker)（Excel DU2）
22:15:46 INFO 同名语音存在多个不同媒体文件，已使用 _2、_3 后缀：宝具卡1、宝具卡2、宝具卡3、宝具1、宝具2、宝具3
22:15:46 INFO 找到 18 条：宝具卡1.mp3、宝具卡2.mp3、宝具卡3.mp3、宝具1.mp3、宝具2.mp3、宝具3.mp3、宝具卡1_2.mp3、宝具卡2_2.mp3、宝具卡3_2.mp3、宝具1_2.mp3、宝具2_2.mp3、宝具3_2.mp3、宝具卡1_3.mp3、宝具卡2_3.mp3、宝具卡3_3.mp3、宝具1_3.mp3、宝具2_3.mp3、宝具3_3.mp3
22:15:46 INFO 下载：https://media.fgo.wiki/1/1e/SV386_0_%E5%AE%9D%E5%85%B7%E5%8D%A11.mp3?v=3c26t3oebjl8indpaiezgx5j3txkyfn
22:15:47 INFO 保存：从者语音\Berserker\阿尔托莉雅·卡斯特(Berserker)\宝具卡1.mp3
22:15:47 INFO 下载：https://media.fgo.wiki/f/fe/SV386_0_%E5%AE%9D%E5%85%B7%E5%8D%A12.mp3?v=2aphhjx1lixicmx0yf4ny26qm8qkzqs
22:15:48 INFO 保存：从者语音\Berserker\阿尔托莉雅·卡斯特(Berserker)\宝具卡2.mp3
22:15:48 INFO 下载：https://media.fgo.wiki/9/94/SV386_0_%E5%AE%9D%E5%85%B7%E5%8D%A13.mp3?v=jorhdzkkyrp0ibzp0zclejv4mnahy9n
22:15:48 INFO 保存：从者语音\Berserker\阿尔托莉雅·卡斯特(Berserker)\宝具卡3.mp3
22:15:48 INFO 下载：https://media.fgo.wiki/0/0a/SV386_0_%E5%AE%9D%E5%85%B71.mp3?v=by8fxfvrv2nuaag584nzng6ejq4fj6g
22:15:50 INFO 保存：从者语音\Berserker\阿尔托莉雅·卡斯特(Berserker)\宝具1.mp3
22:15:50 INFO 下载：https://media.fgo.wiki/e/ef/SV386_0_%E5%AE%9D%E5%85%B72.mp3?v=snzikc7zb47sobf17hmkqjenyixtknd
22:15:51 INFO 保存：从者语音\Berserker\阿尔托莉雅·卡斯特(Berserker)\宝具2.mp3
22:15:51 INFO 下载：https://media.fgo.wiki/3/3d/SV386_0_%E5%AE%9D%E5%85%B73.mp3?v=llbpjih58biqsji8ubyh2rylgx6cve8
22:15:52 INFO 保存：从者语音\Berserker\阿尔托莉雅·卡斯特(Berserker)\宝具3.mp3
22:15:52 INFO 下载：https://media.fgo.wiki/c/c2/SV386_1_%E5%AE%9D%E5%85%B7%E5%8D%A11.mp3?v=e7z5th9bjcgjjg0vy3r7aqcpu79y6kl
22:15:53 INFO 保存：从者语音\Berserker\阿尔托莉雅·卡斯特(Berserker)\宝具卡1_2.mp3
22:15:53 INFO 下载：https://media.fgo.wiki/f/fd/SV386_1_%E5%AE%9D%E5%85%B7%E5%8D%A12.mp3?v=jcc68mktebho3pqfkata6ui4dl1387z
22:15:54 INFO 保存：从者语音\Berserker\阿尔托莉雅·卡斯特(Berserker)\宝具卡2_2.mp3
22:15:54 INFO 下载：https://media.fgo.wiki/1/18/SV386_1_%E5%AE%9D%E5%85%B7%E5%8D%A13.mp3?v=i5y9pv9dyeiju0o63oeksv93nr1ugps
22:15:55 INFO 保存：从者语音\Berserker\阿尔托莉雅·卡斯特(Berserker)\宝具卡3_2.mp3
22:15:55 INFO 下载：https://media.fgo.wiki/5/5a/SV386_1_%E5%AE%9D%E5%85%B71.mp3?v=by8fxfvrv2nuaag584nzng6ejq4fj6g
22:15:57 INFO 保存：从者语音\Berserker\阿尔托莉雅·卡斯特(Berserker)\宝具1_2.mp3
22:15:57 INFO 下载：https://media.fgo.wiki/4/47/SV386_1_%E5%AE%9D%E5%85%B72.mp3?v=snzikc7zb47sobf17hmkqjenyixtknd
22:15:58 INFO 保存：从者语音\Berserker\阿尔托莉雅·卡斯特(Berserker)\宝具2_2.mp3
22:15:58 INFO 下载：https://media.fgo.wiki/d/d6/SV386_1_%E5%AE%9D%E5%85%B73.mp3?v=llbpjih58biqsji8ubyh2rylgx6cve8
22:15:59 INFO 保存：从者语音\Berserker\阿尔托莉雅·卡斯特(Berserker)\宝具3_2.mp3
22:15:59 INFO 下载：https://media.fgo.wiki/1/13/SV386_2_%E5%AE%9D%E5%85%B7%E5%8D%A11.mp3?v=h8jfjytdltl1vumthgudxapz93pfr4u
22:16:00 INFO 保存：从者语音\Berserker\阿尔托莉雅·卡斯特(Berserker)\宝具卡1_3.mp3
22:16:00 INFO 下载：https://media.fgo.wiki/1/1e/SV386_2_%E5%AE%9D%E5%85%B7%E5%8D%A12.mp3?v=3vynirh01z9j1gz3y11754lrwny3j80
22:16:01 INFO 保存：从者语音\Berserker\阿尔托莉雅·卡斯特(Berserker)\宝具卡2_3.mp3
22:16:01 INFO 下载：https://media.fgo.wiki/4/47/SV386_2_%E5%AE%9D%E5%85%B7%E5%8D%A13.mp3?v=l2qb8y3hjln6jdniqzplvu2f1xnc5j6
22:16:03 INFO 保存：从者语音\Berserker\阿尔托莉雅·卡斯特(Berserker)\宝具卡3_3.mp3
22:16:03 INFO 下载：https://media.fgo.wiki/d/dc/SV386_2_%E5%AE%9D%E5%85%B71.mp3?v=ax5benz2w9w2qykp33h1xhe7upnwpp0
22:16:05 INFO 保存：从者语音\Berserker\阿尔托莉雅·卡斯特(Berserker)\宝具1_3.mp3
22:16:05 INFO 下载：https://media.fgo.wiki/5/52/SV386_2_%E5%AE%9D%E5%85%B72.mp3?v=53njwerfr3crzet4r4wti5wva0ua37e
22:16:06 INFO 保存：从者语音\Berserker\阿尔托莉雅·卡斯特(Berserker)\宝具2_3.mp3
22:16:06 INFO 下载：https://media.fgo.wiki/5/50/SV386_2_%E5%AE%9D%E5%85%B73.mp3?v=4eziheheh7rsgjwpqslp1boanbhoc52
22:16:07 INFO 保存：从者语音\Berserker\阿尔托莉雅·卡斯特(Berserker)\宝具3_3.mp3
22:16:07 INFO [116/176] Berserker / 娄希（Excel DV2）
22:16:10 INFO 同名语音存在多个不同媒体文件，已使用 _2、_3 后缀：宝具卡1、宝具卡2、宝具卡3、宝具卡4、宝具1、宝具2
22:16:10 INFO 找到 12 条：宝具卡1.mp3、宝具卡2.mp3、宝具卡3.mp3、宝具卡4.mp3、宝具1.mp3、宝具2.mp3、宝具卡1_2.mp3、宝具卡2_2.mp3、宝具卡3_2.mp3、宝具卡4_2.mp3、宝具1_2.mp3、宝具2_2.mp3
22:16:10 INFO 下载：https://media.fgo.wiki/c/c4/SV429_0_%E5%AE%9D%E5%85%B7%E5%8D%A11.mp3?v=605dvzebgyhq9qs6tww1gjc1epxylk7
22:16:10 INFO 保存：从者语音\Berserker\娄希\宝具卡1.mp3
22:16:10 INFO 下载：https://media.fgo.wiki/2/24/SV429_0_%E5%AE%9D%E5%85%B7%E5%8D%A12.mp3?v=j082hk6wu0qlckzwnoqx55x86n56vt1
22:16:11 INFO 保存：从者语音\Berserker\娄希\宝具卡2.mp3
22:16:11 INFO 下载：https://media.fgo.wiki/8/8a/SV429_0_%E5%AE%9D%E5%85%B7%E5%8D%A13.mp3?v=mjcmfs3lhfgdj8iirryul5qhxmrp1tj
22:16:12 INFO 保存：从者语音\Berserker\娄希\宝具卡3.mp3
22:16:12 INFO 下载：https://media.fgo.wiki/8/87/SV429_0_%E5%AE%9D%E5%85%B7%E5%8D%A14.mp3?v=gl2w2jpd1vczwj2qkqlpl8gfvcg49gb
22:16:14 INFO 保存：从者语音\Berserker\娄希\宝具卡4.mp3
22:16:14 INFO 下载：https://media.fgo.wiki/0/02/SV429_0_%E5%AE%9D%E5%85%B71.mp3?v=eier5yw6ea5ajf9f1ey8lvj3rs38nt1
22:16:16 INFO 保存：从者语音\Berserker\娄希\宝具1.mp3
22:16:16 INFO 下载：https://media.fgo.wiki/0/09/SV429_0_%E5%AE%9D%E5%85%B72.mp3?v=nc1w8adzw59se7zxhtfxmtl2hwysy9z
22:16:17 INFO 保存：从者语音\Berserker\娄希\宝具2.mp3
22:16:17 INFO 下载：https://media.fgo.wiki/6/67/SV429_2_%E5%AE%9D%E5%85%B7%E5%8D%A11.mp3?v=268hre2qk8uvs4api4d2d6jd62oc764
22:16:18 INFO 保存：从者语音\Berserker\娄希\宝具卡1_2.mp3
22:16:18 INFO 下载：https://media.fgo.wiki/5/58/SV429_2_%E5%AE%9D%E5%85%B7%E5%8D%A12.mp3?v=kvznjtomprpsrksreic0drzacnngkjo
22:16:18 INFO 保存：从者语音\Berserker\娄希\宝具卡2_2.mp3
22:16:18 INFO 下载：https://media.fgo.wiki/a/a9/SV429_2_%E5%AE%9D%E5%85%B7%E5%8D%A13.mp3?v=euogmgdkb256x0jq7xadlk7twyb99u0
22:16:19 INFO 保存：从者语音\Berserker\娄希\宝具卡3_2.mp3
22:16:19 INFO 下载：https://media.fgo.wiki/5/5e/SV429_2_%E5%AE%9D%E5%85%B7%E5%8D%A14.mp3?v=9w6b0qrxy004ajqm7sumrf73k8634wv
22:16:20 INFO 保存：从者语音\Berserker\娄希\宝具卡4_2.mp3
22:16:20 INFO 下载：https://media.fgo.wiki/5/50/SV429_2_%E5%AE%9D%E5%85%B71.mp3?v=86s3dr2xupefd5mzoqne9phoqkcwn6o
22:16:21 INFO 保存：从者语音\Berserker\娄希\宝具1_2.mp3
22:16:21 INFO 下载：https://media.fgo.wiki/5/51/SV429_2_%E5%AE%9D%E5%85%B72.mp3?v=l722zzo5r4wrampki6r0ajx6s92dyt9
22:16:22 INFO 保存：从者语音\Berserker\娄希\宝具2_2.mp3
22:16:22 INFO [117/176] Berserker / 莉莉丝（Excel DW2）
22:16:22 INFO 同名语音存在多个不同媒体文件，已使用 _2、_3 后缀：宝具卡1、宝具卡2、宝具卡3、宝具卡4、宝具1、宝具2
22:16:22 INFO 找到 13 条：宝具卡1.mp3、宝具卡2.mp3、宝具卡3.mp3、宝具卡4.mp3、宝具1.mp3、宝具2.mp3、宝具卡1_2.mp3、宝具卡2_2.mp3、宝具卡3_2.mp3、宝具卡4_2.mp3、宝具1_2.mp3、宝具2_2.mp3、宝具3.mp3
22:16:22 INFO 下载：https://media.fgo.wiki/0/0f/SV440_0_%E5%AE%9D%E5%85%B7%E5%8D%A11.mp3?v=ea2tmp2l3mvd9owwyoqcfjmlz5euicv
22:16:23 INFO 保存：从者语音\Berserker\莉莉丝\宝具卡1.mp3
22:16:23 INFO 下载：https://media.fgo.wiki/8/87/SV440_0_%E5%AE%9D%E5%85%B7%E5%8D%A12.mp3?v=02e7enyxg2ir97c0g204eas7eo5hks8
22:16:24 INFO 保存：从者语音\Berserker\莉莉丝\宝具卡2.mp3
22:16:24 INFO 下载：https://media.fgo.wiki/4/47/SV440_0_%E5%AE%9D%E5%85%B7%E5%8D%A13.mp3?v=qh8wtaurk8j16r4hqink9pyj1cnvbgc
22:16:26 INFO 保存：从者语音\Berserker\莉莉丝\宝具卡3.mp3
22:16:26 INFO 下载：https://media.fgo.wiki/3/36/SV440_0_%E5%AE%9D%E5%85%B7%E5%8D%A14.mp3?v=jfswoolj8leoobrys0wyduox0kl81of
22:16:26 INFO 保存：从者语音\Berserker\莉莉丝\宝具卡4.mp3
22:16:26 INFO 下载：https://media.fgo.wiki/7/75/SV440_0_%E5%AE%9D%E5%85%B71.mp3?v=5trji22lktslkqo365nx3k3vypwn9ys
22:16:28 INFO 保存：从者语音\Berserker\莉莉丝\宝具1.mp3
22:16:28 INFO 下载：https://media.fgo.wiki/3/3c/SV440_0_%E5%AE%9D%E5%85%B72.mp3?v=l3m0q17zkju5expyayj1ymq3z90oi50
22:19:17 WARNING 请求失败，1.8 秒后重试 (1/5)：https://media.fgo.wiki/3/3c/SV440_0_%E5%AE%9D%E5%85%B72.mp3?v=l3m0q17zkju5expyayj1ymq3z90oi50；<urlopen error [WinError 10060] 由于连接方在一段时间后没有正确答复或连接的主机没有反应，连接尝试失败。>
22:19:20 INFO 保存：从者语音\Berserker\莉莉丝\宝具2.mp3
22:19:20 INFO 下载：https://media.fgo.wiki/1/15/SV440_2_%E5%AE%9D%E5%85%B7%E5%8D%A11.mp3?v=sm5wrt2lv6vt1n9q1vme8dhr156vni1
22:19:21 INFO 保存：从者语音\Berserker\莉莉丝\宝具卡1_2.mp3
22:19:21 INFO 下载：https://media.fgo.wiki/0/0a/SV440_2_%E5%AE%9D%E5%85%B7%E5%8D%A12.mp3?v=9hah4vpxverekvg8k8efrjit441p102
22:19:22 INFO 保存：从者语音\Berserker\莉莉丝\宝具卡2_2.mp3
22:19:22 INFO 下载：https://media.fgo.wiki/7/7b/SV440_2_%E5%AE%9D%E5%85%B7%E5%8D%A13.mp3?v=4lpg1p0t2cfuijnvfrs5zn6arcxd4r5
22:19:23 INFO 保存：从者语音\Berserker\莉莉丝\宝具卡3_2.mp3
22:19:23 INFO 下载：https://media.fgo.wiki/b/bf/SV440_2_%E5%AE%9D%E5%85%B7%E5%8D%A14.mp3?v=03uadmcb1tbp3euql10031mj7xtjxuu
22:19:24 INFO 保存：从者语音\Berserker\莉莉丝\宝具卡4_2.mp3
22:19:24 INFO 下载：https://media.fgo.wiki/d/d2/SV440_2_%E5%AE%9D%E5%85%B71.mp3?v=gfknyrqipbcdry113nokhgbium9gtq5
22:19:25 INFO 保存：从者语音\Berserker\莉莉丝\宝具1_2.mp3
22:19:25 INFO 下载：https://media.fgo.wiki/e/e0/SV440_2_%E5%AE%9D%E5%85%B72.mp3?v=9a3sazxjncdqrwnslb6q18icaxf78b4
22:19:26 INFO 保存：从者语音\Berserker\莉莉丝\宝具2_2.mp3
22:19:26 INFO 下载：https://media.fgo.wiki/2/22/SV440_2_%E5%AE%9D%E5%85%B73.mp3?v=3ccwbaq1cfguz134102vw2b8v8g33g9
22:19:27 INFO 保存：从者语音\Berserker\莉莉丝\宝具3.mp3
22:19:27 INFO [118/176] Ruler / 贞德（Excel DY2）
22:22:16 WARNING 请求失败，1.7 秒后重试 (1/5)：https://fgo.wiki/w/%E8%B4%9E%E5%BE%B7/%E8%AF%AD%E9%9F%B3；<urlopen error [WinError 10060] 由于连接方在一段时间后没有正确答复或连接的主机没有反应，连接尝试失败。>
22:22:21 INFO 同名语音存在多个不同媒体文件，已使用 _2、_3 后缀：宝具卡1、宝具卡2、宝具卡3
22:22:21 INFO 找到 11 条：宝具卡1.mp3、宝具卡2.mp3、宝具卡3.mp3、宝具1.mp3、宝具2.mp3、宝具3.mp3、宝具4.mp3、宝具5.mp3、宝具卡1_2.mp3、宝具卡2_2.mp3、宝具卡3_2.mp3
22:22:21 INFO 下载：https://media.fgo.wiki/c/c5/059di_npse.mp3?v=6zuc7n6taxbkxxikvvut9h48eb9ciz4
22:22:23 INFO 保存：从者语音\Ruler\贞德\宝具卡1.mp3
22:22:23 INFO 下载：https://media.fgo.wiki/a/a4/SV59_0_%E5%AE%9D%E5%85%B7%E5%8D%A12.mp3?v=az67oreg2f0rccdvim2rhenf6n7ablk
22:22:24 INFO 保存：从者语音\Ruler\贞德\宝具卡2.mp3
22:22:24 INFO 下载：https://media.fgo.wiki/f/ff/SV59_0_%E5%AE%9D%E5%85%B7%E5%8D%A13.mp3?v=4i14hkfwnre6x0oaledkdxyt8pgixfp
22:22:25 INFO 保存：从者语音\Ruler\贞德\宝具卡3.mp3
22:22:25 INFO 下载：https://media.fgo.wiki/c/c6/059di_np.mp3?v=me7zrwag9qsj1syitqmbec90k4x24l3
22:22:26 INFO 保存：从者语音\Ruler\贞德\宝具1.mp3
22:22:26 INFO 下载：https://media.fgo.wiki/e/e9/SV59_0_%E5%AE%9D%E5%85%B72.mp3?v=ky8clhbiw68lfhdb3z3aobona14snzf
22:22:28 INFO 保存：从者语音\Ruler\贞德\宝具2.mp3
22:22:28 INFO 下载：https://media.fgo.wiki/9/9f/SV59_0_%E5%AE%9D%E5%85%B73.mp3?v=ieodznxrg8yrj4mztfaixyz9h26x03n
22:22:29 INFO 保存：从者语音\Ruler\贞德\宝具3.mp3
22:22:29 INFO 下载：https://media.fgo.wiki/2/22/SV59_0_%E5%AE%9D%E5%85%B74.mp3?v=lm4vg2j9ar8x9w4zro47nkgms833z56
22:22:30 INFO 保存：从者语音\Ruler\贞德\宝具4.mp3
22:22:30 INFO 下载：https://media.fgo.wiki/3/3c/SV59_0_%E5%AE%9D%E5%85%B75.mp3?v=ich46heqvbwn2k0zj1b8ch3s83nosyj
22:22:31 INFO 保存：从者语音\Ruler\贞德\宝具5.mp3
22:22:31 INFO 下载：https://media.fgo.wiki/7/71/SV59_11_%E5%AE%9D%E5%85%B7%E5%8D%A11.mp3?v=go16wj2ja93nt6zk0rlr53brf5gioji
22:22:32 INFO 保存：从者语音\Ruler\贞德\宝具卡1_2.mp3
22:22:32 INFO 下载：https://media.fgo.wiki/a/a3/SV59_11_%E5%AE%9D%E5%85%B7%E5%8D%A12.mp3?v=52etkkly6zk5s1sfadhd5hjvv04ji3f
22:22:33 INFO 保存：从者语音\Ruler\贞德\宝具卡2_2.mp3
22:22:33 INFO 下载：https://media.fgo.wiki/5/53/SV59_11_%E5%AE%9D%E5%85%B7%E5%8D%A13.mp3?v=e3vzmgejqhgyfp8j7e1akzx2culo77s
22:22:34 INFO 保存：从者语音\Ruler\贞德\宝具卡3_2.mp3
22:22:34 INFO [119/176] Ruler / 天草四郎（Excel DZ2）
22:22:36 INFO 同名语音存在多个不同媒体文件，已使用 _2、_3 后缀：宝具卡1、宝具卡2、宝具卡3、宝具卡4
22:22:36 INFO 找到 11 条：宝具卡1.mp3、宝具卡2.mp3、宝具卡3.mp3、宝具卡4.mp3、宝具1.mp3、宝具2.mp3、宝具3.mp3、宝具卡1_2.mp3、宝具卡2_2.mp3、宝具卡3_2.mp3、宝具卡4_2.mp3
22:22:36 INFO 下载：https://media.fgo.wiki/f/f6/093di_npse1.mp3?v=hawo04d5y0qp9108xcce8wu2b7yyocu
22:22:38 INFO 保存：从者语音\Ruler\天草四郎\宝具卡1.mp3
22:22:38 INFO 下载：https://media.fgo.wiki/d/d7/093di_npse2.mp3?v=o0o7nzv99danpgvgqfcogme3iqd49t3
22:22:39 INFO 保存：从者语音\Ruler\天草四郎\宝具卡2.mp3
22:22:39 INFO 下载：https://media.fgo.wiki/f/f8/SV93_0_%E5%AE%9D%E5%85%B7%E5%8D%A13.mp3?v=qac5enyv3vaepi8wp21isq19fyadelw
22:22:40 INFO 保存：从者语音\Ruler\天草四郎\宝具卡3.mp3
22:22:40 INFO 下载：https://media.fgo.wiki/6/69/SV93_0_%E5%AE%9D%E5%85%B7%E5%8D%A14.mp3?v=mk61a1yw97bcplboy63ru8p5oybndgl
22:22:41 INFO 保存：从者语音\Ruler\天草四郎\宝具卡4.mp3
22:22:41 INFO 下载：https://media.fgo.wiki/5/55/093di_np.mp3?v=er9apo8z0ctx3pnltk0wgkte4x0r7rb
22:22:42 INFO 保存：从者语音\Ruler\天草四郎\宝具1.mp3
22:22:42 INFO 下载：https://media.fgo.wiki/1/1d/SV93_0_%E5%AE%9D%E5%85%B72.mp3?v=fmi6tc8200avmm57le06hmxqqw31o2s
22:22:44 INFO 保存：从者语音\Ruler\天草四郎\宝具2.mp3
22:22:44 INFO 下载：https://media.fgo.wiki/1/14/SV93_0_%E5%AE%9D%E5%85%B73.mp3?v=o1bkpdcxbkbcjhrv8mwful48y5rrpf1
22:22:45 INFO 保存：从者语音\Ruler\天草四郎\宝具3.mp3
22:22:45 INFO 下载：https://media.fgo.wiki/6/66/SV93_11_%E5%AE%9D%E5%85%B7%E5%8D%A11.mp3?v=iybl3pgve7bl2qlpmg2p2oe76o4o8v8
22:22:46 INFO 保存：从者语音\Ruler\天草四郎\宝具卡1_2.mp3
22:22:46 INFO 下载：https://media.fgo.wiki/d/da/SV93_11_%E5%AE%9D%E5%85%B7%E5%8D%A12.mp3?v=5twrhij09s8wkk7t3bfa37iy8ki7zhv
22:22:47 INFO 保存：从者语音\Ruler\天草四郎\宝具卡2_2.mp3
22:22:47 INFO 下载：https://media.fgo.wiki/d/db/SV93_11_%E5%AE%9D%E5%85%B7%E5%8D%A13.mp3?v=5gxvy6mapaxy458fhaf4soi4jm421tb
22:22:48 INFO 保存：从者语音\Ruler\天草四郎\宝具卡3_2.mp3
22:22:48 INFO 下载：https://media.fgo.wiki/8/83/SV93_11_%E5%AE%9D%E5%85%B7%E5%8D%A14.mp3?v=ay0esn58ot3huwvke6hivw3go79u56w
22:22:49 INFO 保存：从者语音\Ruler\天草四郎\宝具卡4_2.mp3
22:22:49 INFO [120/176] Ruler / 夏洛克·福尔摩斯（Excel EA2）
22:22:51 INFO 找到 2 条：宝具卡1.mp3、宝具1.mp3
22:22:51 INFO 下载：https://media.fgo.wiki/5/59/173di_npse.mp3?v=bm65mb8drh40p6gjnhkxb7i4ssm5viw
22:22:52 INFO 保存：从者语音\Ruler\夏洛克·福尔摩斯\宝具卡1.mp3
22:22:52 INFO 下载：https://media.fgo.wiki/1/1f/173di_np.mp3?v=jo0kjs58e78u06tmtbm8haf2mjxwt1l
22:22:54 INFO 保存：从者语音\Ruler\夏洛克·福尔摩斯\宝具1.mp3
22:22:54 INFO [121/176] Ruler / 始皇帝（Excel EB2）
22:22:55 INFO 找到 3 条：宝具卡1.mp3、宝具1.mp3、宝具2.mp3
22:22:55 INFO 下载：https://media.fgo.wiki/4/47/229di_npse.mp3?v=afritcxlq2ao66tbaimit9f2md0pfra
22:22:56 INFO 保存：从者语音\Ruler\始皇帝\宝具卡1.mp3
22:22:56 INFO 下载：https://media.fgo.wiki/a/a3/229di_np1.mp3?v=h5zkoe5hon0crehfr53rp5qasapqsks
22:22:58 INFO 保存：从者语音\Ruler\始皇帝\宝具1.mp3
22:22:58 INFO 下载：https://media.fgo.wiki/f/f7/229di_np2.mp3?v=3mppjczxgn9dzxqvy8n9sszbd8dkmyv
22:23:00 INFO 保存：从者语音\Ruler\始皇帝\宝具2.mp3
22:23:00 INFO [122/176] Ruler / 阿尔托莉雅·潘德拉贡(Ruler)（Excel EC2）
22:23:02 INFO 同名语音存在多个不同媒体文件，已使用 _2、_3 后缀：宝具卡1、宝具1、宝具2
22:23:02 INFO 找到 7 条：宝具卡1.mp3、宝具卡1_2.mp3、宝具1.mp3、宝具2.mp3、宝具卡1_3.mp3、宝具1_2.mp3、宝具2_2.mp3
22:23:02 INFO 下载：https://media.fgo.wiki/5/58/SV265_0_%E5%AE%9D%E5%85%B7%E5%8D%A1.mp3?v=686geq2glgm13xntb0eatby61a7hbbo
22:23:03 INFO 保存：从者语音\Ruler\阿尔托莉雅·潘德拉贡(Ruler)\宝具卡1.mp3
22:23:03 INFO 下载：https://media.fgo.wiki/d/d9/SV265_2_%E5%AE%9D%E5%85%B7%E5%8D%A1.mp3?v=7sm2l76lqjkaniotg8e8phklldpqzqd
22:23:04 INFO 保存：从者语音\Ruler\阿尔托莉雅·潘德拉贡(Ruler)\宝具卡1_2.mp3
22:23:04 INFO 下载：https://media.fgo.wiki/5/55/SV265_0_%E5%AE%9D%E5%85%B71.mp3?v=ie9us6mfdpdsjngeqb4zj48rd4sfgi0
22:23:05 INFO 保存：从者语音\Ruler\阿尔托莉雅·潘德拉贡(Ruler)\宝具1.mp3
22:23:05 INFO 下载：https://media.fgo.wiki/8/8f/SV265_0_%E5%AE%9D%E5%85%B72.mp3?v=l7v4ssj6523aupuuc62yq2wgql3e5ue
22:23:07 INFO 保存：从者语音\Ruler\阿尔托莉雅·潘德拉贡(Ruler)\宝具2.mp3
22:23:07 INFO 下载：https://media.fgo.wiki/6/68/SV265_1_%E5%AE%9D%E5%85%B7%E5%8D%A1.mp3?v=spj2zzsh6jqgc6x8z9rhs2kfs1wjpby
22:23:08 INFO 保存：从者语音\Ruler\阿尔托莉雅·潘德拉贡(Ruler)\宝具卡1_3.mp3
22:23:08 INFO 下载：https://media.fgo.wiki/6/6a/SV265_1_%E5%AE%9D%E5%85%B71.mp3?v=2jv3xvopnacmwlwijige0rjsnn5dvnj
22:23:10 INFO 保存：从者语音\Ruler\阿尔托莉雅·潘德拉贡(Ruler)\宝具1_2.mp3
22:23:10 INFO 下载：https://media.fgo.wiki/c/cd/SV265_1_%E5%AE%9D%E5%85%B72.mp3?v=8v1ng1eqhs8cer1oftdc6rqa1ahc0vp
22:23:11 INFO 保存：从者语音\Ruler\阿尔托莉雅·潘德拉贡(Ruler)\宝具2_2.mp3
22:23:11 INFO [123/176] Ruler / 卑弥呼（Excel ED2）
22:23:13 INFO 同名语音存在多个不同媒体文件，已使用 _2、_3 后缀：宝具卡1、宝具卡2、宝具卡3、宝具1、宝具2、宝具3
22:23:13 INFO 找到 12 条：宝具卡1.mp3、宝具卡2.mp3、宝具卡3.mp3、宝具1.mp3、宝具2.mp3、宝具3.mp3、宝具卡1_2.mp3、宝具卡2_2.mp3、宝具卡3_2.mp3、宝具1_2.mp3、宝具2_2.mp3、宝具3_2.mp3
22:23:13 INFO 下载：https://media.fgo.wiki/8/88/SV292_0_%E5%AE%9D%E5%85%B7%E5%8D%A11.mp3?v=r5gj5aum067re7jwpkwmnspisxg3cms
22:23:14 INFO 保存：从者语音\Ruler\卑弥呼\宝具卡1.mp3
22:23:14 INFO 下载：https://media.fgo.wiki/4/46/SV292_0_%E5%AE%9D%E5%85%B7%E5%8D%A12.mp3?v=emki1q4t834s4lmywitgrdbvfjipog5
22:23:16 INFO 保存：从者语音\Ruler\卑弥呼\宝具卡2.mp3
22:23:16 INFO 下载：https://media.fgo.wiki/d/d4/SV292_0_%E5%AE%9D%E5%85%B7%E5%8D%A13.mp3?v=lgk5lh71jqtkqv6nc6b261xcgtn5q3i
22:23:17 INFO 保存：从者语音\Ruler\卑弥呼\宝具卡3.mp3
22:23:17 INFO 下载：https://media.fgo.wiki/0/0a/SV292_0_%E5%AE%9D%E5%85%B71.mp3?v=pkgfr3h64ey0qwky0dp5vfqgy2n6srq
22:23:18 INFO 保存：从者语音\Ruler\卑弥呼\宝具1.mp3
22:23:18 INFO 下载：https://media.fgo.wiki/3/38/SV292_0_%E5%AE%9D%E5%85%B72.mp3?v=3inc7cn9coilig5e5sbp7e9ht6rfsa0
22:23:20 INFO 保存：从者语音\Ruler\卑弥呼\宝具2.mp3
22:23:20 INFO 下载：https://media.fgo.wiki/b/b5/SV292_0_%E5%AE%9D%E5%85%B73.mp3?v=4b72l6vfd9cgd1001uby95i3ic6v738
22:23:21 INFO 保存：从者语音\Ruler\卑弥呼\宝具3.mp3
22:23:21 INFO 下载：https://media.fgo.wiki/a/ab/SV292_1_%E5%AE%9D%E5%85%B7%E5%8D%A11.mp3?v=64ry6oytay4iwqjnmlo43xhqfqrolil
22:23:22 INFO 保存：从者语音\Ruler\卑弥呼\宝具卡1_2.mp3
22:23:22 INFO 下载：https://media.fgo.wiki/8/8c/SV292_1_%E5%AE%9D%E5%85%B7%E5%8D%A12.mp3?v=k6tiew1gi7s2zch55frtto5pu72578d
22:23:24 INFO 保存：从者语音\Ruler\卑弥呼\宝具卡2_2.mp3
22:23:24 INFO 下载：https://media.fgo.wiki/e/e0/SV292_1_%E5%AE%9D%E5%85%B7%E5%8D%A13.mp3?v=4y4xahzsfo474e4me7x3w8cc2y7d9hj
22:23:25 INFO 保存：从者语音\Ruler\卑弥呼\宝具卡3_2.mp3
22:23:25 INFO 下载：https://media.fgo.wiki/6/67/SV292_1_%E5%AE%9D%E5%85%B71.mp3?v=mbpisgi7prds1fka2w30sk2ls8ut9a2
22:23:26 INFO 保存：从者语音\Ruler\卑弥呼\宝具1_2.mp3
22:23:26 INFO 下载：https://media.fgo.wiki/d/de/SV292_1_%E5%AE%9D%E5%85%B72.mp3?v=n673s9ufzx9sq007ky022ty3v7rz2oj
22:23:27 INFO 保存：从者语音\Ruler\卑弥呼\宝具2_2.mp3
22:23:27 INFO 下载：https://media.fgo.wiki/4/4f/SV292_1_%E5%AE%9D%E5%85%B73.mp3?v=1j4fffck5090z793k43ciz7ziq4zwfa
22:23:29 INFO 保存：从者语音\Ruler\卑弥呼\宝具3_2.mp3
22:23:29 INFO [124/176] Ruler / 阿摩耳〔卡莲〕（Excel EE2）
22:23:33 INFO 同名语音存在多个不同媒体文件，已使用 _2、_3 后缀：宝具卡1、宝具卡2、宝具卡3、宝具1、宝具2、宝具3、宝具4、宝具5
22:23:33 INFO 找到 24 条：宝具卡1.mp3、宝具卡2.mp3、宝具卡3.mp3、宝具1.mp3、宝具2.mp3、宝具3.mp3、宝具4.mp3、宝具5.mp3、宝具卡1_2.mp3、宝具卡2_2.mp3、宝具卡3_2.mp3、宝具1_2.mp3、宝具2_2.mp3、宝具3_2.mp3、宝具4_2.mp3、宝具5_2.mp3、宝具卡1_3.mp3、宝具卡2_3.mp3、宝具卡3_3.mp3、宝具1_3.mp3、宝具2_3.mp3、宝具3_3.mp3、宝具4_3.mp3、宝具5_3.mp3
22:23:33 INFO 下载：https://media.fgo.wiki/9/9c/SV305_0_%E5%AE%9D%E5%85%B7%E5%8D%A11.mp3?v=9n7v1q2x6lfbqein4md7t4dee4llvxk
22:23:34 INFO 保存：从者语音\Ruler\阿摩耳〔卡莲〕\宝具卡1.mp3
22:23:34 INFO 下载：https://media.fgo.wiki/8/87/SV305_0_%E5%AE%9D%E5%85%B7%E5%8D%A12.mp3?v=phc3y0m1ubrh92ahs6ml93uzdnx9dxf
22:23:35 INFO 保存：从者语音\Ruler\阿摩耳〔卡莲〕\宝具卡2.mp3
22:23:35 INFO 下载：https://media.fgo.wiki/6/6c/SV305_0_%E5%AE%9D%E5%85%B7%E5%8D%A13.mp3?v=1up6818u4kmxkxu823mhgk30nahor2z
22:23:36 INFO 保存：从者语音\Ruler\阿摩耳〔卡莲〕\宝具卡3.mp3
22:23:36 INFO 下载：https://media.fgo.wiki/e/e0/SV305_0_%E5%AE%9D%E5%85%B71.mp3?v=rh1xf9he46jvpqlayv31e6xtjjdynzt
22:23:38 INFO 保存：从者语音\Ruler\阿摩耳〔卡莲〕\宝具1.mp3
22:23:38 INFO 下载：https://media.fgo.wiki/5/5c/SV305_0_%E5%AE%9D%E5%85%B72.mp3?v=b8bcw34rxfssryd05o1cgtfmo3vvl78
22:23:40 INFO 保存：从者语音\Ruler\阿摩耳〔卡莲〕\宝具2.mp3
22:23:40 INFO 下载：https://media.fgo.wiki/1/13/SV305_0_%E5%AE%9D%E5%85%B73.mp3?v=akz09dl32nf6qmfr9nsywgkm0vxthbi
22:23:41 INFO 保存：从者语音\Ruler\阿摩耳〔卡莲〕\宝具3.mp3
22:23:41 INFO 下载：https://media.fgo.wiki/6/61/SV305_0_%E5%AE%9D%E5%85%B74.mp3?v=rnsnszg0nev1xshfv2u11mjvznlmrbs
22:23:42 INFO 保存：从者语音\Ruler\阿摩耳〔卡莲〕\宝具4.mp3
22:23:42 INFO 下载：https://media.fgo.wiki/4/4f/SV305_0_%E5%AE%9D%E5%85%B75.mp3?v=gisnvdm2l1a2nnzdzvukr7lmlwu7x7f
22:23:43 INFO 保存：从者语音\Ruler\阿摩耳〔卡莲〕\宝具5.mp3
22:23:43 INFO 下载：https://media.fgo.wiki/e/eb/SV305_2_%E5%AE%9D%E5%85%B7%E5%8D%A11.mp3?v=3stcwsb3o4lk2gw3u56nu14xd6gm58z
22:23:45 INFO 保存：从者语音\Ruler\阿摩耳〔卡莲〕\宝具卡1_2.mp3
22:23:45 INFO 下载：https://media.fgo.wiki/7/7c/SV305_2_%E5%AE%9D%E5%85%B7%E5%8D%A12.mp3?v=f2gzs6kzkh4uszts3t7kkpotyxccfuo
22:23:46 INFO 保存：从者语音\Ruler\阿摩耳〔卡莲〕\宝具卡2_2.mp3
22:23:46 INFO 下载：https://media.fgo.wiki/d/d1/SV305_2_%E5%AE%9D%E5%85%B7%E5%8D%A13.mp3?v=kj9pnpnpfkbvxn704oz3hylqoxs7kf9
22:23:46 INFO 保存：从者语音\Ruler\阿摩耳〔卡莲〕\宝具卡3_2.mp3
22:23:46 INFO 下载：https://media.fgo.wiki/7/79/SV305_2_%E5%AE%9D%E5%85%B71.mp3?v=rekip1r0ou1pcunl4atdy8zen098x36
22:23:48 INFO 保存：从者语音\Ruler\阿摩耳〔卡莲〕\宝具1_2.mp3
22:23:48 INFO 下载：https://media.fgo.wiki/b/bb/SV305_2_%E5%AE%9D%E5%85%B72.mp3?v=es3lghqgwpo67ykco0nvugl4ihijvuj
22:23:49 INFO 保存：从者语音\Ruler\阿摩耳〔卡莲〕\宝具2_2.mp3
22:23:49 INFO 下载：https://media.fgo.wiki/6/6a/SV305_2_%E5%AE%9D%E5%85%B73.mp3?v=g7lyp7qf69ofeh3brsms07dd2iaenr3
22:23:50 INFO 保存：从者语音\Ruler\阿摩耳〔卡莲〕\宝具3_2.mp3
22:23:50 INFO 下载：https://media.fgo.wiki/b/b3/SV305_2_%E5%AE%9D%E5%85%B74.mp3?v=dqzwq7de3gd2gxl1ddqciza85sv6jjm
22:23:51 INFO 保存：从者语音\Ruler\阿摩耳〔卡莲〕\宝具4_2.mp3
22:23:51 INFO 下载：https://media.fgo.wiki/f/f7/SV305_2_%E5%AE%9D%E5%85%B75.mp3?v=1tifypua6phms1fqmdh5dvkolczabcr
22:23:52 INFO 保存：从者语音\Ruler\阿摩耳〔卡莲〕\宝具5_2.mp3
22:23:52 INFO 下载：https://media.fgo.wiki/e/ee/SV305_11_%E5%AE%9D%E5%85%B7%E5%8D%A11.mp3?v=8uaiscml4zp6gh6heth80s8hzhp994l
22:23:53 INFO 保存：从者语音\Ruler\阿摩耳〔卡莲〕\宝具卡1_3.mp3
22:23:53 INFO 下载：https://media.fgo.wiki/4/4b/SV305_11_%E5%AE%9D%E5%85%B7%E5%8D%A12.mp3?v=pfqz01zistn7g2f03svcvdjx9m8a0z3
22:23:54 INFO 保存：从者语音\Ruler\阿摩耳〔卡莲〕\宝具卡2_3.mp3
22:23:54 INFO 下载：https://media.fgo.wiki/7/73/SV305_11_%E5%AE%9D%E5%85%B7%E5%8D%A13.mp3?v=ijafsl7pwdib8hk1qtdgul21nwzmxdb
22:23:55 INFO 保存：从者语音\Ruler\阿摩耳〔卡莲〕\宝具卡3_3.mp3
22:23:55 INFO 下载：https://media.fgo.wiki/0/0b/SV305_11_%E5%AE%9D%E5%85%B71.mp3?v=ci0e4wvh7sm40r24emajfblrl3cnje2
22:23:56 INFO 保存：从者语音\Ruler\阿摩耳〔卡莲〕\宝具1_3.mp3
22:23:56 INFO 下载：https://media.fgo.wiki/c/c9/SV305_11_%E5%AE%9D%E5%85%B72.mp3?v=2d36osvxzmnp03y89x6lpzl4yosyl0r
22:23:57 INFO 保存：从者语音\Ruler\阿摩耳〔卡莲〕\宝具2_3.mp3
22:23:57 INFO 下载：https://media.fgo.wiki/0/03/SV305_11_%E5%AE%9D%E5%85%B73.mp3?v=s5g9bwuv62yvs8l6mow8lnqyqelger3
22:23:59 INFO 保存：从者语音\Ruler\阿摩耳〔卡莲〕\宝具3_3.mp3
22:23:59 INFO 下载：https://media.fgo.wiki/a/aa/SV305_11_%E5%AE%9D%E5%85%B74.mp3?v=6idv3ege07bhd571lsar9f2d9an0cfv
22:24:00 INFO 保存：从者语音\Ruler\阿摩耳〔卡莲〕\宝具4_3.mp3
22:24:00 INFO 下载：https://media.fgo.wiki/3/36/SV305_11_%E5%AE%9D%E5%85%B75.mp3?v=62jb8g6d29jpnj3law02lnns3rh6dbu
22:24:01 INFO 保存：从者语音\Ruler\阿摩耳〔卡莲〕\宝具5_3.mp3
22:24:01 INFO [125/176] Ruler / 詹姆斯·莫里亚蒂(Ruler)（Excel EF2）
22:24:05 INFO 同名语音存在多个不同媒体文件，已使用 _2、_3 后缀：宝具卡1、宝具卡2、宝具卡3、宝具1、宝具2、宝具3
22:24:05 INFO 找到 13 条：宝具卡1.mp3、宝具卡2.mp3、宝具卡3.mp3、宝具卡4.mp3、宝具1.mp3、宝具2.mp3、宝具3.mp3、宝具卡1_2.mp3、宝具卡2_2.mp3、宝具卡3_2.mp3、宝具1_2.mp3、宝具2_2.mp3、宝具3_2.mp3
22:24:05 INFO 下载：https://media.fgo.wiki/9/94/SV346_0_%E5%AE%9D%E5%85%B7%E5%8D%A11.mp3?v=2buietkso1uwmefu7cf12zxo7ddrs50
22:24:06 INFO 保存：从者语音\Ruler\詹姆斯·莫里亚蒂(Ruler)\宝具卡1.mp3
22:24:06 INFO 下载：https://media.fgo.wiki/d/d4/SV346_0_%E5%AE%9D%E5%85%B7%E5%8D%A12.mp3?v=2yzebs5bm6wja9quwabt5pklc5g7l7o
22:24:07 INFO 保存：从者语音\Ruler\詹姆斯·莫里亚蒂(Ruler)\宝具卡2.mp3
22:24:07 INFO 下载：https://media.fgo.wiki/9/9a/SV346_0_%E5%AE%9D%E5%85%B7%E5%8D%A13.mp3?v=52c2cbo2kl5wdozw2mp4o9amk462qn9
22:24:07 INFO 保存：从者语音\Ruler\詹姆斯·莫里亚蒂(Ruler)\宝具卡3.mp3
22:24:07 INFO 下载：https://media.fgo.wiki/2/2e/SV346_0_%E5%AE%9D%E5%85%B7%E5%8D%A14.mp3?v=qlfoeyp1evpw8wzhai2k0wpld4ebv9m
22:24:08 INFO 保存：从者语音\Ruler\詹姆斯·莫里亚蒂(Ruler)\宝具卡4.mp3
22:24:08 INFO 下载：https://media.fgo.wiki/3/3f/SV346_0_%E5%AE%9D%E5%85%B71.mp3?v=t3ncvy1mo549esygci31vwd0ouqezln
22:24:10 INFO 保存：从者语音\Ruler\詹姆斯·莫里亚蒂(Ruler)\宝具1.mp3
22:24:10 INFO 下载：https://media.fgo.wiki/b/bb/SV346_0_%E5%AE%9D%E5%85%B72.mp3?v=jn2vrk25fr29bgg0jyyc8fj75zsl6gy
22:24:11 INFO 保存：从者语音\Ruler\詹姆斯·莫里亚蒂(Ruler)\宝具2.mp3
22:24:11 INFO 下载：https://media.fgo.wiki/6/60/SV346_0_%E5%AE%9D%E5%85%B73.mp3?v=t9p220xtuas939r1smssa5e924p29fo
22:24:12 INFO 保存：从者语音\Ruler\詹姆斯·莫里亚蒂(Ruler)\宝具3.mp3
22:24:12 INFO 下载：https://media.fgo.wiki/3/3c/SV346_1_%E5%AE%9D%E5%85%B7%E5%8D%A11.mp3?v=eaekfvu5hvk0v1aktav3xu49mkhltox
22:24:13 INFO 保存：从者语音\Ruler\詹姆斯·莫里亚蒂(Ruler)\宝具卡1_2.mp3
22:24:13 INFO 下载：https://media.fgo.wiki/c/c8/SV346_1_%E5%AE%9D%E5%85%B7%E5%8D%A12.mp3?v=80rmx1j04b66b9es7kw3sjjis0q1ujn
22:24:14 INFO 保存：从者语音\Ruler\詹姆斯·莫里亚蒂(Ruler)\宝具卡2_2.mp3
22:24:14 INFO 下载：https://media.fgo.wiki/1/17/SV346_1_%E5%AE%9D%E5%85%B7%E5%8D%A13.mp3?v=7f4ah2cu6x1o98ao99uu1b0emqr2yg4
22:24:15 INFO 保存：从者语音\Ruler\詹姆斯·莫里亚蒂(Ruler)\宝具卡3_2.mp3
22:24:15 INFO 下载：https://media.fgo.wiki/1/11/SV346_1_%E5%AE%9D%E5%85%B71.mp3?v=2y4x2dcy90t2atxz1dhsj14avfjgiu8
22:24:16 INFO 保存：从者语音\Ruler\詹姆斯·莫里亚蒂(Ruler)\宝具1_2.mp3
22:24:16 INFO 下载：https://media.fgo.wiki/b/bd/SV346_1_%E5%AE%9D%E5%85%B72.mp3?v=govnq0umqbvz77j6py00f0w2561qs0h
22:24:18 INFO 保存：从者语音\Ruler\詹姆斯·莫里亚蒂(Ruler)\宝具2_2.mp3
22:24:18 INFO 下载：https://media.fgo.wiki/1/1b/SV346_1_%E5%AE%9D%E5%85%B73.mp3?v=9h9pondh346fqgo3pqhcvv1wsdqypk5
22:24:19 INFO 保存：从者语音\Ruler\詹姆斯·莫里亚蒂(Ruler)\宝具3_2.mp3
22:24:19 INFO [126/176] Ruler / 斯卡哈·斯卡蒂(Ruler)（Excel EG2）
22:24:22 INFO 找到 7 条：宝具卡1.mp3、宝具卡2.mp3、宝具卡3.mp3、宝具卡4.mp3、宝具1.mp3、宝具2.mp3、宝具3.mp3
22:24:22 INFO 下载：https://media.fgo.wiki/b/be/SV357_0_%E5%AE%9D%E5%85%B7%E5%8D%A11.mp3?v=ne1258e77boghj864ww3zf9ro5i1dji
22:24:24 INFO 保存：从者语音\Ruler\斯卡哈·斯卡蒂(Ruler)\宝具卡1.mp3
22:24:24 INFO 下载：https://media.fgo.wiki/9/9a/SV357_0_%E5%AE%9D%E5%85%B7%E5%8D%A12.mp3?v=mpfdngssci42cekg01l1c7dt94ngutd
22:24:26 INFO 保存：从者语音\Ruler\斯卡哈·斯卡蒂(Ruler)\宝具卡2.mp3
22:24:26 INFO 下载：https://media.fgo.wiki/a/ac/SV357_0_%E5%AE%9D%E5%85%B7%E5%8D%A13.mp3?v=no5nknbunpzmfcryqae3rcar4yjnllp
22:24:27 INFO 保存：从者语音\Ruler\斯卡哈·斯卡蒂(Ruler)\宝具卡3.mp3
22:24:27 INFO 下载：https://media.fgo.wiki/5/55/SV357_0_%E5%AE%9D%E5%85%B7%E5%8D%A14.mp3?v=f18iw993xi906bkipxmdbfhkjx4xldk
22:24:27 INFO 保存：从者语音\Ruler\斯卡哈·斯卡蒂(Ruler)\宝具卡4.mp3
22:24:27 INFO 下载：https://media.fgo.wiki/0/03/SV357_0_%E5%AE%9D%E5%85%B71.mp3?v=mlypeglh51v5f8bki0ync4cptovwtk2
22:24:29 INFO 保存：从者语音\Ruler\斯卡哈·斯卡蒂(Ruler)\宝具1.mp3
22:24:29 INFO 下载：https://media.fgo.wiki/1/19/SV357_0_%E5%AE%9D%E5%85%B72.mp3?v=t1rwzec9irtvxfxv4bqo9htrd98onhd
22:24:30 INFO 保存：从者语音\Ruler\斯卡哈·斯卡蒂(Ruler)\宝具2.mp3
22:24:30 INFO 下载：https://media.fgo.wiki/8/86/SV357_0_%E5%AE%9D%E5%85%B73.mp3?v=ocjebzusfc3gscu0n0z04p3c1kd90v2
22:24:31 INFO 保存：从者语音\Ruler\斯卡哈·斯卡蒂(Ruler)\宝具3.mp3
22:24:31 INFO [127/176] Ruler / 女教皇若安（Excel EH2）
22:24:34 INFO 同名语音存在多个不同媒体文件，已使用 _2、_3 后缀：宝具卡1、宝具卡2、宝具1、宝具2、宝具3
22:24:34 INFO 找到 11 条：宝具卡1.mp3、宝具卡2.mp3、宝具1.mp3、宝具2.mp3、宝具3.mp3、宝具卡1_2.mp3、宝具卡2_2.mp3、宝具卡3.mp3、宝具1_2.mp3、宝具2_2.mp3、宝具3_2.mp3
22:24:34 INFO 下载：https://media.fgo.wiki/6/6c/SV374_0_%E5%AE%9D%E5%85%B7%E5%8D%A11.mp3?v=expon6cij3p9hw6wp64h97u57c12fjq
22:24:35 INFO 保存：从者语音\Ruler\女教皇若安\宝具卡1.mp3
22:24:35 INFO 下载：https://media.fgo.wiki/f/f9/SV374_0_%E5%AE%9D%E5%85%B7%E5%8D%A12.mp3?v=cpbq0cmc1dcpg866wz2jjvwqk44mq0a
22:24:36 INFO 保存：从者语音\Ruler\女教皇若安\宝具卡2.mp3
22:24:36 INFO 下载：https://media.fgo.wiki/4/47/SV374_0_%E5%AE%9D%E5%85%B71.mp3?v=7vxz4dfn96gf6n5y7f2h28rvngqpx1e
22:24:37 INFO 保存：从者语音\Ruler\女教皇若安\宝具1.mp3
22:24:37 INFO 下载：https://media.fgo.wiki/c/c2/SV374_0_%E5%AE%9D%E5%85%B72.mp3?v=tcgogr7pyd86ly0pe554nwdb1hz9h8z
22:24:39 INFO 保存：从者语音\Ruler\女教皇若安\宝具2.mp3
22:24:39 INFO 下载：https://media.fgo.wiki/9/91/SV374_0_%E5%AE%9D%E5%85%B73.mp3?v=7g4qtv2ezigz18cxncihb7lvkfprtyw
22:24:40 INFO 保存：从者语音\Ruler\女教皇若安\宝具3.mp3
22:24:40 INFO 下载：https://media.fgo.wiki/5/55/SV374_2_%E5%AE%9D%E5%85%B7%E5%8D%A11.mp3?v=h0jyb3shqloykcv25f21qysupnvvr8g
22:24:41 INFO 保存：从者语音\Ruler\女教皇若安\宝具卡1_2.mp3
22:24:41 INFO 下载：https://media.fgo.wiki/0/09/SV374_2_%E5%AE%9D%E5%85%B7%E5%8D%A12.mp3?v=pei9t66q3jnzsbpn2yrwqp9hq7tp06u
22:24:42 INFO 保存：从者语音\Ruler\女教皇若安\宝具卡2_2.mp3
22:24:42 INFO 下载：https://media.fgo.wiki/8/82/SV374_2_%E5%AE%9D%E5%85%B7%E5%8D%A13.mp3?v=ozil6lqhnn9iygfd9vm2mw9qto6hoaa
22:24:42 INFO 保存：从者语音\Ruler\女教皇若安\宝具卡3.mp3
22:24:42 INFO 下载：https://media.fgo.wiki/9/9f/SV374_2_%E5%AE%9D%E5%85%B71.mp3?v=8ic6dqvpnvfuchbasxbdqn84ubfo0o9
22:24:44 INFO 保存：从者语音\Ruler\女教皇若安\宝具1_2.mp3
22:24:44 INFO 下载：https://media.fgo.wiki/4/4b/SV374_2_%E5%AE%9D%E5%85%B72.mp3?v=eixaantk0v8t6wj6rxrtfje4bpofats
22:24:45 INFO 保存：从者语音\Ruler\女教皇若安\宝具2_2.mp3
22:24:45 INFO 下载：https://media.fgo.wiki/1/1c/SV374_2_%E5%AE%9D%E5%85%B73.mp3?v=ca4wpz2t06hh92q6v4p2c0zrx27rb4l
22:24:47 INFO 保存：从者语音\Ruler\女教皇若安\宝具3_2.mp3
22:24:47 INFO [128/176] Ruler / 梅柳齐娜(Ruler)（Excel EI2）
22:24:49 INFO 同名语音存在多个不同媒体文件，已使用 _2、_3 后缀：宝具卡1、宝具卡2、宝具卡3、宝具1、宝具2、宝具3
22:24:49 INFO 找到 12 条：宝具卡1.mp3、宝具卡2.mp3、宝具卡3.mp3、宝具1.mp3、宝具2.mp3、宝具3.mp3、宝具卡1_2.mp3、宝具卡2_2.mp3、宝具卡3_2.mp3、宝具1_2.mp3、宝具2_2.mp3、宝具3_2.mp3
22:24:49 INFO 下载：https://media.fgo.wiki/4/41/SV390_0_%E5%AE%9D%E5%85%B7%E5%8D%A11.mp3?v=87k155iqb9tckox22eatws8xxiyevu5
22:24:50 INFO 保存：从者语音\Ruler\梅柳齐娜(Ruler)\宝具卡1.mp3
22:24:50 INFO 下载：https://media.fgo.wiki/b/b6/SV390_0_%E5%AE%9D%E5%85%B7%E5%8D%A12.mp3?v=a7427oagl4poouy2h3vuswwas316m2l
22:24:51 INFO 保存：从者语音\Ruler\梅柳齐娜(Ruler)\宝具卡2.mp3
22:24:51 INFO 下载：https://media.fgo.wiki/9/96/SV390_0_%E5%AE%9D%E5%85%B7%E5%8D%A13.mp3?v=iu1g110j14fbj9it97z540vkdcqrqpu
22:24:52 INFO 保存：从者语音\Ruler\梅柳齐娜(Ruler)\宝具卡3.mp3
22:24:52 INFO 下载：https://media.fgo.wiki/4/47/SV390_0_%E5%AE%9D%E5%85%B71.mp3?v=g4ch7pljn4t6hk935e99amn6pk0pjbi
22:24:53 INFO 保存：从者语音\Ruler\梅柳齐娜(Ruler)\宝具1.mp3
22:24:53 INFO 下载：https://media.fgo.wiki/5/53/SV390_0_%E5%AE%9D%E5%85%B72.mp3?v=npd0fihrf7pxckk7cc2ynszn407dhbw
22:24:55 INFO 保存：从者语音\Ruler\梅柳齐娜(Ruler)\宝具2.mp3
22:24:55 INFO 下载：https://media.fgo.wiki/1/13/SV390_0_%E5%AE%9D%E5%85%B73.mp3?v=ss1aiqiw68ke34dz8axx0k9s7ulkn67
22:24:56 INFO 保存：从者语音\Ruler\梅柳齐娜(Ruler)\宝具3.mp3
22:24:56 INFO 下载：https://media.fgo.wiki/8/81/SV390_2_%E5%AE%9D%E5%85%B7%E5%8D%A11.mp3?v=5jrlyjbisbm9b70rqt3ns6ojeh7c4md
22:24:57 INFO 保存：从者语音\Ruler\梅柳齐娜(Ruler)\宝具卡1_2.mp3
22:24:57 INFO 下载：https://media.fgo.wiki/8/8e/SV390_2_%E5%AE%9D%E5%85%B7%E5%8D%A12.mp3?v=gtjx6omo5dxd8mqrul3kjf28lzbdg77
22:24:58 INFO 保存：从者语音\Ruler\梅柳齐娜(Ruler)\宝具卡2_2.mp3
22:24:58 INFO 下载：https://media.fgo.wiki/3/3f/SV390_2_%E5%AE%9D%E5%85%B7%E5%8D%A13.mp3?v=jib2n7d82kyjdmc8auq15ukky3yjpzq
22:24:59 INFO 保存：从者语音\Ruler\梅柳齐娜(Ruler)\宝具卡3_2.mp3
22:24:59 INFO 下载：https://media.fgo.wiki/3/32/SV390_2_%E5%AE%9D%E5%85%B71.mp3?v=btxq37fqkbbgtisosxhefya566dpq29
22:25:01 INFO 保存：从者语音\Ruler\梅柳齐娜(Ruler)\宝具1_2.mp3
22:25:01 INFO 下载：https://media.fgo.wiki/e/e9/SV390_2_%E5%AE%9D%E5%85%B72.mp3?v=h32wo86jhu0bkio60e6zo50v2oqhyd6
22:25:02 INFO 保存：从者语音\Ruler\梅柳齐娜(Ruler)\宝具2_2.mp3
22:25:02 INFO 下载：https://media.fgo.wiki/2/2b/SV390_2_%E5%AE%9D%E5%85%B73.mp3?v=tsydbevvvp78ebsgm8bcsw56zyhzthr
22:25:03 INFO 保存：从者语音\Ruler\梅柳齐娜(Ruler)\宝具3_2.mp3
22:25:03 INFO [129/176] Ruler / 上杉谦信（Excel EJ2）
22:25:08 INFO 同名语音存在多个不同媒体文件，已使用 _2、_3 后缀：宝具卡1、宝具卡2、宝具卡3、宝具卡4、宝具1、宝具2、宝具3、宝具4
22:25:08 INFO 找到 24 条：宝具卡1.mp3、宝具卡2.mp3、宝具卡3.mp3、宝具卡4.mp3、宝具1.mp3、宝具2.mp3、宝具3.mp3、宝具4.mp3、宝具卡1_2.mp3、宝具卡2_2.mp3、宝具卡3_2.mp3、宝具卡4_2.mp3、宝具1_2.mp3、宝具2_2.mp3、宝具3_2.mp3、宝具4_2.mp3、宝具卡1_3.mp3、宝具卡2_3.mp3、宝具卡3_3.mp3、宝具卡4_3.mp3、宝具1_3.mp3、宝具2_3.mp3、宝具3_3.mp3、宝具4_3.mp3
22:25:08 INFO 下载：https://media.fgo.wiki/e/e0/SV400_0_%E5%AE%9D%E5%85%B7%E5%8D%A11.mp3?v=qzm3v3mm9qgrlwie2426p2bi1rwjpdk
22:25:09 INFO 保存：从者语音\Ruler\上杉谦信\宝具卡1.mp3
22:25:09 INFO 下载：https://media.fgo.wiki/2/2a/SV400_0_%E5%AE%9D%E5%85%B7%E5%8D%A12.mp3?v=qo90psn2d4l402adqkpon5dtmk1kib8
22:25:09 INFO 保存：从者语音\Ruler\上杉谦信\宝具卡2.mp3
22:25:09 INFO 下载：https://media.fgo.wiki/d/d3/SV400_0_%E5%AE%9D%E5%85%B7%E5%8D%A13.mp3?v=2qf9lcqrxt6n833639jfpk23c5cnbjs
22:25:10 INFO 保存：从者语音\Ruler\上杉谦信\宝具卡3.mp3
22:25:10 INFO 下载：https://media.fgo.wiki/0/08/SV400_0_%E5%AE%9D%E5%85%B7%E5%8D%A14.mp3?v=ptfekgx0bxlsfzrha20bjs63mfu7loh
22:25:11 INFO 保存：从者语音\Ruler\上杉谦信\宝具卡4.mp3
22:25:11 INFO 下载：https://media.fgo.wiki/b/b8/SV400_0_%E5%AE%9D%E5%85%B71.mp3?v=n9sstf4ahqf0z9mfu1lwvzhimdhss0l
22:25:12 INFO 保存：从者语音\Ruler\上杉谦信\宝具1.mp3
22:25:12 INFO 下载：https://media.fgo.wiki/e/ee/SV400_0_%E5%AE%9D%E5%85%B72.mp3?v=35u5plnlfb1a2sllilgxexzlgvohiwa
22:25:13 INFO 保存：从者语音\Ruler\上杉谦信\宝具2.mp3
22:25:13 INFO 下载：https://media.fgo.wiki/f/fa/SV400_0_%E5%AE%9D%E5%85%B73.mp3?v=oqi9cl9bl3u0h650me41uufvj54lc2e
22:25:15 INFO 保存：从者语音\Ruler\上杉谦信\宝具3.mp3
22:25:15 INFO 下载：https://media.fgo.wiki/f/fa/SV400_0_%E5%AE%9D%E5%85%B74.mp3?v=ngr4nvj0tqvixqstwi9qihaz98b40sg
22:25:16 INFO 保存：从者语音\Ruler\上杉谦信\宝具4.mp3
22:25:16 INFO 下载：https://media.fgo.wiki/f/ff/SV400_1_%E5%AE%9D%E5%85%B7%E5%8D%A11.mp3?v=qzm3v3mm9qgrlwie2426p2bi1rwjpdk
22:25:16 INFO 保存：从者语音\Ruler\上杉谦信\宝具卡1_2.mp3
22:25:16 INFO 下载：https://media.fgo.wiki/c/cc/SV400_1_%E5%AE%9D%E5%85%B7%E5%8D%A12.mp3?v=qo90psn2d4l402adqkpon5dtmk1kib8
22:25:17 INFO 保存：从者语音\Ruler\上杉谦信\宝具卡2_2.mp3
22:25:17 INFO 下载：https://media.fgo.wiki/0/04/SV400_1_%E5%AE%9D%E5%85%B7%E5%8D%A13.mp3?v=2qf9lcqrxt6n833639jfpk23c5cnbjs
22:25:18 INFO 保存：从者语音\Ruler\上杉谦信\宝具卡3_2.mp3
22:25:18 INFO 下载：https://media.fgo.wiki/5/53/SV400_1_%E5%AE%9D%E5%85%B7%E5%8D%A14.mp3?v=ptfekgx0bxlsfzrha20bjs63mfu7loh
22:25:19 INFO 保存：从者语音\Ruler\上杉谦信\宝具卡4_2.mp3
22:25:19 INFO 下载：https://media.fgo.wiki/b/b8/SV400_1_%E5%AE%9D%E5%85%B71.mp3?v=n9sstf4ahqf0z9mfu1lwvzhimdhss0l
22:25:20 INFO 保存：从者语音\Ruler\上杉谦信\宝具1_2.mp3
22:25:20 INFO 下载：https://media.fgo.wiki/2/24/SV400_1_%E5%AE%9D%E5%85%B72.mp3?v=35u5plnlfb1a2sllilgxexzlgvohiwa
22:25:21 INFO 保存：从者语音\Ruler\上杉谦信\宝具2_2.mp3
22:25:21 INFO 下载：https://media.fgo.wiki/a/a5/SV400_1_%E5%AE%9D%E5%85%B73.mp3?v=k9sfxfyxymoe3iepa1ukjizy983c9ag
22:25:23 INFO 保存：从者语音\Ruler\上杉谦信\宝具3_2.mp3
22:25:23 INFO 下载：https://media.fgo.wiki/9/94/SV400_1_%E5%AE%9D%E5%85%B74.mp3?v=ngr4nvj0tqvixqstwi9qihaz98b40sg
22:25:24 INFO 保存：从者语音\Ruler\上杉谦信\宝具4_2.mp3
22:25:24 INFO 下载：https://media.fgo.wiki/2/2c/SV400_2_%E5%AE%9D%E5%85%B7%E5%8D%A11.mp3?v=rfzf3sr2qa025orpwmm56cvo3zpt9im
22:25:25 INFO 保存：从者语音\Ruler\上杉谦信\宝具卡1_3.mp3
22:25:25 INFO 下载：https://media.fgo.wiki/9/9b/SV400_2_%E5%AE%9D%E5%85%B7%E5%8D%A12.mp3?v=do950eo74s1xp6p1cdz5j4jkfnredal
22:25:26 INFO 保存：从者语音\Ruler\上杉谦信\宝具卡2_3.mp3
22:25:26 INFO 下载：https://media.fgo.wiki/1/1c/SV400_2_%E5%AE%9D%E5%85%B7%E5%8D%A13.mp3?v=0ms35o4hibz02f2l6wagp831ze7an0x
22:25:28 INFO 保存：从者语音\Ruler\上杉谦信\宝具卡3_3.mp3
22:25:28 INFO 下载：https://media.fgo.wiki/c/c0/SV400_2_%E5%AE%9D%E5%85%B7%E5%8D%A14.mp3?v=4ztd9udj7b2l80lqawjj6caexpx3pn9
22:25:29 INFO 保存：从者语音\Ruler\上杉谦信\宝具卡4_3.mp3
22:25:29 INFO 下载：https://media.fgo.wiki/b/bd/SV400_2_%E5%AE%9D%E5%85%B71.mp3?v=cekl23pse5zzixoo3bpn1yibq048gfb
22:25:31 INFO 保存：从者语音\Ruler\上杉谦信\宝具1_3.mp3
22:25:31 INFO 下载：https://media.fgo.wiki/b/b6/SV400_2_%E5%AE%9D%E5%85%B72.mp3?v=apv2hme1e3pfwm4ze2fek0y1n20ukpq
22:25:33 INFO 保存：从者语音\Ruler\上杉谦信\宝具2_3.mp3
22:25:33 INFO 下载：https://media.fgo.wiki/6/68/SV400_2_%E5%AE%9D%E5%85%B73.mp3?v=l8k18p5h7g0ai3g5kd13v148btachet
22:25:34 INFO 保存：从者语音\Ruler\上杉谦信\宝具3_3.mp3
22:25:34 INFO 下载：https://media.fgo.wiki/4/41/SV400_2_%E5%AE%9D%E5%85%B74.mp3?v=gtjqrrywioqg0zur3qkzz29qdhzd0zh
22:25:36 INFO 保存：从者语音\Ruler\上杉谦信\宝具4_3.mp3
22:25:36 INFO [130/176] Ruler / 梅塔特隆·贞德（Excel EK2）
22:25:36 INFO 同名语音存在多个不同媒体文件，已使用 _2、_3 后缀：宝具卡1、宝具卡2、宝具卡3、宝具1、宝具2
22:25:36 INFO 找到 17 条：宝具卡1.mp3、宝具卡2.mp3、宝具卡3.mp3、宝具卡4.mp3、宝具1.mp3、宝具2.mp3、宝具卡1_2.mp3、宝具卡2_2.mp3、宝具卡3_2.mp3、宝具1_2.mp3、宝具2_2.mp3、宝具卡1_3.mp3、宝具卡2_3.mp3、宝具卡3_3.mp3、宝具1_3.mp3、宝具2_3.mp3、宝具3.mp3
22:25:36 INFO 下载：https://media.fgo.wiki/0/06/SV438_0_%E5%AE%9D%E5%85%B7%E5%8D%A11.mp3?v=g6v0451yq9hnrqh0n7tnc1jgk5ocfau
22:25:38 INFO 保存：从者语音\Ruler\梅塔特隆·贞德\宝具卡1.mp3
22:25:38 INFO 下载：https://media.fgo.wiki/d/d5/SV438_0_%E5%AE%9D%E5%85%B7%E5%8D%A12.mp3?v=hmblpyd9ujuriw6oz5metoutaiy9mr2
22:25:40 INFO 保存：从者语音\Ruler\梅塔特隆·贞德\宝具卡2.mp3
22:25:40 INFO 下载：https://media.fgo.wiki/1/1c/SV438_0_%E5%AE%9D%E5%85%B7%E5%8D%A13.mp3?v=9r689c97q2sdz8bm48jn3q8jqo7v3r0
22:25:41 INFO 保存：从者语音\Ruler\梅塔特隆·贞德\宝具卡3.mp3
22:25:41 INFO 下载：https://media.fgo.wiki/3/32/SV438_0_%E5%AE%9D%E5%85%B7%E5%8D%A14.mp3?v=82ucil1fbmakprivgwjyb9lr3f07d0l
22:25:42 INFO 保存：从者语音\Ruler\梅塔特隆·贞德\宝具卡4.mp3
22:25:42 INFO 下载：https://media.fgo.wiki/f/fb/SV438_0_%E5%AE%9D%E5%85%B71.mp3?v=bkl2nnwertshi9x4hggvramwm8zl2cb
22:25:44 INFO 保存：从者语音\Ruler\梅塔特隆·贞德\宝具1.mp3
22:25:44 INFO 下载：https://media.fgo.wiki/8/8f/SV438_0_%E5%AE%9D%E5%85%B72.mp3?v=3wssz530n0zzfexbj46xbgt2c4a3yns
22:25:45 INFO 保存：从者语音\Ruler\梅塔特隆·贞德\宝具2.mp3
22:25:45 INFO 下载：https://media.fgo.wiki/7/72/SV438_1_%E5%AE%9D%E5%85%B7%E5%8D%A11.mp3?v=cdpmtic51ik830fmzxg61n1cipiu1zj
22:25:46 INFO 保存：从者语音\Ruler\梅塔特隆·贞德\宝具卡1_2.mp3
22:25:46 INFO 下载：https://media.fgo.wiki/e/eb/SV438_1_%E5%AE%9D%E5%85%B7%E5%8D%A12.mp3?v=cg3ln1u6v7przc9iwr9q91d8sama68k
22:25:47 INFO 保存：从者语音\Ruler\梅塔特隆·贞德\宝具卡2_2.mp3
22:25:47 INFO 下载：https://media.fgo.wiki/9/98/SV438_1_%E5%AE%9D%E5%85%B7%E5%8D%A13.mp3?v=frz6rtajl09gtdzjcgo6asg7r76g0kv
22:25:48 INFO 保存：从者语音\Ruler\梅塔特隆·贞德\宝具卡3_2.mp3
22:25:48 INFO 下载：https://media.fgo.wiki/4/4a/SV438_1_%E5%AE%9D%E5%85%B71.mp3?v=8pc5bwvsqz3qol2zsvdyqbmytflqccc
22:25:50 INFO 保存：从者语音\Ruler\梅塔特隆·贞德\宝具1_2.mp3
22:25:50 INFO 下载：https://media.fgo.wiki/3/35/SV438_1_%E5%AE%9D%E5%85%B72.mp3?v=ipdireqslj09bnm4yuo8w4z8643twcd
22:25:53 INFO 保存：从者语音\Ruler\梅塔特隆·贞德\宝具2_2.mp3
22:25:53 INFO 下载：https://media.fgo.wiki/9/91/SV438_2_%E5%AE%9D%E5%85%B7%E5%8D%A11.mp3?v=brqta4u21shwxmylzzr4jjnmjnvik07
22:25:54 INFO 保存：从者语音\Ruler\梅塔特隆·贞德\宝具卡1_3.mp3
22:25:54 INFO 下载：https://media.fgo.wiki/a/a1/SV438_2_%E5%AE%9D%E5%85%B7%E5%8D%A12.mp3?v=0unw00uhlhc5vr04lxm99lzps3snfyc
22:25:55 INFO 保存：从者语音\Ruler\梅塔特隆·贞德\宝具卡2_3.mp3
22:25:55 INFO 下载：https://media.fgo.wiki/3/37/SV438_2_%E5%AE%9D%E5%85%B7%E5%8D%A13.mp3?v=kbxfznqonzehywm4iyrqqqb0dxnjdm5
22:25:56 INFO 保存：从者语音\Ruler\梅塔特隆·贞德\宝具卡3_3.mp3
22:25:56 INFO 下载：https://media.fgo.wiki/f/f2/SV438_2_%E5%AE%9D%E5%85%B71.mp3?v=e8stxk247wsqh1r6asqtxlkcvjxj16d
22:25:57 INFO 保存：从者语音\Ruler\梅塔特隆·贞德\宝具1_3.mp3
22:25:57 INFO 下载：https://media.fgo.wiki/d/d1/SV438_2_%E5%AE%9D%E5%85%B72.mp3?v=4dpygnhnpkd6v2efzlhzxduv375qr43
22:25:59 INFO 保存：从者语音\Ruler\梅塔特隆·贞德\宝具2_3.mp3
22:25:59 INFO 下载：https://media.fgo.wiki/4/43/SV438_2_%E5%AE%9D%E5%85%B73.mp3?v=hvuynbg34odifcsbtgf71804urbgqq4
22:26:01 INFO 保存：从者语音\Ruler\梅塔特隆·贞德\宝具3.mp3
22:26:01 INFO [131/176] Avenger / 岩窟王（Excel EM2）
22:26:03 INFO 同名语音存在多个不同媒体文件，已使用 _2、_3 后缀：宝具卡1
22:26:03 INFO 找到 3 条：宝具卡1.mp3、宝具1.mp3、宝具卡1_2.mp3
22:26:03 INFO 下载：https://media.fgo.wiki/4/47/096di_npse.mp3?v=m6szbp447qgj0z3t2bq946hip35rkbk
22:26:04 INFO 保存：从者语音\Avenger\岩窟王\宝具卡1.mp3
22:26:04 INFO 下载：https://media.fgo.wiki/c/c7/096di_np.mp3?v=facy8dw6t4hicdvuw9s9f8w4914vtzp
22:26:07 INFO 保存：从者语音\Avenger\岩窟王\宝具1.mp3
22:26:07 INFO 下载：https://media.fgo.wiki/4/46/096cddi_npse.mp3?v=iulbx3423h56t8oaafw3t9g4ljhvgh1
22:26:08 INFO 保存：从者语音\Avenger\岩窟王\宝具卡1_2.mp3
22:26:08 INFO [132/176] Avenger / 贞德〔Alter〕（Excel EN2）
22:26:10 INFO 同名语音存在多个不同媒体文件，已使用 _2、_3 后缀：宝具卡1、宝具卡2
22:26:10 INFO 找到 10 条：宝具卡1.mp3、宝具卡2.mp3、宝具卡3.mp3、宝具卡4.mp3、宝具1.mp3、宝具2.mp3、宝具3.mp3、宝具4.mp3、宝具卡1_2.mp3、宝具卡2_2.mp3
22:26:10 INFO 下载：https://media.fgo.wiki/8/85/%E8%B4%9E%E5%BE%B7%E3%80%94Alter%E3%80%95-%E5%AE%9D%E5%85%B7%E5%8D%A11.mp3?v=l4ks7djwd0rejoxmfv161h7n439et3a
22:26:12 INFO 保存：从者语音\Avenger\贞德〔Alter〕\宝具卡1.mp3
22:26:12 INFO 下载：https://media.fgo.wiki/b/b2/%E8%B4%9E%E5%BE%B7%E3%80%94Alter%E3%80%95-%E5%AE%9D%E5%85%B7%E5%8D%A12.mp3?v=plkz7duy8ao90mpd6nskpvjci2ly9pg
22:26:13 INFO 保存：从者语音\Avenger\贞德〔Alter〕\宝具卡2.mp3
22:26:13 INFO 下载：https://media.fgo.wiki/0/0b/SV106_0_%E5%AE%9D%E5%85%B7%E5%8D%A13.mp3?v=ia95dna71dwtgu8z33q2lnj1gg11rtt
22:26:14 INFO 保存：从者语音\Avenger\贞德〔Alter〕\宝具卡3.mp3
22:26:14 INFO 下载：https://media.fgo.wiki/d/df/SV106_0_%E5%AE%9D%E5%85%B7%E5%8D%A14.mp3?v=6dvhbv1z42jpavkn2oky6qqde39e3r6
22:26:15 INFO 保存：从者语音\Avenger\贞德〔Alter〕\宝具卡4.mp3
22:26:15 INFO 下载：https://media.fgo.wiki/8/8c/%E8%B4%9E%E5%BE%B7%E3%80%94Alter%E3%80%95-%E5%AE%9D%E5%85%B7.mp3?v=ksik272nj7qlujyz9uc4xb68km10q47
22:26:16 INFO 保存：从者语音\Avenger\贞德〔Alter〕\宝具1.mp3
22:26:16 INFO 下载：https://media.fgo.wiki/b/b1/SV106_0_%E5%AE%9D%E5%85%B72.mp3?v=pixh0tjw26te4hpf9ljvwfuer0ughsw
22:26:18 INFO 保存：从者语音\Avenger\贞德〔Alter〕\宝具2.mp3
22:26:18 INFO 下载：https://media.fgo.wiki/6/6f/SV106_0_%E5%AE%9D%E5%85%B73.mp3?v=camngwaa6n3uegstfrwvkvce7pbquti
22:26:20 INFO 保存：从者语音\Avenger\贞德〔Alter〕\宝具3.mp3
22:26:20 INFO 下载：https://media.fgo.wiki/4/41/SV106_0_%E5%AE%9D%E5%85%B74.mp3?v=k2d9qiny552xvfq9sxe8c31icp4w4cw
22:26:21 INFO 保存：从者语音\Avenger\贞德〔Alter〕\宝具4.mp3
22:26:21 INFO 下载：https://media.fgo.wiki/e/ef/%E8%B4%9E%E5%BE%B7%E3%80%94Alter%E3%80%95-%E7%81%B5%E8%A1%A3%E5%AE%9D%E5%85%B7%E5%8D%A11.mp3?v=ojnime9tz4s4wg90zxl6zg8esnupj6o
22:26:22 INFO 保存：从者语音\Avenger\贞德〔Alter〕\宝具卡1_2.mp3
22:26:22 INFO 下载：https://media.fgo.wiki/f/fe/%E8%B4%9E%E5%BE%B7%E3%80%94Alter%E3%80%95-%E7%81%B5%E8%A1%A3%E5%AE%9D%E5%85%B7%E5%8D%A12.mp3?v=ec98e7d0c5cja2x1q8o6eqrtmpd3o08
22:26:26 INFO 保存：从者语音\Avenger\贞德〔Alter〕\宝具卡2_2.mp3
22:26:26 INFO [133/176] Avenger / 织田信长(Avenger)（Excel EO2）
22:26:29 INFO 同名语音存在多个不同媒体文件，已使用 _2、_3 后缀：宝具卡1、宝具卡2、宝具卡3、宝具卡4、宝具1、宝具2、宝具3、宝具4
22:26:29 INFO 找到 24 条：宝具卡1.mp3、宝具卡2.mp3、宝具卡3.mp3、宝具卡4.mp3、宝具1.mp3、宝具2.mp3、宝具3.mp3、宝具4.mp3、宝具卡1_2.mp3、宝具卡2_2.mp3、宝具卡3_2.mp3、宝具卡4_2.mp3、宝具1_2.mp3、宝具2_2.mp3、宝具3_2.mp3、宝具4_2.mp3、宝具卡1_3.mp3、宝具卡2_3.mp3、宝具卡3_3.mp3、宝具卡4_3.mp3、宝具1_3.mp3、宝具2_3.mp3、宝具3_3.mp3、宝具4_3.mp3
22:26:29 INFO 下载：https://media.fgo.wiki/5/57/SV250_0_%E5%AE%9D%E5%85%B7%E5%8D%A11.mp3?v=8wek47h4vz6wxu3hyzbrhmtolkvikld
22:29:17 WARNING 请求失败，2.0 秒后重试 (1/5)：https://media.fgo.wiki/5/57/SV250_0_%E5%AE%9D%E5%85%B7%E5%8D%A11.mp3?v=8wek47h4vz6wxu3hyzbrhmtolkvikld；<urlopen error [WinError 10060] 由于连接方在一段时间后没有正确答复或连接的主机没有反应，连接尝试失败。>
22:29:20 INFO 保存：从者语音\Avenger\织田信长(Avenger)\宝具卡1.mp3
22:29:20 INFO 下载：https://media.fgo.wiki/9/9a/SV250_0_%E5%AE%9D%E5%85%B7%E5%8D%A12.mp3?v=apss95pahtcaeqhyfl39z7c33i3mzp0
22:29:21 INFO 保存：从者语音\Avenger\织田信长(Avenger)\宝具卡2.mp3
22:29:21 INFO 下载：https://media.fgo.wiki/b/b3/SV250_0_%E5%AE%9D%E5%85%B7%E5%8D%A13.mp3?v=53wkqkq55yi9jgmbuadosk0kgbvkze1
22:29:22 INFO 保存：从者语音\Avenger\织田信长(Avenger)\宝具卡3.mp3
22:29:22 INFO 下载：https://media.fgo.wiki/5/59/SV250_0_%E5%AE%9D%E5%85%B7%E5%8D%A14.mp3?v=dq8w59kj36rcf5e3fqfrgwnehwe32xq
22:29:24 INFO 保存：从者语音\Avenger\织田信长(Avenger)\宝具卡4.mp3
22:29:24 INFO 下载：https://media.fgo.wiki/9/9c/SV250_0_%E5%AE%9D%E5%85%B71.mp3?v=4kgt8jdcs3joo53ceh4i4iqvlsemj99
22:29:25 INFO 保存：从者语音\Avenger\织田信长(Avenger)\宝具1.mp3
22:29:25 INFO 下载：https://media.fgo.wiki/1/10/SV250_0_%E5%AE%9D%E5%85%B72.mp3?v=o6m37m4v63l8koh0nnfduu3as219m3c
22:29:26 INFO 保存：从者语音\Avenger\织田信长(Avenger)\宝具2.mp3
22:29:26 INFO 下载：https://media.fgo.wiki/b/b5/SV250_0_%E5%AE%9D%E5%85%B73.mp3?v=hoc8ipdt709vkg4yh3rhe189yllj8s7
22:29:28 INFO 保存：从者语音\Avenger\织田信长(Avenger)\宝具3.mp3
22:29:28 INFO 下载：https://media.fgo.wiki/9/9d/SV250_0_%E5%AE%9D%E5%85%B74.mp3?v=mrhhxzmid871upmrgl3esa93xvdfu41
22:29:29 INFO 保存：从者语音\Avenger\织田信长(Avenger)\宝具4.mp3
22:29:29 INFO 下载：https://media.fgo.wiki/0/08/SV250_1_%E5%AE%9D%E5%85%B7%E5%8D%A11.mp3?v=ddjjsuf3ybrnd9l29b6klivcobaf1pw
22:29:31 INFO 保存：从者语音\Avenger\织田信长(Avenger)\宝具卡1_2.mp3
22:29:31 INFO 下载：https://media.fgo.wiki/3/33/SV250_1_%E5%AE%9D%E5%85%B7%E5%8D%A12.mp3?v=734i5ku2pxh5lz7qa4yy1r7uh4o0ql1
22:29:32 INFO 保存：从者语音\Avenger\织田信长(Avenger)\宝具卡2_2.mp3
22:29:32 INFO 下载：https://media.fgo.wiki/9/91/SV250_1_%E5%AE%9D%E5%85%B7%E5%8D%A13.mp3?v=hpim1dhb4c91o5a19ncj3ko00jfajbj
22:29:33 INFO 保存：从者语音\Avenger\织田信长(Avenger)\宝具卡3_2.mp3
22:29:33 INFO 下载：https://media.fgo.wiki/1/1b/SV250_1_%E5%AE%9D%E5%85%B7%E5%8D%A14.mp3?v=guyc0ji2a0bhba0eqpjhcs6dmp5obag
22:29:34 INFO 保存：从者语音\Avenger\织田信长(Avenger)\宝具卡4_2.mp3
22:29:34 INFO 下载：https://media.fgo.wiki/3/31/SV250_1_%E5%AE%9D%E5%85%B71.mp3?v=m6mhiudaojppcf8kpy3v3uy3l6wos97
22:29:35 INFO 保存：从者语音\Avenger\织田信长(Avenger)\宝具1_2.mp3
22:29:35 INFO 下载：https://media.fgo.wiki/9/99/SV250_1_%E5%AE%9D%E5%85%B72.mp3?v=7m30kmhksa66jmv0309v5064xkfs7bk
22:29:36 INFO 保存：从者语音\Avenger\织田信长(Avenger)\宝具2_2.mp3
22:29:36 INFO 下载：https://media.fgo.wiki/f/f8/SV250_1_%E5%AE%9D%E5%85%B73.mp3?v=5xcruzwct6xnhqw0aujfvc5kjq5oead
22:29:38 INFO 保存：从者语音\Avenger\织田信长(Avenger)\宝具3_2.mp3
22:29:38 INFO 下载：https://media.fgo.wiki/7/73/SV250_1_%E5%AE%9D%E5%85%B74.mp3?v=aw0urveqe70y8paeoeke8gin9wqhd3r
22:29:40 INFO 保存：从者语音\Avenger\织田信长(Avenger)\宝具4_2.mp3
22:29:40 INFO 下载：https://media.fgo.wiki/1/1e/SV250_2_%E5%AE%9D%E5%85%B7%E5%8D%A11.mp3?v=nut2hrnaobodk876rftjaoinq5k8r6o
22:29:41 INFO 保存：从者语音\Avenger\织田信长(Avenger)\宝具卡1_3.mp3
22:29:41 INFO 下载：https://media.fgo.wiki/b/b0/SV250_2_%E5%AE%9D%E5%85%B7%E5%8D%A12.mp3?v=e6qcaft4ix1on445mz1i8hfxhn54mqo
22:29:42 INFO 保存：从者语音\Avenger\织田信长(Avenger)\宝具卡2_3.mp3
22:29:42 INFO 下载：https://media.fgo.wiki/d/d0/SV250_2_%E5%AE%9D%E5%85%B7%E5%8D%A13.mp3?v=4zdab030yk9yzfdx2r87fyd09pu92t9
22:29:43 INFO 保存：从者语音\Avenger\织田信长(Avenger)\宝具卡3_3.mp3
22:29:43 INFO 下载：https://media.fgo.wiki/e/ee/SV250_2_%E5%AE%9D%E5%85%B7%E5%8D%A14.mp3?v=e1ywup70c84ut2yeiernxpz2db9be6l
22:29:44 INFO 保存：从者语音\Avenger\织田信长(Avenger)\宝具卡4_3.mp3
22:29:44 INFO 下载：https://media.fgo.wiki/3/3b/SV250_2_%E5%AE%9D%E5%85%B71.mp3?v=ctub4f7w45edyaolnvho38nzkqpqoq9
22:29:46 INFO 保存：从者语音\Avenger\织田信长(Avenger)\宝具1_3.mp3
22:29:46 INFO 下载：https://media.fgo.wiki/8/84/SV250_2_%E5%AE%9D%E5%85%B72.mp3?v=ic8nj8purxcisdeagi5wint198z6kfi
22:29:47 INFO 保存：从者语音\Avenger\织田信长(Avenger)\宝具2_3.mp3
22:29:47 INFO 下载：https://media.fgo.wiki/9/90/SV250_2_%E5%AE%9D%E5%85%B73.mp3?v=e0av568ibtghg8rxdc5mvp68a48vxbm
22:29:49 INFO 保存：从者语音\Avenger\织田信长(Avenger)\宝具3_3.mp3
22:29:49 INFO 下载：https://media.fgo.wiki/e/e5/SV250_2_%E5%AE%9D%E5%85%B74.mp3?v=p22i70m8qpaioqr86d48jokorrm1fo9
22:29:51 INFO 保存：从者语音\Avenger\织田信长(Avenger)\宝具4_3.mp3
22:29:51 INFO [134/176] Avenger / 太空伊什塔尔（Excel EP2）
22:29:52 INFO 同名语音存在多个不同媒体文件，已使用 _2、_3 后缀：宝具卡1、宝具卡2、宝具1、宝具2、宝具3
22:29:52 INFO 找到 27 条：宝具卡1.mp3、宝具卡2.mp3、宝具1.mp3、宝具2.mp3、宝具3.mp3、宝具卡1_2.mp3、宝具卡2_2.mp3、宝具1_2.mp3、宝具2_2.mp3、宝具3_2.mp3、宝具卡1_3.mp3、宝具卡2_3.mp3、宝具1_3.mp3、宝具2_3.mp3、宝具3_3.mp3、宝具卡1_4.mp3、宝具卡2_4.mp3、宝具1_4.mp3、宝具2_4.mp3、宝具3_4.mp3、宝具卡1_5.mp3、宝具卡2_5.mp3、宝具1_5.mp3、宝具2_5.mp3、宝具2_6.mp3、宝具3_5.mp3、宝具3_6.mp3
22:29:52 INFO 下载：https://media.fgo.wiki/2/24/SV268_0_%E5%AE%9D%E5%85%B7%E5%8D%A11.mp3?v=sn5k4p9bpb69eul2f0ppyvghd0day48
22:29:53 INFO 保存：从者语音\Avenger\太空伊什塔尔\宝具卡1.mp3
22:29:53 INFO 下载：https://media.fgo.wiki/2/2c/SV268_0_%E5%AE%9D%E5%85%B7%E5%8D%A12.mp3?v=n96v323w03gy9nzeixq7e56569yhbjn
22:29:54 INFO 保存：从者语音\Avenger\太空伊什塔尔\宝具卡2.mp3
22:29:54 INFO 下载：https://media.fgo.wiki/9/9a/SV268_0_%E5%AE%9D%E5%85%B71.mp3?v=a0lzua5jzb0hi4g7dzxx6of1e93b2no
22:29:56 INFO 保存：从者语音\Avenger\太空伊什塔尔\宝具1.mp3
22:29:56 INFO 下载：https://media.fgo.wiki/3/39/SV268_0_%E5%AE%9D%E5%85%B72.mp3?v=luapu6nq7tswjj6t0uxld63elqb797x
22:29:57 INFO 保存：从者语音\Avenger\太空伊什塔尔\宝具2.mp3
22:29:57 INFO 下载：https://media.fgo.wiki/8/82/SV268_0_%E5%AE%9D%E5%85%B73.mp3?v=l9uyt09yylopnax9ffxpz2bf0d1ybr1
22:29:59 INFO 保存：从者语音\Avenger\太空伊什塔尔\宝具3.mp3
22:29:59 INFO 下载：https://media.fgo.wiki/f/f6/SV268_1_%E5%AE%9D%E5%85%B7%E5%8D%A11.mp3?v=4jln2tash74334hhbaej5q1jkstwywv
22:29:59 INFO 保存：从者语音\Avenger\太空伊什塔尔\宝具卡1_2.mp3
22:29:59 INFO 下载：https://media.fgo.wiki/8/8e/SV268_1_%E5%AE%9D%E5%85%B7%E5%8D%A12.mp3?v=ff71soj5hcnb5tpg7ljvc3zm02ljhhl
22:30:01 INFO 保存：从者语音\Avenger\太空伊什塔尔\宝具卡2_2.mp3
22:30:01 INFO 下载：https://media.fgo.wiki/0/0c/SV268_1_%E5%AE%9D%E5%85%B71.mp3?v=d0j17y54gz9cth5dfsfuq5b5a5802dw
22:30:02 INFO 保存：从者语音\Avenger\太空伊什塔尔\宝具1_2.mp3
22:30:02 INFO 下载：https://media.fgo.wiki/3/30/SV268_1_%E5%AE%9D%E5%85%B72.mp3?v=0un0fuu2gsueoe2nfbn5s6wx3elkjsu
22:30:03 INFO 保存：从者语音\Avenger\太空伊什塔尔\宝具2_2.mp3
22:30:03 INFO 下载：https://media.fgo.wiki/0/05/SV268_1_%E5%AE%9D%E5%85%B73.mp3?v=iqy31xbn4mekmlnb3manetvdvxmd2y0
22:30:05 INFO 保存：从者语音\Avenger\太空伊什塔尔\宝具3_2.mp3
22:30:05 INFO 下载：https://media.fgo.wiki/b/be/SV268_2_%E5%AE%9D%E5%85%B7%E5%8D%A11.mp3?v=6t9tm336endvttj3lz89uopan7eiyaq
22:30:06 INFO 保存：从者语音\Avenger\太空伊什塔尔\宝具卡1_3.mp3
22:30:06 INFO 下载：https://media.fgo.wiki/2/21/SV268_2_%E5%AE%9D%E5%85%B7%E5%8D%A12.mp3?v=pwn0y4neqc1c2238g383xkl8y4q1cf6
22:30:07 INFO 保存：从者语音\Avenger\太空伊什塔尔\宝具卡2_3.mp3
22:30:07 INFO 下载：https://media.fgo.wiki/5/54/SV268_2_%E5%AE%9D%E5%85%B71.mp3?v=7yb3xen104ovd9lpq7q0go5akd3gefp
22:30:08 INFO 保存：从者语音\Avenger\太空伊什塔尔\宝具1_3.mp3
22:30:08 INFO 下载：https://media.fgo.wiki/0/0b/SV268_2_%E5%AE%9D%E5%85%B72.mp3?v=clvojtholyw6htrhf63au5p3bh93u1y
22:30:10 INFO 保存：从者语音\Avenger\太空伊什塔尔\宝具2_3.mp3
22:30:10 INFO 下载：https://media.fgo.wiki/1/1a/SV268_2_%E5%AE%9D%E5%85%B73.mp3?v=1s9prldzr8wr11v86yw1pho8q70ibyg
22:30:11 INFO 保存：从者语音\Avenger\太空伊什塔尔\宝具3_3.mp3
22:30:11 INFO 下载：https://media.fgo.wiki/8/8b/SV268_2_%E5%AE%9D%E5%85%B7%E5%8D%A11%E6%96%B0.mp3?v=plfnn4f6sfe5xnsmsd9r6wu19k4234k
22:30:12 INFO 保存：从者语音\Avenger\太空伊什塔尔\宝具卡1_4.mp3
22:30:12 INFO 下载：https://media.fgo.wiki/5/52/SV268_2_%E5%AE%9D%E5%85%B7%E5%8D%A12%E6%96%B0.mp3?v=oe5ph6gi8krfy389wze92ayn0pvzflk
22:30:13 INFO 保存：从者语音\Avenger\太空伊什塔尔\宝具卡2_4.mp3
22:30:13 INFO 下载：https://media.fgo.wiki/d/d2/SV268_2_%E5%AE%9D%E5%85%B71%E6%96%B0.mp3?v=a8gskyicqdjm4ulpezdhnh70rzfztlw
22:30:14 INFO 保存：从者语音\Avenger\太空伊什塔尔\宝具1_4.mp3
22:30:14 INFO 下载：https://media.fgo.wiki/0/04/SV268_2_%E5%AE%9D%E5%85%B72%E6%96%B0.mp3?v=nn8pwr0pq1eo1r8ywxji4qhxdpxhbtv
22:30:15 INFO 保存：从者语音\Avenger\太空伊什塔尔\宝具2_4.mp3
22:30:15 INFO 下载：https://media.fgo.wiki/9/91/SV268_2_%E5%AE%9D%E5%85%B73%E6%96%B0.mp3?v=bnw11ciqgieal46l3ecj0c40kyyit4z
22:30:17 INFO 保存：从者语音\Avenger\太空伊什塔尔\宝具3_4.mp3
22:30:17 INFO 下载：https://media.fgo.wiki/d/da/SV268_11_%E5%AE%9D%E5%85%B7%E5%8D%A11.mp3?v=8disjlhwxbr2pw6qi7mlgol95babyad
22:30:18 INFO 保存：从者语音\Avenger\太空伊什塔尔\宝具卡1_5.mp3
22:30:18 INFO 下载：https://media.fgo.wiki/1/12/SV268_11_%E5%AE%9D%E5%85%B7%E5%8D%A12.mp3?v=b6k3bccdzmbrtrfpyn9uuid4p1tbt4s
22:30:19 INFO 保存：从者语音\Avenger\太空伊什塔尔\宝具卡2_5.mp3
22:30:19 INFO 下载：https://media.fgo.wiki/c/c6/SV268_11_%E5%AE%9D%E5%85%B71.mp3?v=eb04k8p5ho3zxxzv7frimtsmlz38k9h
22:30:22 INFO 保存：从者语音\Avenger\太空伊什塔尔\宝具1_5.mp3
22:30:22 INFO 下载：https://media.fgo.wiki/f/f5/SV268_11_%E5%AE%9D%E5%85%B72.mp3?v=sxh9gczfbgxxv9g8e8uu8ofcqyc8xp0
22:30:24 INFO 保存：从者语音\Avenger\太空伊什塔尔\宝具2_5.mp3
22:30:24 INFO 下载：https://media.fgo.wiki/9/92/SV268_11_%E5%AE%9D%E5%85%B72%E6%96%B0.mp3?v=q32otoe54q50httzfxkhr9qn7a300z4
22:30:27 INFO 保存：从者语音\Avenger\太空伊什塔尔\宝具2_6.mp3
22:30:27 INFO 下载：https://media.fgo.wiki/4/47/SV268_11_%E5%AE%9D%E5%85%B73.mp3?v=fll3uyu4w3uv3693ewg5z8r9p14xba6
22:30:30 INFO 保存：从者语音\Avenger\太空伊什塔尔\宝具3_5.mp3
22:30:30 INFO 下载：https://media.fgo.wiki/8/82/SV268_11_%E5%AE%9D%E5%85%B73%E6%96%B0.mp3?v=39kdd3qv4xbsq8un59q8atvznlxwpk9
22:30:33 INFO 保存：从者语音\Avenger\太空伊什塔尔\宝具3_6.mp3
22:30:33 INFO [135/176] Avenger / 平景清（Excel EQ2）
22:30:34 INFO 同名语音存在多个不同媒体文件，已使用 _2、_3 后缀：宝具卡1、宝具卡2、宝具卡3、宝具1、宝具2
22:30:34 INFO 找到 10 条：宝具卡1.mp3、宝具卡2.mp3、宝具卡3.mp3、宝具1.mp3、宝具2.mp3、宝具卡1_2.mp3、宝具卡2_2.mp3、宝具卡3_2.mp3、宝具1_2.mp3、宝具2_2.mp3
22:30:34 INFO 下载：https://media.fgo.wiki/0/02/SV303_0_%E5%AE%9D%E5%85%B7%E5%8D%A11.mp3?v=tj7d8hd4v5uir21orf7224it41jrciw
22:30:37 INFO 保存：从者语音\Avenger\平景清\宝具卡1.mp3
22:30:37 INFO 下载：https://media.fgo.wiki/1/1c/SV303_0_%E5%AE%9D%E5%85%B7%E5%8D%A12.mp3?v=7az49qiiufn08943gnxpf0a4ho19hqm
22:30:39 INFO 保存：从者语音\Avenger\平景清\宝具卡2.mp3
22:30:39 INFO 下载：https://media.fgo.wiki/f/f0/SV303_0_%E5%AE%9D%E5%85%B7%E5%8D%A13.mp3?v=biovv9owuji4jhht6s8cs83xzpl0i8z
22:30:40 INFO 保存：从者语音\Avenger\平景清\宝具卡3.mp3
22:30:40 INFO 下载：https://media.fgo.wiki/9/9b/SV303_0_%E5%AE%9D%E5%85%B71.mp3?v=gys6f1lb14zp296co2v2904d1ljpury
22:30:42 INFO 保存：从者语音\Avenger\平景清\宝具1.mp3
22:30:42 INFO 下载：https://media.fgo.wiki/7/79/SV303_0_%E5%AE%9D%E5%85%B72.mp3?v=4ckyog7vyvn8v579upuqxfd2vr6eva7
22:30:44 INFO 保存：从者语音\Avenger\平景清\宝具2.mp3
22:30:44 INFO 下载：https://media.fgo.wiki/5/51/SV303_2_%E5%AE%9D%E5%85%B7%E5%8D%A11.mp3?v=hd4pxbo8upox0aubijh6dkkfica9qjt
22:30:46 INFO 保存：从者语音\Avenger\平景清\宝具卡1_2.mp3
22:30:46 INFO 下载：https://media.fgo.wiki/4/4d/SV303_2_%E5%AE%9D%E5%85%B7%E5%8D%A12.mp3?v=awka3s3jdsfo4oli2ma439ozw8yyb5k
22:30:47 INFO 保存：从者语音\Avenger\平景清\宝具卡2_2.mp3
22:30:47 INFO 下载：https://media.fgo.wiki/0/02/SV303_2_%E5%AE%9D%E5%85%B7%E5%8D%A13.mp3?v=95rcvr4kgmpsgaky8717q0nrf2yf9au
22:30:48 INFO 保存：从者语音\Avenger\平景清\宝具卡3_2.mp3
22:30:48 INFO 下载：https://media.fgo.wiki/1/15/SV303_2_%E5%AE%9D%E5%85%B71.mp3?v=gys6f1lb14zp296co2v2904d1ljpury
22:30:50 INFO 保存：从者语音\Avenger\平景清\宝具1_2.mp3
22:30:50 INFO 下载：https://media.fgo.wiki/0/09/SV303_2_%E5%AE%9D%E5%85%B72.mp3?v=4ckyog7vyvn8v579upuqxfd2vr6eva7
22:30:51 INFO 保存：从者语音\Avenger\平景清\宝具2_2.mp3
22:30:51 INFO [136/176] Avenger / 迦摩(Avenger)（Excel ER2）
22:33:40 WARNING 请求失败，1.9 秒后重试 (1/5)：https://fgo.wiki/w/%E8%BF%A6%E6%91%A9%28Avenger%29/%E8%AF%AD%E9%9F%B3；<urlopen error [WinError 10060] 由于连接方在一段时间后没有正确答复或连接的主机没有反应，连接尝试失败。>
22:33:45 INFO 同名语音存在多个不同媒体文件，已使用 _2、_3 后缀：宝具卡1、宝具卡2、宝具1、宝具2、宝具3
22:33:45 INFO 找到 15 条：宝具卡1.mp3、宝具卡2.mp3、宝具1.mp3、宝具2.mp3、宝具3.mp3、宝具卡1_2.mp3、宝具卡2_2.mp3、宝具1_2.mp3、宝具2_2.mp3、宝具3_2.mp3、宝具卡1_3.mp3、宝具卡2_3.mp3、宝具1_3.mp3、宝具2_3.mp3、宝具3_3.mp3
22:33:45 INFO 下载：https://media.fgo.wiki/5/5b/SV321_0_%E5%AE%9D%E5%85%B7%E5%8D%A11.mp3?v=btm5ay6p3sheixqln38k5qwxldqg6ut
22:33:47 INFO 保存：从者语音\Avenger\迦摩(Avenger)\宝具卡1.mp3
22:33:47 INFO 下载：https://media.fgo.wiki/c/c7/SV321_0_%E5%AE%9D%E5%85%B7%E5%8D%A12.mp3?v=mcdu69dko3dbkp6jpxhqyh3dvz5ekmc
22:33:48 INFO 保存：从者语音\Avenger\迦摩(Avenger)\宝具卡2.mp3
22:33:48 INFO 下载：https://media.fgo.wiki/4/41/SV321_0_%E5%AE%9D%E5%85%B71.mp3?v=m8js3il0cazd6sxjuoo51bb6zews6p2
22:33:49 INFO 保存：从者语音\Avenger\迦摩(Avenger)\宝具1.mp3
22:33:49 INFO 下载：https://media.fgo.wiki/5/5e/SV321_0_%E5%AE%9D%E5%85%B72.mp3?v=d8hs32c38wcc8khgrp9y9f471fe19qe
22:33:51 INFO 保存：从者语音\Avenger\迦摩(Avenger)\宝具2.mp3
22:33:51 INFO 下载：https://media.fgo.wiki/1/10/SV321_0_%E5%AE%9D%E5%85%B73.mp3?v=f3pl3szv9463xmtlbjbykvtuzc1z0uu
22:33:52 INFO 保存：从者语音\Avenger\迦摩(Avenger)\宝具3.mp3
22:33:52 INFO 下载：https://media.fgo.wiki/f/f6/SV321_1_%E5%AE%9D%E5%85%B7%E5%8D%A11.mp3?v=ix5ok4forrtv607zmfwu68lh7jibsox
22:33:53 INFO 保存：从者语音\Avenger\迦摩(Avenger)\宝具卡1_2.mp3
22:33:53 INFO 下载：https://media.fgo.wiki/c/c5/SV321_1_%E5%AE%9D%E5%85%B7%E5%8D%A12.mp3?v=150vj1msz53hi2837bcfewbhu07l2g4
22:33:54 INFO 保存：从者语音\Avenger\迦摩(Avenger)\宝具卡2_2.mp3
22:33:54 INFO 下载：https://media.fgo.wiki/3/39/SV321_1_%E5%AE%9D%E5%85%B71.mp3?v=gfrow5ky164uqt9mu8k15rfcmfz8a15
22:33:55 INFO 保存：从者语音\Avenger\迦摩(Avenger)\宝具1_2.mp3
22:33:55 INFO 下载：https://media.fgo.wiki/d/d2/SV321_1_%E5%AE%9D%E5%85%B72.mp3?v=2ncgunrq1d70lkiv05jknv54d6hj9di
22:33:56 INFO 保存：从者语音\Avenger\迦摩(Avenger)\宝具2_2.mp3
22:33:56 INFO 下载：https://media.fgo.wiki/c/cc/SV321_1_%E5%AE%9D%E5%85%B73.mp3?v=4bctbdw70c4aggh2dbyyly024m6zh6q
22:33:58 INFO 保存：从者语音\Avenger\迦摩(Avenger)\宝具3_2.mp3
22:33:58 INFO 下载：https://media.fgo.wiki/1/1c/SV321_2_%E5%AE%9D%E5%85%B7%E5%8D%A11.mp3?v=odm4c9yj828kyq84eo8ng3mxkqh2zmy
22:33:59 INFO 保存：从者语音\Avenger\迦摩(Avenger)\宝具卡1_3.mp3
22:33:59 INFO 下载：https://media.fgo.wiki/0/01/SV321_2_%E5%AE%9D%E5%85%B7%E5%8D%A12.mp3?v=cgmo7wp2pahdttkc9t4515wkhmx7qiz
22:33:59 INFO 保存：从者语音\Avenger\迦摩(Avenger)\宝具卡2_3.mp3
22:33:59 INFO 下载：https://media.fgo.wiki/9/91/SV321_2_%E5%AE%9D%E5%85%B71.mp3?v=ntiaru6ht0lo3kjsy6vgre1vuzfzopt
22:34:01 INFO 保存：从者语音\Avenger\迦摩(Avenger)\宝具1_3.mp3
22:34:01 INFO 下载：https://media.fgo.wiki/8/8b/SV321_2_%E5%AE%9D%E5%85%B72.mp3?v=hbbco5bjsc8b69hyhyoqevinom0wlu4
22:34:02 INFO 保存：从者语音\Avenger\迦摩(Avenger)\宝具2_3.mp3
22:34:02 INFO 下载：https://media.fgo.wiki/2/21/SV321_2_%E5%AE%9D%E5%85%B73.mp3?v=idwjh2ztspcrehjy29wrhpwrfgt0jbp
22:34:04 INFO 保存：从者语音\Avenger\迦摩(Avenger)\宝具3_3.mp3
22:34:04 INFO [137/176] Avenger / 尼托克丽丝〔Alter〕（Excel ES2）
22:34:06 INFO 同名语音存在多个不同媒体文件，已使用 _2、_3 后缀：宝具卡1、宝具卡2、宝具卡3、宝具卡4、宝具1、宝具2、宝具3
22:34:06 INFO 找到 14 条：宝具卡1.mp3、宝具卡2.mp3、宝具卡3.mp3、宝具卡4.mp3、宝具1.mp3、宝具2.mp3、宝具3.mp3、宝具卡1_2.mp3、宝具卡2_2.mp3、宝具卡3_2.mp3、宝具卡4_2.mp3、宝具1_2.mp3、宝具2_2.mp3、宝具3_2.mp3
22:34:06 INFO 下载：https://media.fgo.wiki/2/2a/SV370_0_%E5%AE%9D%E5%85%B7%E5%8D%A11.mp3?v=ttat7dd7ju3ialpbib5lslliqnitx0t
22:34:07 INFO 保存：从者语音\Avenger\尼托克丽丝〔Alter〕\宝具卡1.mp3
22:34:07 INFO 下载：https://media.fgo.wiki/4/43/SV370_0_%E5%AE%9D%E5%85%B7%E5%8D%A12.mp3?v=ctp9ytrkuoqcq3lndnx7ureb9isnifg
22:34:07 INFO 保存：从者语音\Avenger\尼托克丽丝〔Alter〕\宝具卡2.mp3
22:34:07 INFO 下载：https://media.fgo.wiki/3/30/SV370_0_%E5%AE%9D%E5%85%B7%E5%8D%A13.mp3?v=l08no4fdv8xf5kjrla9w2qttznsyyf4
22:34:08 INFO 保存：从者语音\Avenger\尼托克丽丝〔Alter〕\宝具卡3.mp3
22:34:08 INFO 下载：https://media.fgo.wiki/4/4c/SV370_0_%E5%AE%9D%E5%85%B7%E5%8D%A14.mp3?v=0p2nvyldg3s3c6u1ywf0krymuc0buw6
22:34:10 INFO 保存：从者语音\Avenger\尼托克丽丝〔Alter〕\宝具卡4.mp3
22:34:10 INFO 下载：https://media.fgo.wiki/e/e8/SV370_0_%E5%AE%9D%E5%85%B71.mp3?v=1kr460820zqqsuucinwq0dyci0bimmn
22:34:11 INFO 保存：从者语音\Avenger\尼托克丽丝〔Alter〕\宝具1.mp3
22:34:11 INFO 下载：https://media.fgo.wiki/d/d0/SV370_0_%E5%AE%9D%E5%85%B72.mp3?v=1mim5k4vo6zu0zcebhhtibibox7j89g
22:34:12 INFO 保存：从者语音\Avenger\尼托克丽丝〔Alter〕\宝具2.mp3
22:34:12 INFO 下载：https://media.fgo.wiki/6/6e/SV370_0_%E5%AE%9D%E5%85%B73.mp3?v=176jdg88ryqhut9k3rycyjjf1egx06g
22:34:14 INFO 保存：从者语音\Avenger\尼托克丽丝〔Alter〕\宝具3.mp3
22:34:14 INFO 下载：https://media.fgo.wiki/8/88/SV370_2_%E5%AE%9D%E5%85%B7%E5%8D%A11.mp3?v=o7g2taq2jldkrdtau8k0el5p7z4o56q
22:34:15 INFO 保存：从者语音\Avenger\尼托克丽丝〔Alter〕\宝具卡1_2.mp3
22:34:15 INFO 下载：https://media.fgo.wiki/9/96/SV370_2_%E5%AE%9D%E5%85%B7%E5%8D%A12.mp3?v=c76bb5uj3tj4071jpopqdvfn5kksp24
22:34:16 INFO 保存：从者语音\Avenger\尼托克丽丝〔Alter〕\宝具卡2_2.mp3
22:34:16 INFO 下载：https://media.fgo.wiki/0/0e/SV370_2_%E5%AE%9D%E5%85%B7%E5%8D%A13.mp3?v=edqhxwc874syhh5lvxlgts2h0fv9t82
22:34:17 INFO 保存：从者语音\Avenger\尼托克丽丝〔Alter〕\宝具卡3_2.mp3
22:34:17 INFO 下载：https://media.fgo.wiki/9/98/SV370_2_%E5%AE%9D%E5%85%B7%E5%8D%A14.mp3?v=sunil3umalf4aj82p1mehy2a554wopt
22:34:18 INFO 保存：从者语音\Avenger\尼托克丽丝〔Alter〕\宝具卡4_2.mp3
22:34:18 INFO 下载：https://media.fgo.wiki/1/1a/SV370_2_%E5%AE%9D%E5%85%B71.mp3?v=jooxx2zglss8iihp2s978car1l5y2ve
22:34:19 INFO 保存：从者语音\Avenger\尼托克丽丝〔Alter〕\宝具1_2.mp3
22:34:19 INFO 下载：https://media.fgo.wiki/1/1d/SV370_2_%E5%AE%9D%E5%85%B72.mp3?v=awaz3xqt4gdfic8vei7vq7wc1nc0qqn
22:34:21 INFO 保存：从者语音\Avenger\尼托克丽丝〔Alter〕\宝具2_2.mp3
22:34:21 INFO 下载：https://media.fgo.wiki/d/d6/SV370_2_%E5%AE%9D%E5%85%B73.mp3?v=cs0skiyld78dsgexgij6cpkpeyyplb0
22:34:23 INFO 保存：从者语音\Avenger\尼托克丽丝〔Alter〕\宝具3_2.mp3
22:34:23 INFO [138/176] Avenger / 源赖光／丑御前（Excel ET2）
22:34:25 INFO 同名语音存在多个不同媒体文件，已使用 _2、_3 后缀：宝具卡1、宝具卡2、宝具卡3、宝具卡4、宝具1、宝具2、宝具3
22:34:25 INFO 找到 14 条：宝具卡1.mp3、宝具卡2.mp3、宝具卡3.mp3、宝具卡4.mp3、宝具1.mp3、宝具2.mp3、宝具3.mp3、宝具卡1_2.mp3、宝具卡2_2.mp3、宝具卡3_2.mp3、宝具卡4_2.mp3、宝具1_2.mp3、宝具2_2.mp3、宝具3_2.mp3
22:34:25 INFO 下载：https://media.fgo.wiki/8/82/SV403_0_%E5%AE%9D%E5%85%B7%E5%8D%A11.mp3?v=9m61273g5bwuf7kk7bf4yaqx9tn8pnq
22:34:26 INFO 保存：从者语音\Avenger\源赖光／丑御前\宝具卡1.mp3
22:34:26 INFO 下载：https://media.fgo.wiki/f/f9/SV403_0_%E5%AE%9D%E5%85%B7%E5%8D%A12.mp3?v=47ilkvhe93l99joivu6uamaz3lsvk5t
22:34:28 INFO 保存：从者语音\Avenger\源赖光／丑御前\宝具卡2.mp3
22:34:28 INFO 下载：https://media.fgo.wiki/d/d9/SV403_0_%E5%AE%9D%E5%85%B7%E5%8D%A13.mp3?v=5r5mlzsxgaalxr42kneniqvy3dixcm7
22:34:29 INFO 保存：从者语音\Avenger\源赖光／丑御前\宝具卡3.mp3
22:34:29 INFO 下载：https://media.fgo.wiki/b/bf/SV403_0_%E5%AE%9D%E5%85%B7%E5%8D%A14.mp3?v=sczamryjuqgoe7lnbasmc8lf3a01l75
22:34:30 INFO 保存：从者语音\Avenger\源赖光／丑御前\宝具卡4.mp3
22:34:30 INFO 下载：https://media.fgo.wiki/2/23/SV403_0_%E5%AE%9D%E5%85%B71.mp3?v=2p2c4k6d989thwsb0ss05tditviyrkz
22:34:31 INFO 保存：从者语音\Avenger\源赖光／丑御前\宝具1.mp3
22:34:31 INFO 下载：https://media.fgo.wiki/1/1e/SV403_0_%E5%AE%9D%E5%85%B72.mp3?v=st298wv1rlsy2xbv2jmd3phgr92yjer
22:34:33 INFO 保存：从者语音\Avenger\源赖光／丑御前\宝具2.mp3
22:34:33 INFO 下载：https://media.fgo.wiki/d/d2/SV403_0_%E5%AE%9D%E5%85%B73.mp3?v=hklhhauphlfz1blluab32lrzu0znuke
22:34:34 INFO 保存：从者语音\Avenger\源赖光／丑御前\宝具3.mp3
22:34:34 INFO 下载：https://media.fgo.wiki/b/b5/SV403_2_%E5%AE%9D%E5%85%B7%E5%8D%A11.mp3?v=r9lfwdkzdt0ic98ixidrbbrymhr50i5
22:34:35 INFO 保存：从者语音\Avenger\源赖光／丑御前\宝具卡1_2.mp3
22:34:35 INFO 下载：https://media.fgo.wiki/c/c8/SV403_2_%E5%AE%9D%E5%85%B7%E5%8D%A12.mp3?v=hvi3demwbmdfskafjt920mdz9lqpqy1
22:34:35 INFO 保存：从者语音\Avenger\源赖光／丑御前\宝具卡2_2.mp3
22:34:35 INFO 下载：https://media.fgo.wiki/4/49/SV403_2_%E5%AE%9D%E5%85%B7%E5%8D%A13.mp3?v=li5o9el19dqsyczhtrljxid0qtiz45i
22:34:36 INFO 保存：从者语音\Avenger\源赖光／丑御前\宝具卡3_2.mp3
22:34:36 INFO 下载：https://media.fgo.wiki/0/0d/SV403_2_%E5%AE%9D%E5%85%B7%E5%8D%A14.mp3?v=5qwu3x38na9h5cd14eob8wqyc5insvb
22:34:37 INFO 保存：从者语音\Avenger\源赖光／丑御前\宝具卡4_2.mp3
22:34:37 INFO 下载：https://media.fgo.wiki/f/f6/SV403_2_%E5%AE%9D%E5%85%B71.mp3?v=2p2c4k6d989thwsb0ss05tditviyrkz
22:34:38 INFO 保存：从者语音\Avenger\源赖光／丑御前\宝具1_2.mp3
22:34:38 INFO 下载：https://media.fgo.wiki/3/38/SV403_2_%E5%AE%9D%E5%85%B72.mp3?v=st298wv1rlsy2xbv2jmd3phgr92yjer
22:34:39 INFO 保存：从者语音\Avenger\源赖光／丑御前\宝具2_2.mp3
22:34:39 INFO 下载：https://media.fgo.wiki/a/af/SV403_2_%E5%AE%9D%E5%85%B73.mp3?v=hklhhauphlfz1blluab32lrzu0znuke
22:34:41 INFO 保存：从者语音\Avenger\源赖光／丑御前\宝具3_2.mp3
22:34:41 INFO [139/176] Avenger / 玛丽·安托瓦内特〔Alter〕（Excel EU2）
22:34:42 INFO 同名语音存在多个不同媒体文件，已使用 _2、_3 后缀：宝具卡1、宝具卡2、宝具卡3、宝具卡4、宝具1、宝具2、宝具3
22:34:42 INFO 找到 14 条：宝具卡1.mp3、宝具卡2.mp3、宝具卡3.mp3、宝具卡4.mp3、宝具1.mp3、宝具2.mp3、宝具3.mp3、宝具卡1_2.mp3、宝具卡2_2.mp3、宝具卡3_2.mp3、宝具卡4_2.mp3、宝具1_2.mp3、宝具2_2.mp3、宝具3_2.mp3
22:34:42 INFO 下载：https://media.fgo.wiki/9/9a/SV407_0_%E5%AE%9D%E5%85%B7%E5%8D%A11.mp3?v=ht6s9m9vwffq9dhmbh5i84w49z6cubf
22:34:43 INFO 保存：从者语音\Avenger\玛丽·安托瓦内特〔Alter〕\宝具卡1.mp3
22:34:43 INFO 下载：https://media.fgo.wiki/6/6c/SV407_0_%E5%AE%9D%E5%85%B7%E5%8D%A12.mp3?v=9hkebp5h745z3ett2dl2txta9ahcffw
22:34:44 INFO 保存：从者语音\Avenger\玛丽·安托瓦内特〔Alter〕\宝具卡2.mp3
22:34:44 INFO 下载：https://media.fgo.wiki/4/4f/SV407_0_%E5%AE%9D%E5%85%B7%E5%8D%A13.mp3?v=5dnedfld78qep10ea1hybuqvgidigcv
22:34:45 INFO 保存：从者语音\Avenger\玛丽·安托瓦内特〔Alter〕\宝具卡3.mp3
22:34:45 INFO 下载：https://media.fgo.wiki/9/95/SV407_0_%E5%AE%9D%E5%85%B7%E5%8D%A14.mp3?v=jwicyqgipj1xz6shk1k9zo70a5tnp8u
22:34:45 INFO 保存：从者语音\Avenger\玛丽·安托瓦内特〔Alter〕\宝具卡4.mp3
22:34:45 INFO 下载：https://media.fgo.wiki/4/46/SV407_0_%E5%AE%9D%E5%85%B71.mp3?v=1as42qy10k69e7ikfprmn3rnqm1vwho
22:34:47 INFO 保存：从者语音\Avenger\玛丽·安托瓦内特〔Alter〕\宝具1.mp3
22:34:47 INFO 下载：https://media.fgo.wiki/9/94/SV407_0_%E5%AE%9D%E5%85%B72.mp3?v=2zttjavgampzekvfdhjs3vhpcz3tbp9
22:34:48 INFO 保存：从者语音\Avenger\玛丽·安托瓦内特〔Alter〕\宝具2.mp3
22:34:48 INFO 下载：https://media.fgo.wiki/9/9b/SV407_0_%E5%AE%9D%E5%85%B73.mp3?v=6g2k03sim7nybgzukomfioh3r3nynw1
22:34:50 INFO 保存：从者语音\Avenger\玛丽·安托瓦内特〔Alter〕\宝具3.mp3
22:34:50 INFO 下载：https://media.fgo.wiki/9/97/SV407_1_%E5%AE%9D%E5%85%B7%E5%8D%A11.mp3?v=272cceqj5wjhh8jvvbde24dyybn7xgg
22:34:51 INFO 保存：从者语音\Avenger\玛丽·安托瓦内特〔Alter〕\宝具卡1_2.mp3
22:34:51 INFO 下载：https://media.fgo.wiki/0/06/SV407_1_%E5%AE%9D%E5%85%B7%E5%8D%A12.mp3?v=hhqverxylfuheq3689wlpumrmlszusf
22:34:51 INFO 保存：从者语音\Avenger\玛丽·安托瓦内特〔Alter〕\宝具卡2_2.mp3
22:34:51 INFO 下载：https://media.fgo.wiki/0/0c/SV407_1_%E5%AE%9D%E5%85%B7%E5%8D%A13.mp3?v=ae1c94n62ouwd0ikfh3dwhuvkttu120
22:34:52 INFO 保存：从者语音\Avenger\玛丽·安托瓦内特〔Alter〕\宝具卡3_2.mp3
22:34:52 INFO 下载：https://media.fgo.wiki/b/b1/SV407_1_%E5%AE%9D%E5%85%B7%E5%8D%A14.mp3?v=8h6zsz7dhrct34qclqy4jo6tsv5235c
22:34:53 INFO 保存：从者语音\Avenger\玛丽·安托瓦内特〔Alter〕\宝具卡4_2.mp3
22:34:53 INFO 下载：https://media.fgo.wiki/e/ea/SV407_1_%E5%AE%9D%E5%85%B71.mp3?v=1as42qy10k69e7ikfprmn3rnqm1vwho
22:34:55 INFO 保存：从者语音\Avenger\玛丽·安托瓦内特〔Alter〕\宝具1_2.mp3
22:34:55 INFO 下载：https://media.fgo.wiki/1/17/SV407_1_%E5%AE%9D%E5%85%B72.mp3?v=2zttjavgampzekvfdhjs3vhpcz3tbp9
22:34:56 INFO 保存：从者语音\Avenger\玛丽·安托瓦内特〔Alter〕\宝具2_2.mp3
22:34:56 INFO 下载：https://media.fgo.wiki/6/60/SV407_1_%E5%AE%9D%E5%85%B73.mp3?v=6g2k03sim7nybgzukomfioh3r3nynw1
22:34:57 INFO 保存：从者语音\Avenger\玛丽·安托瓦内特〔Alter〕\宝具3_2.mp3
22:34:57 INFO [140/176] Avenger / 岩窟王 基督山（Excel EV2）
22:35:00 INFO 同名语音存在多个不同媒体文件，已使用 _2、_3 后缀：宝具卡1、宝具卡2、宝具卡3、宝具卡4、宝具1、宝具2、宝具3
22:35:00 INFO 找到 14 条：宝具卡1.mp3、宝具卡2.mp3、宝具卡3.mp3、宝具卡4.mp3、宝具1.mp3、宝具2.mp3、宝具3.mp3、宝具卡1_2.mp3、宝具卡2_2.mp3、宝具卡3_2.mp3、宝具卡4_2.mp3、宝具1_2.mp3、宝具2_2.mp3、宝具3_2.mp3
22:35:00 INFO 下载：https://media.fgo.wiki/1/10/SV409_0_%E5%AE%9D%E5%85%B7%E5%8D%A11.mp3?v=rsgd38j947kqew2fxxvog17sx2f975a
22:35:01 INFO 保存：从者语音\Avenger\岩窟王 基督山\宝具卡1.mp3
22:35:01 INFO 下载：https://media.fgo.wiki/8/87/SV409_0_%E5%AE%9D%E5%85%B7%E5%8D%A12.mp3?v=pl5aqdoe3plpkbll8zcnjkioncfeqn9
22:35:01 INFO 保存：从者语音\Avenger\岩窟王 基督山\宝具卡2.mp3
22:35:01 INFO 下载：https://media.fgo.wiki/9/99/SV409_0_%E5%AE%9D%E5%85%B7%E5%8D%A13.mp3?v=83qcikmbx3phfst2he6dabtgjay0jka
22:35:02 INFO 保存：从者语音\Avenger\岩窟王 基督山\宝具卡3.mp3
22:35:02 INFO 下载：https://media.fgo.wiki/c/c4/SV409_0_%E5%AE%9D%E5%85%B7%E5%8D%A14.mp3?v=37fzkoic7puhyk9ccoz27qi1g0njlh1
22:35:03 INFO 保存：从者语音\Avenger\岩窟王 基督山\宝具卡4.mp3
22:35:03 INFO 下载：https://media.fgo.wiki/5/50/SV409_0_%E5%AE%9D%E5%85%B71.mp3?v=2qe5bzg51c806ijdis1gihzl5wf25je
22:35:05 INFO 保存：从者语音\Avenger\岩窟王 基督山\宝具1.mp3
22:35:05 INFO 下载：https://media.fgo.wiki/0/08/SV409_0_%E5%AE%9D%E5%85%B72.mp3?v=sgecrq7lr1d2p1s6skjvm63xvya1cwq
22:35:06 INFO 保存：从者语音\Avenger\岩窟王 基督山\宝具2.mp3
22:35:06 INFO 下载：https://media.fgo.wiki/b/b3/SV409_0_%E5%AE%9D%E5%85%B73.mp3?v=ke4keo3sk74yhkephemkiwwxtwkgtxk
22:35:08 INFO 保存：从者语音\Avenger\岩窟王 基督山\宝具3.mp3
22:35:08 INFO 下载：https://media.fgo.wiki/8/88/SV409_2_%E5%AE%9D%E5%85%B7%E5%8D%A11.mp3?v=owlrtbcvbixnxqst3f02w5y8ocur481
22:35:09 INFO 保存：从者语音\Avenger\岩窟王 基督山\宝具卡1_2.mp3
22:35:09 INFO 下载：https://media.fgo.wiki/9/99/SV409_2_%E5%AE%9D%E5%85%B7%E5%8D%A12.mp3?v=mj0ykpd2efnj3vlmruxz6xavfzyjqvl
22:35:10 INFO 保存：从者语音\Avenger\岩窟王 基督山\宝具卡2_2.mp3
22:35:10 INFO 下载：https://media.fgo.wiki/c/ce/SV409_2_%E5%AE%9D%E5%85%B7%E5%8D%A13.mp3?v=e11tvrjj8ar43fmx30cj8mk70j7ni67
22:35:11 INFO 保存：从者语音\Avenger\岩窟王 基督山\宝具卡3_2.mp3
22:35:11 INFO 下载：https://media.fgo.wiki/9/9b/SV409_2_%E5%AE%9D%E5%85%B7%E5%8D%A14.mp3?v=afj653t2c4hy3bpex9h5ysq6os9d64i
22:35:12 INFO 保存：从者语音\Avenger\岩窟王 基督山\宝具卡4_2.mp3
22:35:12 INFO 下载：https://media.fgo.wiki/0/08/SV409_2_%E5%AE%9D%E5%85%B71.mp3?v=2qe5bzg51c806ijdis1gihzl5wf25je
22:35:13 INFO 保存：从者语音\Avenger\岩窟王 基督山\宝具1_2.mp3
22:35:13 INFO 下载：https://media.fgo.wiki/1/15/SV409_2_%E5%AE%9D%E5%85%B72.mp3?v=sgecrq7lr1d2p1s6skjvm63xvya1cwq
22:35:14 INFO 保存：从者语音\Avenger\岩窟王 基督山\宝具2_2.mp3
22:35:14 INFO 下载：https://media.fgo.wiki/e/e5/SV409_2_%E5%AE%9D%E5%85%B73.mp3?v=ke4keo3sk74yhkephemkiwwxtwkgtxk
22:35:16 INFO 保存：从者语音\Avenger\岩窟王 基督山\宝具3_2.mp3
22:35:16 INFO [141/176] MoonCancer / BB(SSR)（Excel EX2）
22:35:18 INFO 同名语音存在多个不同媒体文件，已使用 _2、_3 后缀：宝具卡1、宝具卡2、宝具1、宝具2、宝具3
22:35:18 INFO 找到 15 条：宝具卡1.mp3、宝具卡2.mp3、宝具卡1_2.mp3、宝具卡2_2.mp3、宝具1.mp3、宝具2.mp3、宝具3.mp3、宝具1_2.mp3、宝具2_2.mp3、宝具3_2.mp3、宝具卡1_3.mp3、宝具卡2_3.mp3、宝具1_3.mp3、宝具2_3.mp3、宝具3_3.mp3
22:35:18 INFO 下载：https://media.fgo.wiki/3/38/SV220_0_%E5%AE%9D%E5%85%B7%E5%8D%A11.mp3?v=13bm5dr2cvby3j159jw6s8l4gh39jcc
22:35:19 INFO 保存：从者语音\MoonCancer\BB(SSR)\宝具卡1.mp3
22:35:19 INFO 下载：https://media.fgo.wiki/a/ae/SV220_0_%E5%AE%9D%E5%85%B7%E5%8D%A12.mp3?v=tbtcca5dyurlb6cgrb8kwutk3nftpfy
22:35:20 INFO 保存：从者语音\MoonCancer\BB(SSR)\宝具卡2.mp3
22:35:20 INFO 下载：https://media.fgo.wiki/9/98/220di_npse1.mp3?v=bb2h4xncwelf29a8towvwaaeibj7w6a
22:35:21 INFO 保存：从者语音\MoonCancer\BB(SSR)\宝具卡1_2.mp3
22:35:21 INFO 下载：https://media.fgo.wiki/0/08/220di_npse2.mp3?v=8kkgscz137zcn3tvgn5y7n3z4tnf3ex
22:35:23 INFO 保存：从者语音\MoonCancer\BB(SSR)\宝具卡2_2.mp3
22:35:23 INFO 下载：https://media.fgo.wiki/e/e2/SV220_0_%E5%AE%9D%E5%85%B71.mp3?v=6wbj2i6di4njtwv7gh00x8iuvo86o1p
22:35:24 INFO 保存：从者语音\MoonCancer\BB(SSR)\宝具1.mp3
22:35:24 INFO 下载：https://media.fgo.wiki/5/51/SV220_0_%E5%AE%9D%E5%85%B72.mp3?v=4vrdtoljuww4xjp7qlgmliv33puakw1
22:35:26 INFO 保存：从者语音\MoonCancer\BB(SSR)\宝具2.mp3
22:35:26 INFO 下载：https://media.fgo.wiki/a/a4/SV220_0_%E5%AE%9D%E5%85%B73.mp3?v=e4ebnan08tpe3uxboimp9tjbgi36ojs
22:35:27 INFO 保存：从者语音\MoonCancer\BB(SSR)\宝具3.mp3
22:35:27 INFO 下载：https://media.fgo.wiki/f/f0/220di_np1.mp3?v=me6u5g35epl9z110qacb8dhyysjxeji
22:35:30 INFO 保存：从者语音\MoonCancer\BB(SSR)\宝具1_2.mp3
22:35:30 INFO 下载：https://media.fgo.wiki/c/ca/SV220_1_%E5%AE%9D%E5%85%B72.mp3?v=7emqbwlcenzug6qwt6ivf9fm5cxbem1
22:35:31 INFO 保存：从者语音\MoonCancer\BB(SSR)\宝具2_2.mp3
22:35:31 INFO 下载：https://media.fgo.wiki/8/82/SV220_1_%E5%AE%9D%E5%85%B73.mp3?v=pbstl7bz2504ddhb81tnnxqm87jiayv
22:35:33 INFO 保存：从者语音\MoonCancer\BB(SSR)\宝具3_2.mp3
22:35:33 INFO 下载：https://media.fgo.wiki/7/71/22002di_npse1.mp3?v=57nye99iyc5kditzwdc6qnow0vpte05
22:35:34 INFO 保存：从者语音\MoonCancer\BB(SSR)\宝具卡1_3.mp3
22:35:34 INFO 下载：https://media.fgo.wiki/f/f0/22002di_npse2.mp3?v=gv6a41ucpmed1hmde9u3csyatim432n
22:35:35 INFO 保存：从者语音\MoonCancer\BB(SSR)\宝具卡2_3.mp3
22:35:35 INFO 下载：https://media.fgo.wiki/a/a0/22002di_np1.mp3?v=n0f5i9fyj61x52h6x5iy1k69s7zydf4
22:35:37 INFO 保存：从者语音\MoonCancer\BB(SSR)\宝具1_3.mp3
22:35:37 INFO 下载：https://media.fgo.wiki/b/bb/22002di_np2.mp3?v=8o4c4hyuqk1woysyb8lzp9jnecjuae2
22:35:39 INFO 保存：从者语音\MoonCancer\BB(SSR)\宝具2_3.mp3
22:35:39 INFO 下载：https://media.fgo.wiki/6/6a/SV220_2_%E5%AE%9D%E5%85%B73.mp3?v=nntvmee3ockb6cfmts1c69tq1c99a6j
22:35:41 INFO 保存：从者语音\MoonCancer\BB(SSR)\宝具3_3.mp3
22:35:41 INFO [142/176] MoonCancer / 伟大的石像神（Excel EY2）
22:35:43 INFO 同名语音存在多个不同媒体文件，已使用 _2、_3 后缀：宝具卡1、宝具卡2、宝具1、宝具2
22:35:43 INFO 找到 8 条：宝具卡1.mp3、宝具卡2.mp3、宝具1.mp3、宝具2.mp3、宝具卡1_2.mp3、宝具卡2_2.mp3、宝具1_2.mp3、宝具2_2.mp3
22:35:43 INFO 下载：https://media.fgo.wiki/9/9b/SV244_0_%E5%AE%9D%E5%85%B7%E5%8D%A11.mp3?v=hchn1500sfiabgcoxn16bsryd0xnvrq
22:35:44 INFO 保存：从者语音\MoonCancer\伟大的石像神\宝具卡1.mp3
22:35:44 INFO 下载：https://media.fgo.wiki/d/db/SV244_0_%E5%AE%9D%E5%85%B7%E5%8D%A12.mp3?v=6vpiae0w9l8y2gz89t86scnax2o97ai
22:35:45 INFO 保存：从者语音\MoonCancer\伟大的石像神\宝具卡2.mp3
22:35:45 INFO 下载：https://media.fgo.wiki/6/62/SV244_0_%E5%AE%9D%E5%85%B71.mp3?v=m53oj8l76l3bufdobn651w21zq3xn5m
22:35:47 INFO 保存：从者语音\MoonCancer\伟大的石像神\宝具1.mp3
22:35:47 INFO 下载：https://media.fgo.wiki/7/78/SV244_0_%E5%AE%9D%E5%85%B72.mp3?v=r2pskd91qyhrzkmvl4czqids0qfzpbz
22:35:49 INFO 保存：从者语音\MoonCancer\伟大的石像神\宝具2.mp3
22:35:49 INFO 下载：https://media.fgo.wiki/c/c0/SV244_1_%E5%AE%9D%E5%85%B7%E5%8D%A11.mp3?v=oo416j1v46lltcflogpgcfz4npro3ii
22:35:50 INFO 保存：从者语音\MoonCancer\伟大的石像神\宝具卡1_2.mp3
22:35:50 INFO 下载：https://media.fgo.wiki/a/a7/SV244_1_%E5%AE%9D%E5%85%B7%E5%8D%A12.mp3?v=pd4pn6bisawvxn4gu6m8pmekkyv90p4
22:35:51 INFO 保存：从者语音\MoonCancer\伟大的石像神\宝具卡2_2.mp3
22:35:51 INFO 下载：https://media.fgo.wiki/e/e7/SV244_1_%E5%AE%9D%E5%85%B71.mp3?v=5ekcjmf9shuz1nq5d00wlz1uliefg44
22:35:52 INFO 保存：从者语音\MoonCancer\伟大的石像神\宝具1_2.mp3
22:35:52 INFO 下载：https://media.fgo.wiki/a/a6/SV244_1_%E5%AE%9D%E5%85%B72.mp3?v=cf4eqx3robjyqejxxmq6a7t5zv26iu4
22:35:54 INFO 保存：从者语音\MoonCancer\伟大的石像神\宝具2_2.mp3
22:35:54 INFO [143/176] MoonCancer / 杀生院祈荒(MoonCancer)（Excel EZ2）
22:35:55 INFO 同名语音存在多个不同媒体文件，已使用 _2、_3 后缀：宝具卡1、宝具卡2、宝具卡3、宝具1、宝具2、宝具3
22:35:55 INFO 找到 19 条：宝具卡1.mp3、宝具卡2.mp3、宝具卡3.mp3、宝具1.mp3、宝具2.mp3、宝具3.mp3、宝具卡1_2.mp3、宝具卡2_2.mp3、宝具卡3_2.mp3、宝具1_2.mp3、宝具2_2.mp3、宝具3_2.mp3、宝具卡1_3.mp3、宝具卡2_3.mp3、宝具卡3_3.mp3、宝具1_3.mp3、宝具2_3.mp3、宝具3_3.mp3、宝具4.mp3
22:35:55 INFO 下载：https://media.fgo.wiki/a/ac/SV285_0_%E5%AE%9D%E5%85%B7%E5%8D%A11.mp3?v=c83toy7bubjrsoybgv7v3gcezb5o4qj
22:35:57 INFO 保存：从者语音\MoonCancer\杀生院祈荒(MoonCancer)\宝具卡1.mp3
22:35:57 INFO 下载：https://media.fgo.wiki/9/9c/SV285_0_%E5%AE%9D%E5%85%B7%E5%8D%A12.mp3?v=o5af5hih7p4vw7wmc3x8yxexnbpho8q
22:35:58 INFO 保存：从者语音\MoonCancer\杀生院祈荒(MoonCancer)\宝具卡2.mp3
22:35:58 INFO 下载：https://media.fgo.wiki/1/16/SV285_0_%E5%AE%9D%E5%85%B7%E5%8D%A13.mp3?v=pzqgzsjlkei8kw0p3y4rldsqhycfrss
22:35:59 INFO 保存：从者语音\MoonCancer\杀生院祈荒(MoonCancer)\宝具卡3.mp3
22:35:59 INFO 下载：https://media.fgo.wiki/9/99/SV285_0_%E5%AE%9D%E5%85%B71.mp3?v=hmpu7u6hj34aerypw510oibflvw9g9q
22:36:01 INFO 保存：从者语音\MoonCancer\杀生院祈荒(MoonCancer)\宝具1.mp3
22:36:01 INFO 下载：https://media.fgo.wiki/2/2c/SV285_0_%E5%AE%9D%E5%85%B72.mp3?v=qrpqys39cogqfr3d4srrbpybcqd12z7
22:36:02 INFO 保存：从者语音\MoonCancer\杀生院祈荒(MoonCancer)\宝具2.mp3
22:36:02 INFO 下载：https://media.fgo.wiki/a/ac/SV285_0_%E5%AE%9D%E5%85%B73.mp3?v=6uvv02omlq273ahlo86ewsg0v7wmkps
22:36:03 INFO 保存：从者语音\MoonCancer\杀生院祈荒(MoonCancer)\宝具3.mp3
22:36:03 INFO 下载：https://media.fgo.wiki/5/56/SV285_1_%E5%AE%9D%E5%85%B7%E5%8D%A11.mp3?v=j1rtpd19kq2ltgk6fhue17i5hrrx4ht
22:36:06 INFO 保存：从者语音\MoonCancer\杀生院祈荒(MoonCancer)\宝具卡1_2.mp3
22:36:06 INFO 下载：https://media.fgo.wiki/7/7d/SV285_1_%E5%AE%9D%E5%85%B7%E5%8D%A12.mp3?v=tlrthukaixm1246reck0wlgcdgrwn3e
22:36:07 INFO 保存：从者语音\MoonCancer\杀生院祈荒(MoonCancer)\宝具卡2_2.mp3
22:36:07 INFO 下载：https://media.fgo.wiki/4/46/SV285_1_%E5%AE%9D%E5%85%B7%E5%8D%A13.mp3?v=nu7scve2w5u99566yfzhyysfwcxhpav
22:36:08 INFO 保存：从者语音\MoonCancer\杀生院祈荒(MoonCancer)\宝具卡3_2.mp3
22:36:08 INFO 下载：https://media.fgo.wiki/c/c7/SV285_1_%E5%AE%9D%E5%85%B71.mp3?v=cpbdpuf3qrq8tbqdzi9vilad7bqtb4p
22:36:09 INFO 保存：从者语音\MoonCancer\杀生院祈荒(MoonCancer)\宝具1_2.mp3
22:36:09 INFO 下载：https://media.fgo.wiki/3/3d/SV285_1_%E5%AE%9D%E5%85%B72.mp3?v=5hlmlmry6k3sqjgqev2r9kkndrs3bya
22:36:10 INFO 保存：从者语音\MoonCancer\杀生院祈荒(MoonCancer)\宝具2_2.mp3
22:36:10 INFO 下载：https://media.fgo.wiki/9/96/SV285_1_%E5%AE%9D%E5%85%B73.mp3?v=sfebso7pytdx06eftb8yjrx13p68pdw
22:36:12 INFO 保存：从者语音\MoonCancer\杀生院祈荒(MoonCancer)\宝具3_2.mp3
22:36:12 INFO 下载：https://media.fgo.wiki/e/ed/SV285_2_%E5%AE%9D%E5%85%B7%E5%8D%A11.mp3?v=7fv0j2qysxvukaqrf3cwh55omhsd8dx
22:36:13 INFO 保存：从者语音\MoonCancer\杀生院祈荒(MoonCancer)\宝具卡1_3.mp3
22:36:13 INFO 下载：https://media.fgo.wiki/d/d9/SV285_2_%E5%AE%9D%E5%85%B7%E5%8D%A12.mp3?v=07giy0a69u1jqiob1fllkp38ivii64x
22:36:14 INFO 保存：从者语音\MoonCancer\杀生院祈荒(MoonCancer)\宝具卡2_3.mp3
22:36:14 INFO 下载：https://media.fgo.wiki/b/b0/SV285_2_%E5%AE%9D%E5%85%B7%E5%8D%A13.mp3?v=iy1rtl8m52lprempfsxe1giff1ivzjk
22:36:15 INFO 保存：从者语音\MoonCancer\杀生院祈荒(MoonCancer)\宝具卡3_3.mp3
22:36:15 INFO 下载：https://media.fgo.wiki/8/8e/SV285_2_%E5%AE%9D%E5%85%B71.mp3?v=rfwnmpdosny5a2w0w7xzworlknpgtz9
22:36:16 INFO 保存：从者语音\MoonCancer\杀生院祈荒(MoonCancer)\宝具1_3.mp3
22:36:16 INFO 下载：https://media.fgo.wiki/9/9d/SV285_2_%E5%AE%9D%E5%85%B72.mp3?v=19f50smqgomdkg5lb6r44hb7bu1qvr1
22:36:19 INFO 保存：从者语音\MoonCancer\杀生院祈荒(MoonCancer)\宝具2_3.mp3
22:36:19 INFO 下载：https://media.fgo.wiki/2/2c/SV285_2_%E5%AE%9D%E5%85%B73.mp3?v=nb4c6yqkob312kz4566vb8w1d8yo29v
22:36:20 INFO 保存：从者语音\MoonCancer\杀生院祈荒(MoonCancer)\宝具3_3.mp3
22:36:20 INFO 下载：https://media.fgo.wiki/b/b7/SV285_2_%E5%AE%9D%E5%85%B74.mp3?v=66jfh5lvt9ra6neb30w92riywjwrnba
22:36:22 INFO 保存：从者语音\MoonCancer\杀生院祈荒(MoonCancer)\宝具4.mp3
22:36:22 INFO [144/176] MoonCancer / Archetype：Earth（Excel FA2）
22:36:24 INFO 同名语音存在多个不同媒体文件，已使用 _2、_3 后缀：宝具卡1、宝具卡2、宝具卡3、宝具1、宝具2、宝具3
22:36:24 INFO 找到 19 条：宝具卡1.mp3、宝具卡2.mp3、宝具卡3.mp3、宝具1.mp3、宝具2.mp3、宝具3.mp3、宝具卡1_2.mp3、宝具卡2_2.mp3、宝具卡3_2.mp3、宝具1_2.mp3、宝具2_2.mp3、宝具3_2.mp3、宝具4.mp3、宝具卡1_3.mp3、宝具卡2_3.mp3、宝具卡3_3.mp3、宝具1_3.mp3、宝具2_3.mp3、宝具3_3.mp3
22:36:24 INFO 下载：https://media.fgo.wiki/a/ae/SV351_0_%E5%AE%9D%E5%85%B7%E5%8D%A11.mp3?v=idd6vftsefn8bbdtoc4ip7ib8aen8qn
22:36:25 INFO 保存：从者语音\MoonCancer\Archetype：Earth\宝具卡1.mp3
22:36:25 INFO 下载：https://media.fgo.wiki/9/95/SV351_0_%E5%AE%9D%E5%85%B7%E5%8D%A12.mp3?v=cy31sf1zghc4eqnfh28v6fdz8wavm63
22:36:26 INFO 保存：从者语音\MoonCancer\Archetype：Earth\宝具卡2.mp3
22:36:26 INFO 下载：https://media.fgo.wiki/3/36/SV351_0_%E5%AE%9D%E5%85%B7%E5%8D%A13.mp3?v=kyvunhlfuyoamq0l1o50u04z04mfba7
22:36:27 INFO 保存：从者语音\MoonCancer\Archetype：Earth\宝具卡3.mp3
22:36:27 INFO 下载：https://media.fgo.wiki/f/f3/SV351_0_%E5%AE%9D%E5%85%B71.mp3?v=5xm1rcviml81rdousn446q8ac5dwehj
22:36:28 INFO 保存：从者语音\MoonCancer\Archetype：Earth\宝具1.mp3
22:36:28 INFO 下载：https://media.fgo.wiki/f/f1/SV351_0_%E5%AE%9D%E5%85%B72.mp3?v=cuzalwg6ghqui2k8lg2y2j46k3hpz4l
22:36:30 INFO 保存：从者语音\MoonCancer\Archetype：Earth\宝具2.mp3
22:36:30 INFO 下载：https://media.fgo.wiki/0/0f/SV351_0_%E5%AE%9D%E5%85%B73.mp3?v=aot1h1ybfg3jnq3s2p0ry5dy1qzfvw2
22:36:32 INFO 保存：从者语音\MoonCancer\Archetype：Earth\宝具3.mp3
22:36:32 INFO 下载：https://media.fgo.wiki/d/d3/SV351_1_%E5%AE%9D%E5%85%B7%E5%8D%A11.mp3?v=7oymxkhn5ulwxfc1tsn02l3nzxp88pl
22:36:33 INFO 保存：从者语音\MoonCancer\Archetype：Earth\宝具卡1_2.mp3
22:36:33 INFO 下载：https://media.fgo.wiki/4/48/SV351_1_%E5%AE%9D%E5%85%B7%E5%8D%A12.mp3?v=258h5kk9dw794hr34ryv0uyb9id0t2o
22:36:33 INFO 保存：从者语音\MoonCancer\Archetype：Earth\宝具卡2_2.mp3
22:36:33 INFO 下载：https://media.fgo.wiki/e/ee/SV351_1_%E5%AE%9D%E5%85%B7%E5%8D%A13.mp3?v=d8omjkhhk9t76iqcn3qmmej24nkt4a1
22:36:34 INFO 保存：从者语音\MoonCancer\Archetype：Earth\宝具卡3_2.mp3
22:36:34 INFO 下载：https://media.fgo.wiki/6/64/SV351_1_%E5%AE%9D%E5%85%B71.mp3?v=hyh7uvupnf2ehcwdau8o28o3k2dspyt
22:36:35 INFO 保存：从者语音\MoonCancer\Archetype：Earth\宝具1_2.mp3
22:36:35 INFO 下载：https://media.fgo.wiki/f/f4/SV351_1_%E5%AE%9D%E5%85%B72.mp3?v=9regrqsum6cqf4n9gfk4il79j1jtakp
22:36:37 INFO 保存：从者语音\MoonCancer\Archetype：Earth\宝具2_2.mp3
22:36:37 INFO 下载：https://media.fgo.wiki/1/16/SV351_1_%E5%AE%9D%E5%85%B73.mp3?v=kwzj4mufz1261bl5ixc1be9waao3u3j
22:36:38 INFO 保存：从者语音\MoonCancer\Archetype：Earth\宝具3_2.mp3
22:36:38 INFO 下载：https://media.fgo.wiki/9/93/SV351_1_%E5%AE%9D%E5%85%B74.mp3?v=i15cf55g4kvx4oqrahxx2wvkfch8e2o
22:36:40 INFO 保存：从者语音\MoonCancer\Archetype：Earth\宝具4.mp3
22:36:40 INFO 下载：https://media.fgo.wiki/7/7e/SV351_2_%E5%AE%9D%E5%85%B7%E5%8D%A11.mp3?v=i21p86w3vvvht1upjbd6pfllpap3o0d
22:36:41 INFO 保存：从者语音\MoonCancer\Archetype：Earth\宝具卡1_3.mp3
22:36:41 INFO 下载：https://media.fgo.wiki/b/bc/SV351_2_%E5%AE%9D%E5%85%B7%E5%8D%A12.mp3?v=olaw9fhwyorl0hrpdak7xqq1mwug443
22:36:42 INFO 保存：从者语音\MoonCancer\Archetype：Earth\宝具卡2_3.mp3
22:36:42 INFO 下载：https://media.fgo.wiki/8/8b/SV351_2_%E5%AE%9D%E5%85%B7%E5%8D%A13.mp3?v=5hf1wu0k4am45nt0sgiw3cqcuu10c4v
22:36:43 INFO 保存：从者语音\MoonCancer\Archetype：Earth\宝具卡3_3.mp3
22:36:43 INFO 下载：https://media.fgo.wiki/0/0c/SV351_2_%E5%AE%9D%E5%85%B71.mp3?v=h3v7f1doiltcq4c32hswkzsiyg76v9p
22:36:44 INFO 保存：从者语音\MoonCancer\Archetype：Earth\宝具1_3.mp3
22:36:44 INFO 下载：https://media.fgo.wiki/a/a1/SV351_2_%E5%AE%9D%E5%85%B72.mp3?v=qhj5aif9h1cs2pn9b65ljleyfc78888
22:36:45 INFO 保存：从者语音\MoonCancer\Archetype：Earth\宝具2_3.mp3
22:36:45 INFO 下载：https://media.fgo.wiki/0/0f/SV351_2_%E5%AE%9D%E5%85%B73.mp3?v=irbppvcv6vkzr0fvwe3n6zzry1thjft
22:36:46 INFO 保存：从者语音\MoonCancer\Archetype：Earth\宝具3_3.mp3
22:36:46 INFO [145/176] MoonCancer / 谜之代行者C.I.E.L（Excel FB2）
22:36:48 INFO 同名语音存在多个不同媒体文件，已使用 _2、_3 后缀：宝具卡1、宝具卡2、宝具卡3、宝具1、宝具2、宝具3、宝具4
22:36:48 INFO 找到 23 条：宝具卡1.mp3、宝具卡2.mp3、宝具卡3.mp3、宝具1.mp3、宝具2.mp3、宝具3.mp3、宝具4.mp3、宝具卡1_2.mp3、宝具卡2_2.mp3、宝具卡3_2.mp3、宝具1_2.mp3、宝具2_2.mp3、宝具3_2.mp3、宝具卡1_3.mp3、宝具卡2_3.mp3、宝具卡3_3.mp3、宝具卡4.mp3、宝具1_3.mp3、宝具2_3.mp3、宝具3_3.mp3、宝具4_2.mp3、宝具5.mp3、宝具6.mp3
22:36:48 INFO 下载：https://media.fgo.wiki/7/75/SV418_0_%E5%AE%9D%E5%85%B7%E5%8D%A11.mp3?v=braus86j1bo5woauqtpf02zvtnrty8j
22:36:50 INFO 保存：从者语音\MoonCancer\谜之代行者C.I.E.L\宝具卡1.mp3
22:36:50 INFO 下载：https://media.fgo.wiki/d/d0/SV418_0_%E5%AE%9D%E5%85%B7%E5%8D%A12.mp3?v=fsygpfc63vqclqfo4ohms7o1k1c0pa7
22:36:51 INFO 保存：从者语音\MoonCancer\谜之代行者C.I.E.L\宝具卡2.mp3
22:36:51 INFO 下载：https://media.fgo.wiki/a/ae/SV418_0_%E5%AE%9D%E5%85%B7%E5%8D%A13.mp3?v=lfu2wkyb1exqikm5ny3pjyi5ec7vyi9
22:36:52 INFO 保存：从者语音\MoonCancer\谜之代行者C.I.E.L\宝具卡3.mp3
22:36:52 INFO 下载：https://media.fgo.wiki/6/6c/SV418_0_%E5%AE%9D%E5%85%B71.mp3?v=4jvc7lqr9bo9qmm0mof2cr4oco65b4e
22:36:54 INFO 保存：从者语音\MoonCancer\谜之代行者C.I.E.L\宝具1.mp3
22:36:54 INFO 下载：https://media.fgo.wiki/7/7b/SV418_0_%E5%AE%9D%E5%85%B72.mp3?v=71nurmv6lpsh0qlov2cx86e1ua0chdb
22:36:55 INFO 保存：从者语音\MoonCancer\谜之代行者C.I.E.L\宝具2.mp3
22:36:55 INFO 下载：https://media.fgo.wiki/4/47/SV418_0_%E5%AE%9D%E5%85%B73.mp3?v=4jddu7mbrvw772qhbfz1kidq9hhw9iy
22:36:56 INFO 保存：从者语音\MoonCancer\谜之代行者C.I.E.L\宝具3.mp3
22:36:56 INFO 下载：https://media.fgo.wiki/1/18/SV418_0_%E5%AE%9D%E5%85%B74.mp3?v=cutr4ogu91xpiyjcfzatrti163p31h6
22:36:57 INFO 保存：从者语音\MoonCancer\谜之代行者C.I.E.L\宝具4.mp3
22:36:57 INFO 下载：https://media.fgo.wiki/b/b4/SV418_1_%E5%AE%9D%E5%85%B7%E5%8D%A11.mp3?v=bul9no7ph8p1uqn6dq1eq31k6o92kiy
22:36:58 INFO 保存：从者语音\MoonCancer\谜之代行者C.I.E.L\宝具卡1_2.mp3
22:36:58 INFO 下载：https://media.fgo.wiki/c/c1/SV418_1_%E5%AE%9D%E5%85%B7%E5%8D%A12.mp3?v=ahyvtmt99jxre4lina4f0o6r5q97mh1
22:37:01 INFO 保存：从者语音\MoonCancer\谜之代行者C.I.E.L\宝具卡2_2.mp3
22:37:01 INFO 下载：https://media.fgo.wiki/6/62/SV418_1_%E5%AE%9D%E5%85%B7%E5%8D%A13.mp3?v=hzx9ppjjs8hyoxcmyxptefz2tgdtint
22:37:02 INFO 保存：从者语音\MoonCancer\谜之代行者C.I.E.L\宝具卡3_2.mp3
22:37:02 INFO 下载：https://media.fgo.wiki/1/1f/SV418_1_%E5%AE%9D%E5%85%B71.mp3?v=h9ujhfyaijxsm0ftwtelum7waaxbsi7
22:37:03 INFO 保存：从者语音\MoonCancer\谜之代行者C.I.E.L\宝具1_2.mp3
22:37:03 INFO 下载：https://media.fgo.wiki/d/d2/SV418_1_%E5%AE%9D%E5%85%B72.mp3?v=7jvq97aqcu61gvd0w4c6y3v9j2d52bk
22:37:04 INFO 保存：从者语音\MoonCancer\谜之代行者C.I.E.L\宝具2_2.mp3
22:37:04 INFO 下载：https://media.fgo.wiki/5/56/SV418_1_%E5%AE%9D%E5%85%B73.mp3?v=9gww9ei6tizad6z6sdphw43wjs36eed
22:37:06 INFO 保存：从者语音\MoonCancer\谜之代行者C.I.E.L\宝具3_2.mp3
22:37:06 INFO 下载：https://media.fgo.wiki/5/50/SV418_2_%E5%AE%9D%E5%85%B7%E5%8D%A11.mp3?v=jpu77smckm5jg7dumjzddfzgs1ak8op
22:37:06 INFO 保存：从者语音\MoonCancer\谜之代行者C.I.E.L\宝具卡1_3.mp3
22:37:06 INFO 下载：https://media.fgo.wiki/d/d4/SV418_2_%E5%AE%9D%E5%85%B7%E5%8D%A12.mp3?v=bvpuduvzlbcmsv8374kj8r245m38i0a
22:37:07 INFO 保存：从者语音\MoonCancer\谜之代行者C.I.E.L\宝具卡2_3.mp3
22:37:07 INFO 下载：https://media.fgo.wiki/7/7a/SV418_2_%E5%AE%9D%E5%85%B7%E5%8D%A13.mp3?v=n4j2dgw96gvzojs64ddgfctgvc7uq6j
22:37:09 INFO 保存：从者语音\MoonCancer\谜之代行者C.I.E.L\宝具卡3_3.mp3
22:37:09 INFO 下载：https://media.fgo.wiki/f/f3/SV418_2_%E5%AE%9D%E5%85%B7%E5%8D%A14.mp3?v=q7qqpp2qxihw4qeddiwnlmz9kvt698e
22:37:10 INFO 保存：从者语音\MoonCancer\谜之代行者C.I.E.L\宝具卡4.mp3
22:37:10 INFO 下载：https://media.fgo.wiki/2/2b/SV418_2_%E5%AE%9D%E5%85%B71.mp3?v=o4kpjnr3ufkrnhkffezt91k0psheh0p
22:37:11 INFO 保存：从者语音\MoonCancer\谜之代行者C.I.E.L\宝具1_3.mp3
22:37:11 INFO 下载：https://media.fgo.wiki/e/e5/SV418_2_%E5%AE%9D%E5%85%B72.mp3?v=ptvdvkm6exyq79ti0zam03r22fp5wt2
22:37:12 INFO 保存：从者语音\MoonCancer\谜之代行者C.I.E.L\宝具2_3.mp3
22:37:12 INFO 下载：https://media.fgo.wiki/0/0b/SV418_2_%E5%AE%9D%E5%85%B73.mp3?v=hxhmvz0521e8cu2wrzijcbc2r6g8h8c
22:37:13 INFO 保存：从者语音\MoonCancer\谜之代行者C.I.E.L\宝具3_3.mp3
22:37:13 INFO 下载：https://media.fgo.wiki/7/78/SV418_2_%E5%AE%9D%E5%85%B74.mp3?v=ngv631x8k8cg7bc9rfkozfemc2pjhp3
22:37:15 INFO 保存：从者语音\MoonCancer\谜之代行者C.I.E.L\宝具4_2.mp3
22:37:15 INFO 下载：https://media.fgo.wiki/1/17/SV418_2_%E5%AE%9D%E5%85%B75.mp3?v=fc82ggfesavd5364n5xd9eq76nbj80k
22:37:16 INFO 保存：从者语音\MoonCancer\谜之代行者C.I.E.L\宝具5.mp3
22:37:16 INFO 下载：https://media.fgo.wiki/7/76/SV418_2_%E5%AE%9D%E5%85%B76.mp3?v=proyiydzgbw7g0a5fs0ygqb0sszabhk
22:37:17 INFO 保存：从者语音\MoonCancer\谜之代行者C.I.E.L\宝具6.mp3
22:37:17 INFO [146/176] MoonCancer / BB迪拜（Excel FC2）
22:37:21 INFO 同名语音存在多个不同媒体文件，已使用 _2、_3 后缀：宝具卡1、宝具卡2、宝具卡3、宝具1、宝具2、宝具3、宝具4、宝具5、宝具6
22:37:21 INFO 找到 33 条：宝具卡1.mp3、宝具卡2.mp3、宝具卡3.mp3、宝具1.mp3、宝具2.mp3、宝具3.mp3、宝具4.mp3、宝具5.mp3、宝具6.mp3、宝具7.mp3、宝具8.mp3、宝具9.mp3、宝具10.mp3、宝具11.mp3、宝具12.mp3、宝具卡1_2.mp3、宝具卡2_2.mp3、宝具卡3_2.mp3、宝具1_2.mp3、宝具2_2.mp3、宝具3_2.mp3、宝具4_2.mp3、宝具5_2.mp3、宝具6_2.mp3、宝具卡1_3.mp3、宝具卡2_3.mp3、宝具卡3_3.mp3、宝具1_3.mp3、宝具2_3.mp3、宝具3_3.mp3、宝具4_3.mp3、宝具5_3.mp3、宝具6_3.mp3
22:37:21 INFO 下载：https://media.fgo.wiki/d/d0/SV421_0_%E5%AE%9D%E5%85%B7%E5%8D%A11.mp3?v=bb9wvtaa1vl211d0dfd93c86w3kkbx5
22:37:23 INFO 保存：从者语音\MoonCancer\BB迪拜\宝具卡1.mp3
22:37:23 INFO 下载：https://media.fgo.wiki/6/65/SV421_0_%E5%AE%9D%E5%85%B7%E5%8D%A12.mp3?v=71cuyyxqso51tcz90hurmrrsyej68m3
22:37:24 INFO 保存：从者语音\MoonCancer\BB迪拜\宝具卡2.mp3
22:37:24 INFO 下载：https://media.fgo.wiki/a/a2/SV421_0_%E5%AE%9D%E5%85%B7%E5%8D%A13.mp3?v=3qp35ompdvv24nm2cwt10mqfey3ejm3
22:37:24 INFO 保存：从者语音\MoonCancer\BB迪拜\宝具卡3.mp3
22:37:24 INFO 下载：https://media.fgo.wiki/1/1e/SV421_0_%E5%AE%9D%E5%85%B71.mp3?v=3dv1i2jxrzf2934abv687sf4yf0k5kj
22:37:26 INFO 保存：从者语音\MoonCancer\BB迪拜\宝具1.mp3
22:37:26 INFO 下载：https://media.fgo.wiki/b/b4/SV421_0_%E5%AE%9D%E5%85%B72.mp3?v=t2svej5vpgn57xjsbidasab2y8weehs
22:37:27 INFO 保存：从者语音\MoonCancer\BB迪拜\宝具2.mp3
22:37:27 INFO 下载：https://media.fgo.wiki/d/d2/SV421_0_%E5%AE%9D%E5%85%B73.mp3?v=ems5j7dozdpjez8udnyi9w8ugb2dk4j
22:37:28 INFO 保存：从者语音\MoonCancer\BB迪拜\宝具3.mp3
22:37:28 INFO 下载：https://media.fgo.wiki/7/7f/SV421_0_%E5%AE%9D%E5%85%B74.mp3?v=609uw3z1q5aq55b9ljr51owvp2jnr7r
22:37:29 INFO 保存：从者语音\MoonCancer\BB迪拜\宝具4.mp3
22:37:29 INFO 下载：https://media.fgo.wiki/6/6d/SV421_0_%E5%AE%9D%E5%85%B75.mp3?v=drgapijqx1pxqnob03snotuz4zu7n5a
22:37:31 INFO 保存：从者语音\MoonCancer\BB迪拜\宝具5.mp3
22:37:31 INFO 下载：https://media.fgo.wiki/c/c3/SV421_0_%E5%AE%9D%E5%85%B76.mp3?v=2gnzs6ujv96hje791n86uo64tf1eltm
22:37:32 INFO 保存：从者语音\MoonCancer\BB迪拜\宝具6.mp3
22:37:32 INFO 下载：https://media.fgo.wiki/1/15/SV421_0_%E5%AE%9D%E5%85%B77.mp3?v=sazae65nezlv62nug64vynjvedou0vh
22:37:34 INFO 保存：从者语音\MoonCancer\BB迪拜\宝具7.mp3
22:37:34 INFO 下载：https://media.fgo.wiki/6/6c/SV421_0_%E5%AE%9D%E5%85%B78.mp3?v=9sdcguu3xvr9u9hi65ch3wg3ke5im2a
22:37:35 INFO 保存：从者语音\MoonCancer\BB迪拜\宝具8.mp3
22:37:35 INFO 下载：https://media.fgo.wiki/a/a1/SV421_0_%E5%AE%9D%E5%85%B79.mp3?v=301ip20uwzt3khzydwbn66j0reo6b5p
22:37:37 INFO 保存：从者语音\MoonCancer\BB迪拜\宝具9.mp3
22:37:37 INFO 下载：https://media.fgo.wiki/9/90/SV421_0_%E5%AE%9D%E5%85%B710.mp3?v=88w9zeblmqxddvnwoj0l3k95dgxp6qs
22:37:38 INFO 保存：从者语音\MoonCancer\BB迪拜\宝具10.mp3
22:37:38 INFO 下载：https://media.fgo.wiki/4/48/SV421_0_%E5%AE%9D%E5%85%B711.mp3?v=tp2cv8d9k3qpg8gyqkkyfqj71azlp0w
22:37:39 INFO 保存：从者语音\MoonCancer\BB迪拜\宝具11.mp3
22:37:39 INFO 下载：https://media.fgo.wiki/4/4e/SV421_0_%E5%AE%9D%E5%85%B712.mp3?v=kniza61slkh3ddqnmr8vq62ur1mgn1l
22:37:40 INFO 保存：从者语音\MoonCancer\BB迪拜\宝具12.mp3
22:37:40 INFO 下载：https://media.fgo.wiki/4/46/SV421_1_%E5%AE%9D%E5%85%B7%E5%8D%A11.mp3?v=suoumb6ocgyr6c7yvn3umxnoubykav8
22:38:02 INFO 保存：从者语音\MoonCancer\BB迪拜\宝具卡1_2.mp3
22:38:02 INFO 下载：https://media.fgo.wiki/0/0b/SV421_1_%E5%AE%9D%E5%85%B7%E5%8D%A12.mp3?v=t8445k5twvsfugy0lk1ry3ljg88hdtb
22:38:04 INFO 保存：从者语音\MoonCancer\BB迪拜\宝具卡2_2.mp3
22:38:04 INFO 下载：https://media.fgo.wiki/c/c4/SV421_1_%E5%AE%9D%E5%85%B7%E5%8D%A13.mp3?v=a1a2fzkvjp4f0t1z6fj870h0rq8xz47
22:38:05 INFO 保存：从者语音\MoonCancer\BB迪拜\宝具卡3_2.mp3
22:38:05 INFO 下载：https://media.fgo.wiki/9/9f/SV421_1_%E5%AE%9D%E5%85%B71.mp3?v=f429vis1azmcirdsawui16ehav03eg1
22:38:06 INFO 保存：从者语音\MoonCancer\BB迪拜\宝具1_2.mp3
22:38:06 INFO 下载：https://media.fgo.wiki/0/07/SV421_1_%E5%AE%9D%E5%85%B72.mp3?v=dsrhx5wnurcqe9v5o5mke6db29jmxkr
22:38:08 INFO 保存：从者语音\MoonCancer\BB迪拜\宝具2_2.mp3
22:38:08 INFO 下载：https://media.fgo.wiki/9/97/SV421_1_%E5%AE%9D%E5%85%B73.mp3?v=esf65vfhskkoc5wwp416r89yu2ktt8g
22:38:09 INFO 保存：从者语音\MoonCancer\BB迪拜\宝具3_2.mp3
22:38:09 INFO 下载：https://media.fgo.wiki/a/a1/SV421_1_%E5%AE%9D%E5%85%B74.mp3?v=s8dbubdum9mfqbl2qsaxt9oor9narli
22:38:11 INFO 保存：从者语音\MoonCancer\BB迪拜\宝具4_2.mp3
22:38:11 INFO 下载：https://media.fgo.wiki/7/78/SV421_1_%E5%AE%9D%E5%85%B75.mp3?v=b2nrq7vkef2fsargkkgu7zpay81eug5
22:38:12 INFO 保存：从者语音\MoonCancer\BB迪拜\宝具5_2.mp3
22:38:12 INFO 下载：https://media.fgo.wiki/0/04/SV421_1_%E5%AE%9D%E5%85%B76.mp3?v=ci8845j0ng5vfa4b7fmmqvidsy1x7zq
22:38:13 INFO 保存：从者语音\MoonCancer\BB迪拜\宝具6_2.mp3
22:38:13 INFO 下载：https://media.fgo.wiki/5/58/SV421_2_%E5%AE%9D%E5%85%B7%E5%8D%A11.mp3?v=mprd6q6fmcseqh25tue6t47g8ma3s9r
22:38:14 INFO 保存：从者语音\MoonCancer\BB迪拜\宝具卡1_3.mp3
22:38:14 INFO 下载：https://media.fgo.wiki/4/43/SV421_2_%E5%AE%9D%E5%85%B7%E5%8D%A12.mp3?v=tfuteh149n5kw3g80bqxp58u23a02l5
22:38:15 INFO 保存：从者语音\MoonCancer\BB迪拜\宝具卡2_3.mp3
22:38:15 INFO 下载：https://media.fgo.wiki/b/b4/SV421_2_%E5%AE%9D%E5%85%B7%E5%8D%A13.mp3?v=brbxi2y7byx330aegb1m10hrtshlxtp
22:38:16 INFO 保存：从者语音\MoonCancer\BB迪拜\宝具卡3_3.mp3
22:38:16 INFO 下载：https://media.fgo.wiki/0/02/SV421_2_%E5%AE%9D%E5%85%B71.mp3?v=gjk6x3oo4hcvzh3s6lgb7nnxs2auaie
22:38:17 INFO 保存：从者语音\MoonCancer\BB迪拜\宝具1_3.mp3
22:38:17 INFO 下载：https://media.fgo.wiki/7/7b/SV421_2_%E5%AE%9D%E5%85%B72.mp3?v=gynqjlahi4x98fye10rdefdbkzjekxc
22:38:18 INFO 保存：从者语音\MoonCancer\BB迪拜\宝具2_3.mp3
22:38:18 INFO 下载：https://media.fgo.wiki/e/eb/SV421_2_%E5%AE%9D%E5%85%B73.mp3?v=t1d27tuxyh367zxuul0qm3klg7div5f
22:38:19 INFO 保存：从者语音\MoonCancer\BB迪拜\宝具3_3.mp3
22:38:19 INFO 下载：https://media.fgo.wiki/d/d7/SV421_2_%E5%AE%9D%E5%85%B74.mp3?v=hpjtabdi9injlgpdtrzbeixj0837ejl
22:38:21 INFO 保存：从者语音\MoonCancer\BB迪拜\宝具4_3.mp3
22:38:21 INFO 下载：https://media.fgo.wiki/3/37/SV421_2_%E5%AE%9D%E5%85%B75.mp3?v=s8ikyns1yc7z4tlgbv5hzd8ca8s942o
22:38:22 INFO 保存：从者语音\MoonCancer\BB迪拜\宝具5_3.mp3
22:38:22 INFO 下载：https://media.fgo.wiki/2/20/SV421_2_%E5%AE%9D%E5%85%B76.mp3?v=e8qz5cjkmel10jgcvc4cavoxif8ttj6
22:38:25 INFO 保存：从者语音\MoonCancer\BB迪拜\宝具6_3.mp3
22:38:25 INFO [147/176] AlterEgo / Meltryllis（Excel FE2）
22:38:27 INFO 同名语音存在多个不同媒体文件，已使用 _2、_3 后缀：宝具2
22:38:27 INFO 找到 5 条：宝具卡1.mp3、宝具卡2.mp3、宝具1.mp3、宝具2.mp3、宝具2_2.mp3
22:38:27 INFO 下载：https://media.fgo.wiki/b/bb/163di_npse1.mp3?v=cn2ga7s641h7s18qjfcciafoc5n9c4q
22:38:28 INFO 保存：从者语音\AlterEgo\Meltryllis\宝具卡1.mp3
22:38:28 INFO 下载：https://media.fgo.wiki/d/db/163di_npse2.mp3?v=oue8qrbkeowijhe77nzgfctebgvgusj
22:38:30 INFO 保存：从者语音\AlterEgo\Meltryllis\宝具卡2.mp3
22:38:30 INFO 下载：https://media.fgo.wiki/c/cc/163di_np1.mp3?v=fi8i7b3v5bafleli33mf7ckvuwo9pgg
22:38:32 INFO 保存：从者语音\AlterEgo\Meltryllis\宝具1.mp3
22:38:32 INFO 下载：https://media.fgo.wiki/3/3c/163di_np2.mp3?v=ovayspe2mjswd24ses1vsoib58by4n2
22:38:34 INFO 保存：从者语音\AlterEgo\Meltryllis\宝具2.mp3
22:38:34 INFO 下载：https://media.fgo.wiki/d/d0/SV163_0_%E5%AE%9D%E5%85%B72.mp3?v=narfj01hz7aaau1vmekmodhu2tlszpw
22:38:36 INFO 保存：从者语音\AlterEgo\Meltryllis\宝具2_2.mp3
22:38:36 INFO [148/176] AlterEgo / 杀生院祈荒（Excel FF2）
22:38:38 INFO 同名语音存在多个不同媒体文件，已使用 _2、_3 后缀：宝具卡1、宝具卡2、宝具1、宝具2、宝具3、宝具卡3
22:38:38 INFO 找到 18 条：宝具卡1.mp3、宝具卡2.mp3、宝具1.mp3、宝具2.mp3、宝具2_2.mp3、宝具3.mp3、宝具卡1_2.mp3、宝具卡2_2.mp3、宝具卡3.mp3、宝具1_2.mp3、宝具2_3.mp3、宝具3_2.mp3、宝具卡1_3.mp3、宝具卡2_3.mp3、宝具卡3_2.mp3、宝具1_3.mp3、宝具2_4.mp3、宝具3_3.mp3
22:38:38 INFO 下载：https://media.fgo.wiki/c/c0/167di_npse1.mp3?v=ltvihuzjdyk8k3bqp1h03ws9a6qoeb0
22:38:39 INFO 保存：从者语音\AlterEgo\杀生院祈荒\宝具卡1.mp3
22:38:39 INFO 下载：https://media.fgo.wiki/8/8f/167di_npse2.mp3?v=hi0deftocz42vn3of7c727nb6rcy5jn
22:38:40 INFO 保存：从者语音\AlterEgo\杀生院祈荒\宝具卡2.mp3
22:38:40 INFO 下载：https://media.fgo.wiki/d/d0/167di_np1.mp3?v=dyxccr50stj7jdp2isd1swuvu8tearc
22:38:42 INFO 保存：从者语音\AlterEgo\杀生院祈荒\宝具1.mp3
22:38:42 INFO 下载：https://media.fgo.wiki/c/c6/167di_np2.mp3?v=3xvz06cxqimp4dola1fft8v2xexrc3b
22:38:44 INFO 保存：从者语音\AlterEgo\杀生院祈荒\宝具2.mp3
22:38:44 INFO 下载：https://media.fgo.wiki/d/da/SV167_0_%E5%AE%9D%E5%85%B72m.mp3?v=rpizu8lvgqlli57pj2ebyl5mfy8gqpn
22:38:50 INFO 保存：从者语音\AlterEgo\杀生院祈荒\宝具2_2.mp3
22:38:50 INFO 下载：https://media.fgo.wiki/2/26/SV167_0_%E5%AE%9D%E5%85%B73.mp3?v=lssk7uonaf8zq37t8zvc6ih2k7kkaz6
22:38:52 INFO 保存：从者语音\AlterEgo\杀生院祈荒\宝具3.mp3
22:38:52 INFO 下载：https://media.fgo.wiki/f/f5/SV167_1_%E5%AE%9D%E5%85%B7%E5%8D%A11new.mp3?v=k708vp89d1lxe5t7ns87pi7b058zjm3
22:38:52 INFO 保存：从者语音\AlterEgo\杀生院祈荒\宝具卡1_2.mp3
22:38:52 INFO 下载：https://media.fgo.wiki/f/f4/SV167_1_%E5%AE%9D%E5%85%B7%E5%8D%A12new.mp3?v=n0vb6nk8koljruujrbq3yvi5w49pys5
22:38:53 INFO 保存：从者语音\AlterEgo\杀生院祈荒\宝具卡2_2.mp3
22:38:53 INFO 下载：https://media.fgo.wiki/e/e1/SV167_1_%E5%AE%9D%E5%85%B7%E5%8D%A13new.mp3?v=ddik2u2h9xnp4cr0luqfhw8e9h344u0
22:38:54 INFO 保存：从者语音\AlterEgo\杀生院祈荒\宝具卡3.mp3
22:38:54 INFO 下载：https://media.fgo.wiki/4/4f/SV167_1_%E5%AE%9D%E5%85%B71new.mp3?v=8jfykdzlfxps0pfucltgfm7t7l8y8pf
22:38:55 INFO 保存：从者语音\AlterEgo\杀生院祈荒\宝具1_2.mp3
22:38:55 INFO 下载：https://media.fgo.wiki/5/5e/SV167_1_%E5%AE%9D%E5%85%B72new.mp3?v=eit0pp2fawgdrmzhr8tbp5bk0tz80up
22:38:57 INFO 保存：从者语音\AlterEgo\杀生院祈荒\宝具2_3.mp3
22:38:57 INFO 下载：https://media.fgo.wiki/a/ae/SV167_1_%E5%AE%9D%E5%85%B73new.mp3?v=1kffoq5edtgwd9vhsbpt79chldmmycx
22:39:00 INFO 保存：从者语音\AlterEgo\杀生院祈荒\宝具3_2.mp3
22:39:00 INFO 下载：https://media.fgo.wiki/1/11/SV167_2_%E5%AE%9D%E5%85%B7%E5%8D%A11new.mp3?v=k708vp89d1lxe5t7ns87pi7b058zjm3
22:39:00 INFO 保存：从者语音\AlterEgo\杀生院祈荒\宝具卡1_3.mp3
22:39:00 INFO 下载：https://media.fgo.wiki/d/d6/SV167_2_%E5%AE%9D%E5%85%B7%E5%8D%A12new.mp3?v=n0vb6nk8koljruujrbq3yvi5w49pys5
22:39:01 INFO 保存：从者语音\AlterEgo\杀生院祈荒\宝具卡2_3.mp3
22:39:01 INFO 下载：https://media.fgo.wiki/5/58/SV167_2_%E5%AE%9D%E5%85%B7%E5%8D%A13new.mp3?v=ddik2u2h9xnp4cr0luqfhw8e9h344u0
22:39:03 INFO 保存：从者语音\AlterEgo\杀生院祈荒\宝具卡3_2.mp3
22:39:03 INFO 下载：https://media.fgo.wiki/7/7c/SV167_2_%E5%AE%9D%E5%85%B71new.mp3?v=htf3d47q6ua7q9jmsuj8eyncdech8a2
22:41:52 WARNING 请求失败，1.9 秒后重试 (1/5)：https://media.fgo.wiki/7/7c/SV167_2_%E5%AE%9D%E5%85%B71new.mp3?v=htf3d47q6ua7q9jmsuj8eyncdech8a2；<urlopen error [WinError 10060] 由于连接方在一段时间后没有正确答复或连接的主机没有反应，连接尝试失败。>
22:44:42 WARNING 请求失败，2.3 秒后重试 (2/5)：https://media.fgo.wiki/7/7c/SV167_2_%E5%AE%9D%E5%85%B71new.mp3?v=htf3d47q6ua7q9jmsuj8eyncdech8a2；<urlopen error [WinError 10060] 由于连接方在一段时间后没有正确答复或连接的主机没有反应，连接尝试失败。>
22:44:46 INFO 保存：从者语音\AlterEgo\杀生院祈荒\宝具1_3.mp3
22:44:46 INFO 下载：https://media.fgo.wiki/0/0e/SV167_2_%E5%AE%9D%E5%85%B72new.mp3?v=q9xh2hdyknexxt3bcuv2lboyglh7h3m
22:44:48 INFO 保存：从者语音\AlterEgo\杀生院祈荒\宝具2_4.mp3
22:44:48 INFO 下载：https://media.fgo.wiki/6/6a/SV167_2_%E5%AE%9D%E5%85%B73new.mp3?v=bzsc769t236ak7209gp0otp8qge4dx8
22:44:49 INFO 保存：从者语音\AlterEgo\杀生院祈荒\宝具3_3.mp3
22:44:49 INFO [149/176] AlterEgo / 冲田总司〔Alter〕（Excel FG2）
22:44:52 INFO 同名语音存在多个不同媒体文件，已使用 _2、_3 后缀：宝具卡1、宝具卡2、宝具卡3、宝具1、宝具2、宝具3、宝具4
22:44:52 INFO 找到 14 条：宝具卡1.mp3、宝具卡2.mp3、宝具卡3.mp3、宝具1.mp3、宝具2.mp3、宝具3.mp3、宝具4.mp3、宝具卡1_2.mp3、宝具卡2_2.mp3、宝具卡3_2.mp3、宝具1_2.mp3、宝具2_2.mp3、宝具3_2.mp3、宝具4_2.mp3
22:44:52 INFO 下载：https://media.fgo.wiki/0/03/209di_npse1.mp3?v=airbkpo8in67rz1gydgudak7z5buudz
22:44:53 INFO 保存：从者语音\AlterEgo\冲田总司〔Alter〕\宝具卡1.mp3
22:44:53 INFO 下载：https://media.fgo.wiki/1/13/209di_npse2.mp3?v=fn3ubyfuttv4uqr38nrutoffn58snz2
22:44:55 INFO 保存：从者语音\AlterEgo\冲田总司〔Alter〕\宝具卡2.mp3
22:44:55 INFO 下载：https://media.fgo.wiki/2/2e/209di_npse3.mp3?v=birxxes2xhytrhlq0nnqxx6k1b44amx
22:44:56 INFO 保存：从者语音\AlterEgo\冲田总司〔Alter〕\宝具卡3.mp3
22:44:56 INFO 下载：https://media.fgo.wiki/f/fe/209di_np1.mp3?v=by336m77g4nh5jwqo87r0e64kx6tmjp
22:44:58 INFO 保存：从者语音\AlterEgo\冲田总司〔Alter〕\宝具1.mp3
22:44:58 INFO 下载：https://media.fgo.wiki/d/d2/209di_np2.mp3?v=km0vyfqj9okxnk9eyqabwq8lwlt71a3
22:45:00 INFO 保存：从者语音\AlterEgo\冲田总司〔Alter〕\宝具2.mp3
22:45:00 INFO 下载：https://media.fgo.wiki/e/e7/209di_np3.mp3?v=awy1c76i2ns5sgdreqru0kvph3mlwaf
22:45:02 INFO 保存：从者语音\AlterEgo\冲田总司〔Alter〕\宝具3.mp3
22:45:02 INFO 下载：https://media.fgo.wiki/1/1f/209di_np4.mp3?v=enfjwik5p3p6e8czhtnmzp5yovix84p
22:45:03 INFO 保存：从者语音\AlterEgo\冲田总司〔Alter〕\宝具4.mp3
22:45:03 INFO 下载：https://media.fgo.wiki/7/7e/SV209_11_%E5%AE%9D%E5%85%B7%E5%8D%A11.mp3?v=ed7jgafkllqa1oosipig0l1vs2uwb8f
22:45:04 INFO 保存：从者语音\AlterEgo\冲田总司〔Alter〕\宝具卡1_2.mp3
22:45:04 INFO 下载：https://media.fgo.wiki/5/52/SV209_11_%E5%AE%9D%E5%85%B7%E5%8D%A12.mp3?v=1rpn0wq64m8a8yuy5ta3y4726b2dhnn
22:45:05 INFO 保存：从者语音\AlterEgo\冲田总司〔Alter〕\宝具卡2_2.mp3
22:45:05 INFO 下载：https://media.fgo.wiki/c/c4/SV209_11_%E5%AE%9D%E5%85%B7%E5%8D%A13.mp3?v=7vmrzquqbzm6vdiy2my363d7hbuu4wp
22:45:06 INFO 保存：从者语音\AlterEgo\冲田总司〔Alter〕\宝具卡3_2.mp3
22:45:06 INFO 下载：https://media.fgo.wiki/e/ee/SV209_11_%E5%AE%9D%E5%85%B71.mp3?v=5gmataxtlue99ow1uas1u0ti0qkdl8k
22:45:08 INFO 保存：从者语音\AlterEgo\冲田总司〔Alter〕\宝具1_2.mp3
22:45:08 INFO 下载：https://media.fgo.wiki/a/a0/SV209_11_%E5%AE%9D%E5%85%B72.mp3?v=rwrwt8sd1ok7zcuqd2tdzrnpupfnafx
22:45:09 INFO 保存：从者语音\AlterEgo\冲田总司〔Alter〕\宝具2_2.mp3
22:45:09 INFO 下载：https://media.fgo.wiki/4/4a/SV209_11_%E5%AE%9D%E5%85%B73.mp3?v=lloh5oepepd3tgj3ab13golno8b5ik7
22:45:11 INFO 保存：从者语音\AlterEgo\冲田总司〔Alter〕\宝具3_2.mp3
22:45:11 INFO 下载：https://media.fgo.wiki/b/bd/SV209_11_%E5%AE%9D%E5%85%B74.mp3?v=7ob9ric59sd1gu8lnigk4u3dmo54dr8
22:45:12 INFO 保存：从者语音\AlterEgo\冲田总司〔Alter〕\宝具4_2.mp3
22:45:12 INFO [150/176] AlterEgo / 志度内（Excel FH2）
22:45:14 INFO 找到 4 条：宝具卡1.mp3、宝具卡2.mp3、宝具1.mp3、宝具2.mp3
22:45:14 INFO 下载：https://media.fgo.wiki/9/91/224di_npse1.mp3?v=32bbae6t4avcb68y53z70x6vmr3v167
22:45:15 INFO 保存：从者语音\AlterEgo\志度内\宝具卡1.mp3
22:45:15 INFO 下载：https://media.fgo.wiki/6/64/224di_npse2.mp3?v=eapjks9zdz3z5argx6o6wibvvzo3rqp
22:45:17 INFO 保存：从者语音\AlterEgo\志度内\宝具卡2.mp3
22:45:17 INFO 下载：https://media.fgo.wiki/2/2f/224di_np1.mp3?v=agzckyh8ewzhh0e0svsen7l9gjeires
22:45:19 INFO 保存：从者语音\AlterEgo\志度内\宝具1.mp3
22:45:19 INFO 下载：https://media.fgo.wiki/e/e5/224di_np2.mp3?v=7chq0mt2jgkebyis7b7m8qvt5zmsftm
22:45:21 INFO 保存：从者语音\AlterEgo\志度内\宝具2.mp3
22:45:21 INFO [151/176] AlterEgo / Kingprotea（Excel FI2）
22:45:23 INFO 同名语音存在多个不同媒体文件，已使用 _2、_3 后缀：宝具卡1、宝具卡2、宝具1、宝具2
22:45:23 INFO 找到 12 条：宝具卡1.mp3、宝具卡2.mp3、宝具1.mp3、宝具2.mp3、宝具卡1_2.mp3、宝具卡2_2.mp3、宝具1_2.mp3、宝具2_2.mp3、宝具卡1_3.mp3、宝具卡2_3.mp3、宝具卡1_4.mp3、宝具卡2_4.mp3
22:45:23 INFO 下载：https://media.fgo.wiki/d/d7/SV238_0_%E5%AE%9D%E5%85%B7%E5%8D%A11.mp3?v=6fbcd4fgp6ol4b3626lbl0iri2xat1n
22:45:24 INFO 保存：从者语音\AlterEgo\Kingprotea\宝具卡1.mp3
22:45:24 INFO 下载：https://media.fgo.wiki/c/c4/SV238_0_%E5%AE%9D%E5%85%B7%E5%8D%A12.mp3?v=4jgutsm3w9yozf6g1ivcya35389c0lt
22:45:25 INFO 保存：从者语音\AlterEgo\Kingprotea\宝具卡2.mp3
22:45:25 INFO 下载：https://media.fgo.wiki/7/74/SV238_0_%E5%AE%9D%E5%85%B71.mp3?v=6z4ydz7fsnvyj5e874hy8dd17e99kog
22:45:27 INFO 保存：从者语音\AlterEgo\Kingprotea\宝具1.mp3
22:45:27 INFO 下载：https://media.fgo.wiki/8/89/SV238_0_%E5%AE%9D%E5%85%B72.mp3?v=2unqf1ix0zj72lhkex3c10dms0n94do
22:45:28 INFO 保存：从者语音\AlterEgo\Kingprotea\宝具2.mp3
22:45:28 INFO 下载：https://media.fgo.wiki/1/15/SV238_1_%E5%AE%9D%E5%85%B7%E5%8D%A11.mp3?v=epuixse7b9q52zw7g8uenb9t6s4s4i9
22:45:29 INFO 保存：从者语音\AlterEgo\Kingprotea\宝具卡1_2.mp3
22:45:29 INFO 下载：https://media.fgo.wiki/1/1b/SV238_1_%E5%AE%9D%E5%85%B7%E5%8D%A12.mp3?v=0aojsw1bg19lyic1msowzt6zwb1k7hm
22:45:30 INFO 保存：从者语音\AlterEgo\Kingprotea\宝具卡2_2.mp3
22:45:30 INFO 下载：https://media.fgo.wiki/8/8f/SV238_1_%E5%AE%9D%E5%85%B71.mp3?v=9odnmrcxuf4qm8ryz4qtifhunan0o0f
22:45:31 INFO 保存：从者语音\AlterEgo\Kingprotea\宝具1_2.mp3
22:45:31 INFO 下载：https://media.fgo.wiki/f/f5/SV238_1_%E5%AE%9D%E5%85%B72.mp3?v=34keovkfpyegwu49vg01i5a2y34alxz
22:45:33 INFO 保存：从者语音\AlterEgo\Kingprotea\宝具2_2.mp3
22:45:33 INFO 下载：https://media.fgo.wiki/f/f5/SV238_11_%E5%AE%9D%E5%85%B7%E5%8D%A11.mp3?v=3tdk2352wtve3gy2v2vib36j98sf6st
22:45:34 INFO 保存：从者语音\AlterEgo\Kingprotea\宝具卡1_3.mp3
22:45:34 INFO 下载：https://media.fgo.wiki/a/a9/SV238_11_%E5%AE%9D%E5%85%B7%E5%8D%A12.mp3?v=fqv0emtabh3sl7hinrcuqks4resb2j9
22:45:35 INFO 保存：从者语音\AlterEgo\Kingprotea\宝具卡2_3.mp3
22:45:35 INFO 下载：https://media.fgo.wiki/9/97/SV238_12_%E5%AE%9D%E5%85%B7%E5%8D%A11.mp3?v=3tdk2352wtve3gy2v2vib36j98sf6st
22:45:36 INFO 保存：从者语音\AlterEgo\Kingprotea\宝具卡1_4.mp3
22:45:36 INFO 下载：https://media.fgo.wiki/5/5c/SV238_12_%E5%AE%9D%E5%85%B7%E5%8D%A12.mp3?v=fqv0emtabh3sl7hinrcuqks4resb2j9
22:45:37 INFO 保存：从者语音\AlterEgo\Kingprotea\宝具卡2_4.mp3
22:45:37 INFO [152/176] AlterEgo / 芦屋道满（Excel FJ2）
22:45:39 INFO 同名语音存在多个不同媒体文件，已使用 _2、_3 后缀：宝具卡1、宝具卡2、宝具卡3、宝具卡4、宝具1、宝具2
22:45:39 INFO 找到 16 条：宝具卡1.mp3、宝具卡2.mp3、宝具卡3.mp3、宝具卡4.mp3、宝具1.mp3、宝具2.mp3、宝具卡1_2.mp3、宝具卡2_2.mp3、宝具卡3_2.mp3、宝具卡4_2.mp3、宝具1_2.mp3、宝具2_2.mp3、宝具卡1_3.mp3、宝具卡2_3.mp3、宝具卡3_3.mp3、宝具卡4_3.mp3
22:45:39 INFO 下载：https://media.fgo.wiki/1/13/SV297_0_%E5%AE%9D%E5%85%B7%E5%8D%A11.mp3?v=kxh96jwai0ohjyv4qy5r0s52dpphdwv
22:45:40 INFO 保存：从者语音\AlterEgo\芦屋道满\宝具卡1.mp3
22:45:40 INFO 下载：https://media.fgo.wiki/0/0c/SV297_0_%E5%AE%9D%E5%85%B7%E5%8D%A12.mp3?v=0m0240oa7t6z3i1mdxm38ugpvgnuax5
22:45:41 INFO 保存：从者语音\AlterEgo\芦屋道满\宝具卡2.mp3
22:45:41 INFO 下载：https://media.fgo.wiki/0/0d/SV297_0_%E5%AE%9D%E5%85%B7%E5%8D%A13.mp3?v=qfw0fk6mxw0ib5mihpa2yrxd7athxid
22:45:42 INFO 保存：从者语音\AlterEgo\芦屋道满\宝具卡3.mp3
22:45:42 INFO 下载：https://media.fgo.wiki/2/2f/SV297_0_%E5%AE%9D%E5%85%B7%E5%8D%A14.mp3?v=3zmhm9batuamttdazmaba1pss2rfmi5
22:45:43 INFO 保存：从者语音\AlterEgo\芦屋道满\宝具卡4.mp3
22:45:43 INFO 下载：https://media.fgo.wiki/c/c7/SV297_0_%E5%AE%9D%E5%85%B71.mp3?v=k0dp210hoow06ns6mxrkpn8a575cu1e
22:45:44 INFO 保存：从者语音\AlterEgo\芦屋道满\宝具1.mp3
22:45:44 INFO 下载：https://media.fgo.wiki/7/75/SV297_0_%E5%AE%9D%E5%85%B72.mp3?v=4g1es333pmtzix6rbu42vu86p30yhim
22:45:46 INFO 保存：从者语音\AlterEgo\芦屋道满\宝具2.mp3
22:45:46 INFO 下载：https://media.fgo.wiki/e/e3/SV297_2_%E5%AE%9D%E5%85%B7%E5%8D%A11.mp3?v=lkng6pjg9fmmaoyc1satqkubyw4ths6
22:45:47 INFO 保存：从者语音\AlterEgo\芦屋道满\宝具卡1_2.mp3
22:45:47 INFO 下载：https://media.fgo.wiki/1/16/SV297_2_%E5%AE%9D%E5%85%B7%E5%8D%A12.mp3?v=q7lzkuukg7kw8i4ed1zy7st7knd02te
22:45:48 INFO 保存：从者语音\AlterEgo\芦屋道满\宝具卡2_2.mp3
22:45:48 INFO 下载：https://media.fgo.wiki/a/a8/SV297_2_%E5%AE%9D%E5%85%B7%E5%8D%A13.mp3?v=qthjysyi0vy5k6zrsvsh6bv20jekr35
22:45:48 INFO 保存：从者语音\AlterEgo\芦屋道满\宝具卡3_2.mp3
22:45:48 INFO 下载：https://media.fgo.wiki/2/26/SV297_2_%E5%AE%9D%E5%85%B7%E5%8D%A14.mp3?v=pbza1wg85feerxmyf4zktz0swx2jicj
22:45:49 INFO 保存：从者语音\AlterEgo\芦屋道满\宝具卡4_2.mp3
22:45:49 INFO 下载：https://media.fgo.wiki/7/7f/SV297_2_%E5%AE%9D%E5%85%B71.mp3?v=k0dp210hoow06ns6mxrkpn8a575cu1e
22:45:50 INFO 保存：从者语音\AlterEgo\芦屋道满\宝具1_2.mp3
22:45:50 INFO 下载：https://media.fgo.wiki/6/62/SV297_2_%E5%AE%9D%E5%85%B72.mp3?v=4g1es333pmtzix6rbu42vu86p30yhim
22:45:52 INFO 保存：从者语音\AlterEgo\芦屋道满\宝具2_2.mp3
22:45:52 INFO 下载：https://media.fgo.wiki/a/a6/SV297_11_%E5%AE%9D%E5%85%B7%E5%8D%A11.mp3?v=kf34l1w32d89oqkzv94nsq2neirvf67
22:45:53 INFO 保存：从者语音\AlterEgo\芦屋道满\宝具卡1_3.mp3
22:45:53 INFO 下载：https://media.fgo.wiki/4/4d/SV297_11_%E5%AE%9D%E5%85%B7%E5%8D%A12.mp3?v=kibvx2aqm7ga3wx7hsab017ubvwyxjz
22:45:54 INFO 保存：从者语音\AlterEgo\芦屋道满\宝具卡2_3.mp3
22:45:54 INFO 下载：https://media.fgo.wiki/b/be/SV297_11_%E5%AE%9D%E5%85%B7%E5%8D%A13.mp3?v=bvorwp16g0qh3fd9ebmu9wru4vnsnxm
22:45:54 INFO 保存：从者语音\AlterEgo\芦屋道满\宝具卡3_3.mp3
22:45:54 INFO 下载：https://media.fgo.wiki/9/98/SV297_11_%E5%AE%9D%E5%85%B7%E5%8D%A14.mp3?v=gi73tgnqal055f7qg8vowpa8ot826p0
22:45:55 INFO 保存：从者语音\AlterEgo\芦屋道满\宝具卡4_3.mp3
22:45:55 INFO [153/176] AlterEgo / 马纳南·麦克·利尔〔巴泽特〕（Excel FK2）
22:48:44 WARNING 请求失败，2.0 秒后重试 (1/5)：https://fgo.wiki/w/%E9%A9%AC%E7%BA%B3%E5%8D%97%C2%B7%E9%BA%A6%E5%85%8B%C2%B7%E5%88%A9%E5%B0%94%E3%80%94%E5%B7%B4%E6%B3%BD%E7%89%B9%E3%80%95/%E8%AF%AD%E9%9F%B3；<urlopen error [WinError 10060] 由于连接方在一段时间后没有正确答复或连接的主机没有反应，连接尝试失败。>
22:48:52 INFO 同名语音存在多个不同媒体文件，已使用 _2、_3 后缀：宝具卡1、宝具卡2、宝具卡3、宝具1、宝具2
22:48:52 INFO 找到 11 条：宝具卡1.mp3、宝具卡2.mp3、宝具卡3.mp3、宝具1.mp3、宝具2.mp3、宝具卡1_2.mp3、宝具卡2_2.mp3、宝具卡3_2.mp3、宝具1_2.mp3、宝具2_2.mp3、宝具3.mp3
22:48:52 INFO 下载：https://media.fgo.wiki/8/84/SV336_0_%E5%AE%9D%E5%85%B7%E5%8D%A11.mp3?v=7gtbe9vaqkwabeie04mp42n3x9xpv75
22:48:53 INFO 保存：从者语音\AlterEgo\马纳南·麦克·利尔〔巴泽特〕\宝具卡1.mp3
22:48:53 INFO 下载：https://media.fgo.wiki/e/e8/SV336_0_%E5%AE%9D%E5%85%B7%E5%8D%A12.mp3?v=bllgahvve4p4lrhkcbt79uktxnz2a36
22:48:54 INFO 保存：从者语音\AlterEgo\马纳南·麦克·利尔〔巴泽特〕\宝具卡2.mp3
22:48:54 INFO 下载：https://media.fgo.wiki/e/ed/SV336_0_%E5%AE%9D%E5%85%B7%E5%8D%A13.mp3?v=5hnvjlbguchjai6kw2maoqukuk46kz2
22:48:55 INFO 保存：从者语音\AlterEgo\马纳南·麦克·利尔〔巴泽特〕\宝具卡3.mp3
22:48:55 INFO 下载：https://media.fgo.wiki/4/41/SV336_0_%E5%AE%9D%E5%85%B71.mp3?v=mcvgnc6y8rrmvujtd8brw2gztdy484q
22:48:55 INFO 保存：从者语音\AlterEgo\马纳南·麦克·利尔〔巴泽特〕\宝具1.mp3
22:48:55 INFO 下载：https://media.fgo.wiki/4/4a/SV336_0_%E5%AE%9D%E5%85%B72.mp3?v=9gw7zlwmg2gig9y6lrkd4st3ejxehd6
22:48:56 INFO 保存：从者语音\AlterEgo\马纳南·麦克·利尔〔巴泽特〕\宝具2.mp3
22:48:56 INFO 下载：https://media.fgo.wiki/a/ab/SV336_2_%E5%AE%9D%E5%85%B7%E5%8D%A11.mp3?v=kdwhh1yupabd6mdiggw2kj3c87wgk48
22:48:57 INFO 保存：从者语音\AlterEgo\马纳南·麦克·利尔〔巴泽特〕\宝具卡1_2.mp3
22:48:57 INFO 下载：https://media.fgo.wiki/3/3c/SV336_2_%E5%AE%9D%E5%85%B7%E5%8D%A12.mp3?v=p5nx08aypielv650eu5tqjea8ifiay6
22:48:58 INFO 保存：从者语音\AlterEgo\马纳南·麦克·利尔〔巴泽特〕\宝具卡2_2.mp3
22:48:58 INFO 下载：https://media.fgo.wiki/0/08/SV336_2_%E5%AE%9D%E5%85%B7%E5%8D%A13.mp3?v=hqlm0bk6ntbchn80u3rfswyun6ip2n8
22:48:58 INFO 保存：从者语音\AlterEgo\马纳南·麦克·利尔〔巴泽特〕\宝具卡3_2.mp3
22:48:58 INFO 下载：https://media.fgo.wiki/4/40/SV336_2_%E5%AE%9D%E5%85%B71.mp3?v=8i287ag8w6r666koshql2xciltfyjes
22:48:59 INFO 保存：从者语音\AlterEgo\马纳南·麦克·利尔〔巴泽特〕\宝具1_2.mp3
22:48:59 INFO 下载：https://media.fgo.wiki/0/01/SV336_2_%E5%AE%9D%E5%85%B72.mp3?v=b6j33y81wkofrsesyqq6ceu763vvfuc
22:49:00 INFO 保存：从者语音\AlterEgo\马纳南·麦克·利尔〔巴泽特〕\宝具2_2.mp3
22:49:00 INFO 下载：https://media.fgo.wiki/b/b9/SV336_2_%E5%AE%9D%E5%85%B73.mp3?v=eg1fu8xji28b67m9i7k2r11612utgte
22:49:01 INFO 保存：从者语音\AlterEgo\马纳南·麦克·利尔〔巴泽特〕\宝具3.mp3
22:49:01 INFO [154/176] AlterEgo / 超级班扬（Excel FL2）
22:49:03 INFO 同名语音存在多个不同媒体文件，已使用 _2、_3 后缀：宝具卡1、宝具卡2、宝具卡3、宝具1、宝具2、宝具3
22:49:03 INFO 找到 12 条：宝具卡1.mp3、宝具卡2.mp3、宝具卡3.mp3、宝具1.mp3、宝具2.mp3、宝具3.mp3、宝具卡1_2.mp3、宝具卡2_2.mp3、宝具卡3_2.mp3、宝具1_2.mp3、宝具2_2.mp3、宝具3_2.mp3
22:49:03 INFO 下载：https://media.fgo.wiki/1/1c/SV339_0_%E5%AE%9D%E5%85%B7%E5%8D%A11.mp3?v=jefl5zvc5zw8b5bp61a0st5tcfzwqcw
22:49:04 INFO 保存：从者语音\AlterEgo\超级班扬\宝具卡1.mp3
22:49:04 INFO 下载：https://media.fgo.wiki/8/8c/SV339_0_%E5%AE%9D%E5%85%B7%E5%8D%A12.mp3?v=mtetsw2d5thxdmo3zy5qxzvma0o7zk1
22:49:05 INFO 保存：从者语音\AlterEgo\超级班扬\宝具卡2.mp3
22:49:05 INFO 下载：https://media.fgo.wiki/2/20/SV339_0_%E5%AE%9D%E5%85%B7%E5%8D%A13.mp3?v=pu5n3meefyn3hikm1aer94nd3fvfjl7
22:49:06 INFO 保存：从者语音\AlterEgo\超级班扬\宝具卡3.mp3
22:49:06 INFO 下载：https://media.fgo.wiki/0/04/SV339_0_%E5%AE%9D%E5%85%B71.mp3?v=mjohmels6eoghblixzjfjv8rf0p1uo5
22:49:07 INFO 保存：从者语音\AlterEgo\超级班扬\宝具1.mp3
22:49:07 INFO 下载：https://media.fgo.wiki/a/ad/SV339_0_%E5%AE%9D%E5%85%B72.mp3?v=hewgg75lmxyup0qvcspn4kl4sbt6dgn
22:49:08 INFO 保存：从者语音\AlterEgo\超级班扬\宝具2.mp3
22:49:08 INFO 下载：https://media.fgo.wiki/f/f7/SV339_0_%E5%AE%9D%E5%85%B73.mp3?v=0h92sv1l7unxvwuzu4v1p4rnlvibs0w
22:49:10 INFO 保存：从者语音\AlterEgo\超级班扬\宝具3.mp3
22:49:10 INFO 下载：https://media.fgo.wiki/8/84/SV339_2_%E5%AE%9D%E5%85%B7%E5%8D%A11.mp3?v=1pc200v0gmnuepgncomnfpsq4wn68hf
22:49:11 INFO 保存：从者语音\AlterEgo\超级班扬\宝具卡1_2.mp3
22:49:11 INFO 下载：https://media.fgo.wiki/d/da/SV339_2_%E5%AE%9D%E5%85%B7%E5%8D%A12.mp3?v=bhd0glm5uty610qm0ew1n8pq1cciy2p
22:49:12 INFO 保存：从者语音\AlterEgo\超级班扬\宝具卡2_2.mp3
22:49:12 INFO 下载：https://media.fgo.wiki/f/f7/SV339_2_%E5%AE%9D%E5%85%B7%E5%8D%A13.mp3?v=9ffc6no6g9d6f93njkpon2q8tb0t59m
22:49:12 INFO 保存：从者语音\AlterEgo\超级班扬\宝具卡3_2.mp3
22:49:12 INFO 下载：https://media.fgo.wiki/3/38/SV339_2_%E5%AE%9D%E5%85%B71.mp3?v=1rmvhvuqng8n36qeikzhd6fvcrrygrq
22:49:13 INFO 保存：从者语音\AlterEgo\超级班扬\宝具1_2.mp3
22:49:13 INFO 下载：https://media.fgo.wiki/8/84/SV339_2_%E5%AE%9D%E5%85%B72.mp3?v=suy48fqqb0bo1em50f0pdiaaxwcojoz
22:49:14 INFO 保存：从者语音\AlterEgo\超级班扬\宝具2_2.mp3
22:49:14 INFO 下载：https://media.fgo.wiki/e/e4/SV339_2_%E5%AE%9D%E5%85%B73.mp3?v=2xj7xos5yv6ft95pgz74u3mrljeriy3
22:49:15 INFO 保存：从者语音\AlterEgo\超级班扬\宝具3_2.mp3
22:49:15 INFO [155/176] AlterEgo / 格里戈里·拉斯普京（Excel FM2）
22:49:18 INFO 同名语音存在多个不同媒体文件，已使用 _2、_3 后缀：宝具卡1、宝具卡2、宝具卡3、宝具1、宝具2、宝具3
22:49:18 INFO 找到 12 条：宝具卡1.mp3、宝具卡2.mp3、宝具卡3.mp3、宝具1.mp3、宝具2.mp3、宝具3.mp3、宝具卡1_2.mp3、宝具卡2_2.mp3、宝具卡3_2.mp3、宝具1_2.mp3、宝具2_2.mp3、宝具3_2.mp3
22:49:18 INFO 下载：https://media.fgo.wiki/4/43/SV369_0_%E5%AE%9D%E5%85%B7%E5%8D%A11.mp3?v=dy1cuykix9pz40t4dmbztfmykr3chxs
22:49:19 INFO 保存：从者语音\AlterEgo\格里戈里·拉斯普京\宝具卡1.mp3
22:49:19 INFO 下载：https://media.fgo.wiki/5/57/SV369_0_%E5%AE%9D%E5%85%B7%E5%8D%A12.mp3?v=axn61inzowpfa8yeeqf0r2crfz7cubm
22:49:20 INFO 保存：从者语音\AlterEgo\格里戈里·拉斯普京\宝具卡2.mp3
22:49:20 INFO 下载：https://media.fgo.wiki/8/88/SV369_0_%E5%AE%9D%E5%85%B7%E5%8D%A13.mp3?v=kjm2418lyo5id1novsbgwcur5xrp1sg
22:49:21 INFO 保存：从者语音\AlterEgo\格里戈里·拉斯普京\宝具卡3.mp3
22:49:21 INFO 下载：https://media.fgo.wiki/f/f1/SV369_0_%E5%AE%9D%E5%85%B71.mp3?v=jyrajsf3ulp7orwp6talw9eir541839
22:49:22 INFO 保存：从者语音\AlterEgo\格里戈里·拉斯普京\宝具1.mp3
22:49:22 INFO 下载：https://media.fgo.wiki/1/1b/SV369_0_%E5%AE%9D%E5%85%B72.mp3?v=c69qyff7p3yyn6s60tw2hwyqxmum4ae
22:49:24 INFO 保存：从者语音\AlterEgo\格里戈里·拉斯普京\宝具2.mp3
22:49:24 INFO 下载：https://media.fgo.wiki/3/3f/SV369_0_%E5%AE%9D%E5%85%B73.mp3?v=etwb2le7yqbj6maua22nphokwcnzn3q
22:49:25 INFO 保存：从者语音\AlterEgo\格里戈里·拉斯普京\宝具3.mp3
22:49:25 INFO 下载：https://media.fgo.wiki/d/d8/SV369_2_%E5%AE%9D%E5%85%B7%E5%8D%A11.mp3?v=n6yy6gx4zhd88vu8cberhxk995ogcw7
22:49:26 INFO 保存：从者语音\AlterEgo\格里戈里·拉斯普京\宝具卡1_2.mp3
22:49:26 INFO 下载：https://media.fgo.wiki/0/01/SV369_2_%E5%AE%9D%E5%85%B7%E5%8D%A12.mp3?v=2e2woarigpo4uwm6iufs39582np7ubl
22:49:27 INFO 保存：从者语音\AlterEgo\格里戈里·拉斯普京\宝具卡2_2.mp3
22:49:27 INFO 下载：https://media.fgo.wiki/3/36/SV369_2_%E5%AE%9D%E5%85%B7%E5%8D%A13.mp3?v=85bztj6i2tl25dar4hznp1q5rwfvmxk
22:49:27 INFO 保存：从者语音\AlterEgo\格里戈里·拉斯普京\宝具卡3_2.mp3
22:49:27 INFO 下载：https://media.fgo.wiki/5/59/SV369_2_%E5%AE%9D%E5%85%B71.mp3?v=ehxnfq31qojsavf88buyb3qlfs9exuf
22:49:29 INFO 保存：从者语音\AlterEgo\格里戈里·拉斯普京\宝具1_2.mp3
22:49:29 INFO 下载：https://media.fgo.wiki/b/bb/SV369_2_%E5%AE%9D%E5%85%B72.mp3?v=c78liazzf4vmpoxgdqub8w7pzmhxhku
22:49:30 INFO 保存：从者语音\AlterEgo\格里戈里·拉斯普京\宝具2_2.mp3
22:49:30 INFO 下载：https://media.fgo.wiki/0/04/SV369_2_%E5%AE%9D%E5%85%B73.mp3?v=bp90swtjsmdoj2iz58f8ufk20hkczpa
22:49:31 INFO 保存：从者语音\AlterEgo\格里戈里·拉斯普京\宝具3_2.mp3
22:49:31 INFO [156/176] AlterEgo / 幼体／提亚马特（Excel FN2）
22:49:34 INFO 同名语音存在多个不同媒体文件，已使用 _2、_3 后缀：宝具卡1、宝具卡2、宝具卡3、宝具卡4、宝具1、宝具2、宝具3
22:49:34 INFO 找到 14 条：宝具卡1.mp3、宝具卡2.mp3、宝具卡3.mp3、宝具卡4.mp3、宝具1.mp3、宝具2.mp3、宝具3.mp3、宝具卡1_2.mp3、宝具卡2_2.mp3、宝具卡3_2.mp3、宝具卡4_2.mp3、宝具1_2.mp3、宝具2_2.mp3、宝具3_2.mp3
22:49:34 INFO 下载：https://media.fgo.wiki/3/33/SV376_0_%E5%AE%9D%E5%85%B7%E5%8D%A11.mp3?v=8p589divz7bsr3lnfgpig0qsgs0ix0m
22:49:34 INFO 保存：从者语音\AlterEgo\幼体／提亚马特\宝具卡1.mp3
22:49:34 INFO 下载：https://media.fgo.wiki/7/73/SV376_0_%E5%AE%9D%E5%85%B7%E5%8D%A12.mp3?v=m1gp4ue6na4tkgz8483mmmygmvng132
22:49:35 INFO 保存：从者语音\AlterEgo\幼体／提亚马特\宝具卡2.mp3
22:49:35 INFO 下载：https://media.fgo.wiki/0/0f/SV376_0_%E5%AE%9D%E5%85%B7%E5%8D%A13.mp3?v=px8scqvtehtsgw1fjjqv5aohvsjjour
22:49:36 INFO 保存：从者语音\AlterEgo\幼体／提亚马特\宝具卡3.mp3
22:49:36 INFO 下载：https://media.fgo.wiki/f/f1/SV376_0_%E5%AE%9D%E5%85%B7%E5%8D%A14.mp3?v=ecv84zsgubawdnvysox1758j5t3oc6j
22:49:37 INFO 保存：从者语音\AlterEgo\幼体／提亚马特\宝具卡4.mp3
22:49:37 INFO 下载：https://media.fgo.wiki/6/6a/SV376_0_%E5%AE%9D%E5%85%B71.mp3?v=4ltmabxb6bm7h4oix3laid7vq49xjoo
22:49:38 INFO 保存：从者语音\AlterEgo\幼体／提亚马特\宝具1.mp3
22:49:38 INFO 下载：https://media.fgo.wiki/d/d1/SV376_0_%E5%AE%9D%E5%85%B72.mp3?v=olqqtqabr15dq4ad7kkjmiv1cw4lqks
22:49:39 INFO 保存：从者语音\AlterEgo\幼体／提亚马特\宝具2.mp3
22:49:39 INFO 下载：https://media.fgo.wiki/b/ba/SV376_0_%E5%AE%9D%E5%85%B73.mp3?v=g1w7cqszco4e51tjig663kqsz51m0xr
22:49:40 INFO 保存：从者语音\AlterEgo\幼体／提亚马特\宝具3.mp3
22:49:40 INFO 下载：https://media.fgo.wiki/c/c4/SV376_2_%E5%AE%9D%E5%85%B7%E5%8D%A11.mp3?v=dtb25ui50571od0xn5y47bfwdvhzkv9
22:49:41 INFO 保存：从者语音\AlterEgo\幼体／提亚马特\宝具卡1_2.mp3
22:49:41 INFO 下载：https://media.fgo.wiki/5/5e/SV376_2_%E5%AE%9D%E5%85%B7%E5%8D%A12.mp3?v=p72u28jjcbc270jnypowbp0yemuqz5s
22:49:42 INFO 保存：从者语音\AlterEgo\幼体／提亚马特\宝具卡2_2.mp3
22:49:42 INFO 下载：https://media.fgo.wiki/b/b0/SV376_2_%E5%AE%9D%E5%85%B7%E5%8D%A13.mp3?v=6kb2sl4mjsvir9gxfo92q22lqoy00nx
22:49:43 INFO 保存：从者语音\AlterEgo\幼体／提亚马特\宝具卡3_2.mp3
22:49:43 INFO 下载：https://media.fgo.wiki/c/cf/SV376_2_%E5%AE%9D%E5%85%B7%E5%8D%A14.mp3?v=heqhbmeo1qeoq760q88gktj7bpg3pd4
22:49:43 INFO 保存：从者语音\AlterEgo\幼体／提亚马特\宝具卡4_2.mp3
22:49:43 INFO 下载：https://media.fgo.wiki/4/49/SV376_2_%E5%AE%9D%E5%85%B71.mp3?v=qw9xasm7kv58y98a6ai386vbbag5y5l
22:49:45 INFO 保存：从者语音\AlterEgo\幼体／提亚马特\宝具1_2.mp3
22:49:45 INFO 下载：https://media.fgo.wiki/0/06/SV376_2_%E5%AE%9D%E5%85%B72.mp3?v=br9vndp8y7b9iyiqh9qrrcc5qsf45mb
22:49:46 INFO 保存：从者语音\AlterEgo\幼体／提亚马特\宝具2_2.mp3
22:49:46 INFO 下载：https://media.fgo.wiki/3/37/SV376_2_%E5%AE%9D%E5%85%B73.mp3?v=r0zwn8boqvcqap5ua3txz0kz1rrwgbn
22:49:47 INFO 保存：从者语音\AlterEgo\幼体／提亚马特\宝具3_2.mp3
22:49:47 INFO [157/176] AlterEgo / 响＆千键（Excel FO2）
22:52:36 WARNING 请求失败，1.5 秒后重试 (1/5)：https://fgo.wiki/w/%E5%93%8D%EF%BC%86%E5%8D%83%E9%94%AE/%E8%AF%AD%E9%9F%B3；<urlopen error [WinError 10060] 由于连接方在一段时间后没有正确答复或连接的主机没有反应，连接尝试失败。>
22:52:41 INFO 同名语音存在多个不同媒体文件，已使用 _2、_3 后缀：宝具卡1、宝具卡2、宝具卡3、宝具卡4、宝具1、宝具2、宝具3、宝具4
22:52:41 INFO 找到 18 条：宝具卡1.mp3、宝具卡2.mp3、宝具卡3.mp3、宝具卡4.mp3、宝具1.mp3、宝具1_2.mp3、宝具2.mp3、宝具2_2.mp3、宝具3.mp3、宝具4.mp3、宝具卡1_2.mp3、宝具卡2_2.mp3、宝具卡3_2.mp3、宝具卡4_2.mp3、宝具1_3.mp3、宝具2_3.mp3、宝具3_2.mp3、宝具4_2.mp3
22:52:41 INFO 下载：https://media.fgo.wiki/a/a3/SV416_0_%E5%AE%9D%E5%85%B7%E5%8D%A11.mp3?v=3hpp2pohr4ngfi8xql4g4lbprl9xllt
22:52:43 INFO 保存：从者语音\AlterEgo\响＆千键\宝具卡1.mp3
22:52:43 INFO 下载：https://media.fgo.wiki/a/a8/SV416_0_%E5%AE%9D%E5%85%B7%E5%8D%A12.mp3?v=ryfg5ez9dsmxyfu4p9zlqmb5o1pw707
22:52:44 INFO 保存：从者语音\AlterEgo\响＆千键\宝具卡2.mp3
22:52:44 INFO 下载：https://media.fgo.wiki/0/0c/SV416_0_%E5%AE%9D%E5%85%B7%E5%8D%A13.mp3?v=06wtro8zyv4evupxfj2mhy4wtn4l17q
22:52:44 INFO 保存：从者语音\AlterEgo\响＆千键\宝具卡3.mp3
22:52:44 INFO 下载：https://media.fgo.wiki/3/3d/SV416_1_%E5%AE%9D%E5%85%B7%E5%8D%A14.mp3?v=j8lg234dezn4pjd2nxgmdzfucwu4mll
22:52:45 INFO 保存：从者语音\AlterEgo\响＆千键\宝具卡4.mp3
22:52:45 INFO 下载：https://media.fgo.wiki/4/4d/SV416_0_%E5%AE%9D%E5%85%B71.mp3?v=dz7k2fdyj7n2pu8npzej20bzbmb4ynm
22:52:47 INFO 保存：从者语音\AlterEgo\响＆千键\宝具1.mp3
22:52:47 INFO 下载：https://media.fgo.wiki/0/0f/SV416_0_%E5%AE%9D%E5%85%B71-2.mp3?v=p83nvyltcbubk5bcf85wnfrbl4azxkw
22:52:48 INFO 保存：从者语音\AlterEgo\响＆千键\宝具1_2.mp3
22:52:48 INFO 下载：https://media.fgo.wiki/f/f7/SV416_0_%E5%AE%9D%E5%85%B72.mp3?v=591wil968zctf26id53zujdi40lla31
22:52:50 INFO 保存：从者语音\AlterEgo\响＆千键\宝具2.mp3
22:52:50 INFO 下载：https://media.fgo.wiki/5/5f/SV416_0_%E5%AE%9D%E5%85%B72-2.mp3?v=be82g34cynrz31ob3jnnqf2t8a7nvx2
22:52:52 INFO 保存：从者语音\AlterEgo\响＆千键\宝具2_2.mp3
22:52:52 INFO 下载：https://media.fgo.wiki/6/6c/SV416_0_%E5%AE%9D%E5%85%B73.mp3?v=8w8pm2agv7xonpd4q0jsx058glf1atx
22:52:53 INFO 保存：从者语音\AlterEgo\响＆千键\宝具3.mp3
22:52:53 INFO 下载：https://media.fgo.wiki/e/e6/SV416_0_%E5%AE%9D%E5%85%B74.mp3?v=1gc2dng1w7y85jp596hoxx90w8zykdl
22:52:54 INFO 保存：从者语音\AlterEgo\响＆千键\宝具4.mp3
22:52:54 INFO 下载：https://media.fgo.wiki/a/ab/SV416_2_%E5%AE%9D%E5%85%B7%E5%8D%A11.mp3?v=pf1i54b02q83tx8zxddimyc440ak5ah
22:52:55 INFO 保存：从者语音\AlterEgo\响＆千键\宝具卡1_2.mp3
22:52:55 INFO 下载：https://media.fgo.wiki/1/17/SV416_2_%E5%AE%9D%E5%85%B7%E5%8D%A12.mp3?v=2w4du7kzznfifzsrrsisbujui8b3mgm
22:52:56 INFO 保存：从者语音\AlterEgo\响＆千键\宝具卡2_2.mp3
22:52:56 INFO 下载：https://media.fgo.wiki/4/49/SV416_2_%E5%AE%9D%E5%85%B7%E5%8D%A13.mp3?v=49pnn2aise24gp7yy4dts20oapoh1ny
22:52:57 INFO 保存：从者语音\AlterEgo\响＆千键\宝具卡3_2.mp3
22:52:57 INFO 下载：https://media.fgo.wiki/4/41/SV416_2_%E5%AE%9D%E5%85%B7%E5%8D%A14.mp3?v=ce3ii4tue4crc75p55taloc990ibft3
22:53:00 INFO 保存：从者语音\AlterEgo\响＆千键\宝具卡4_2.mp3
22:53:00 INFO 下载：https://media.fgo.wiki/8/8c/SV416_2_%E5%AE%9D%E5%85%B71.mp3?v=lacm7hkekvhjfmc1fi3unpn8kumenxk
22:53:02 INFO 保存：从者语音\AlterEgo\响＆千键\宝具1_3.mp3
22:53:02 INFO 下载：https://media.fgo.wiki/d/da/SV416_2_%E5%AE%9D%E5%85%B72.mp3?v=o6mgqi8p2zm37z96dn1uhpskj9ra5fu
22:53:03 INFO 保存：从者语音\AlterEgo\响＆千键\宝具2_3.mp3
22:53:03 INFO 下载：https://media.fgo.wiki/1/12/SV416_2_%E5%AE%9D%E5%85%B73.mp3?v=g1g06cumly5z3ecijgcmfc179d175bn
22:53:05 INFO 保存：从者语音\AlterEgo\响＆千键\宝具3_2.mp3
22:53:05 INFO 下载：https://media.fgo.wiki/5/5f/SV416_2_%E5%AE%9D%E5%85%B74.mp3?v=63xqxqufnfd14gy82o4dvm8a8o07cod
22:53:06 INFO 保存：从者语音\AlterEgo\响＆千键\宝具4_2.mp3
22:53:06 INFO [158/176] AlterEgo / Kazuradrop（Excel FP2）
22:53:08 INFO 同名语音存在多个不同媒体文件，已使用 _2、_3 后缀：宝具卡1、宝具卡2、宝具卡3、宝具1、宝具2、宝具3
22:53:08 INFO 找到 20 条：宝具卡1.mp3、宝具卡2.mp3、宝具卡3.mp3、宝具1.mp3、宝具2.mp3、宝具3.mp3、宝具卡1_2.mp3、宝具卡2_2.mp3、宝具卡3_2.mp3、宝具1_2.mp3、宝具2_2.mp3、宝具3_2.mp3、宝具卡1_3.mp3、宝具卡2_3.mp3、宝具卡3_3.mp3、宝具1_3.mp3、宝具2_3.mp3、宝具3_3.mp3、宝具4.mp3、宝具5.mp3
22:53:08 INFO 下载：https://media.fgo.wiki/b/b6/SV426_0_%E5%AE%9D%E5%85%B7%E5%8D%A11.mp3?v=jdbf06siu6tarfwww0s5t9ltv3hy1p6
22:53:09 INFO 保存：从者语音\AlterEgo\Kazuradrop\宝具卡1.mp3
22:53:09 INFO 下载：https://media.fgo.wiki/9/97/SV426_0_%E5%AE%9D%E5%85%B7%E5%8D%A12.mp3?v=tw7fxce61dw2b81c8r2wfdewtcig0n7
22:53:10 INFO 保存：从者语音\AlterEgo\Kazuradrop\宝具卡2.mp3
22:53:10 INFO 下载：https://media.fgo.wiki/0/0a/SV426_0_%E5%AE%9D%E5%85%B7%E5%8D%A13.mp3?v=q74grgrm6mmh4chy5pa71ikjp40z7gc
22:53:11 INFO 保存：从者语音\AlterEgo\Kazuradrop\宝具卡3.mp3
22:53:11 INFO 下载：https://media.fgo.wiki/e/e0/SV426_0_%E5%AE%9D%E5%85%B71.mp3?v=kyqzdtl1ri9k2jl93ajn9xirhcl8xlj
22:53:12 INFO 保存：从者语音\AlterEgo\Kazuradrop\宝具1.mp3
22:53:12 INFO 下载：https://media.fgo.wiki/7/74/SV426_0_%E5%AE%9D%E5%85%B72.mp3?v=6lt3svsjdk2ks8bv2c0huposmnlc9kp
22:53:14 INFO 保存：从者语音\AlterEgo\Kazuradrop\宝具2.mp3
22:53:14 INFO 下载：https://media.fgo.wiki/1/12/SV426_0_%E5%AE%9D%E5%85%B73.mp3?v=ccwnyucauh4huewp7xv3s3h6spj2z0k
22:53:16 INFO 保存：从者语音\AlterEgo\Kazuradrop\宝具3.mp3
22:53:16 INFO 下载：https://media.fgo.wiki/f/f6/SV426_1_%E5%AE%9D%E5%85%B7%E5%8D%A11.mp3?v=sqm0vorj0aa61r78e1frnnyz4aqu7aj
22:53:17 INFO 保存：从者语音\AlterEgo\Kazuradrop\宝具卡1_2.mp3
22:53:17 INFO 下载：https://media.fgo.wiki/0/00/SV426_1_%E5%AE%9D%E5%85%B7%E5%8D%A12.mp3?v=oay2wrepynvz88ptdhklcq0dv9dsxui
22:53:18 INFO 保存：从者语音\AlterEgo\Kazuradrop\宝具卡2_2.mp3
22:53:18 INFO 下载：https://media.fgo.wiki/9/94/SV426_1_%E5%AE%9D%E5%85%B7%E5%8D%A13.mp3?v=b222yngehqm5if89n5xmcjg1jfkv57i
22:53:19 INFO 保存：从者语音\AlterEgo\Kazuradrop\宝具卡3_2.mp3
22:53:19 INFO 下载：https://media.fgo.wiki/0/08/SV426_1_%E5%AE%9D%E5%85%B71.mp3?v=pnequn08l32sjdb6ud3pnmw25mvrr1e
22:53:20 INFO 保存：从者语音\AlterEgo\Kazuradrop\宝具1_2.mp3
22:53:20 INFO 下载：https://media.fgo.wiki/9/99/SV426_1_%E5%AE%9D%E5%85%B72.mp3?v=p2fiwszl80k3pew1rnf05lssth5q64n
22:53:21 INFO 保存：从者语音\AlterEgo\Kazuradrop\宝具2_2.mp3
22:53:21 INFO 下载：https://media.fgo.wiki/e/e3/SV426_1_%E5%AE%9D%E5%85%B73.mp3?v=pugpmui22xhlkcmf4l9eemal1mqwsmp
22:53:22 INFO 保存：从者语音\AlterEgo\Kazuradrop\宝具3_2.mp3
22:53:22 INFO 下载：https://media.fgo.wiki/b/b9/SV426_2_%E5%AE%9D%E5%85%B7%E5%8D%A11.mp3?v=crvsub233xdxkdcvbwovc4vewbn2tu1
22:53:23 INFO 保存：从者语音\AlterEgo\Kazuradrop\宝具卡1_3.mp3
22:53:23 INFO 下载：https://media.fgo.wiki/c/cf/SV426_2_%E5%AE%9D%E5%85%B7%E5%8D%A12.mp3?v=1ggvjzj49sijpoosyuuvcs9pdkjkzwk
22:53:24 INFO 保存：从者语音\AlterEgo\Kazuradrop\宝具卡2_3.mp3
22:53:24 INFO 下载：https://media.fgo.wiki/f/f0/SV426_2_%E5%AE%9D%E5%85%B7%E5%8D%A13.mp3?v=mb7az649134dnqmidpvlmqvt2s5qtp2
22:53:25 INFO 保存：从者语音\AlterEgo\Kazuradrop\宝具卡3_3.mp3
22:53:25 INFO 下载：https://media.fgo.wiki/a/aa/SV426_2_%E5%AE%9D%E5%85%B71.mp3?v=3nh1xbcu9bbqpoyr7sjnahn7861bmq5
22:53:26 INFO 保存：从者语音\AlterEgo\Kazuradrop\宝具1_3.mp3
22:53:26 INFO 下载：https://media.fgo.wiki/3/3f/SV426_2_%E5%AE%9D%E5%85%B72.mp3?v=qzxugqwzomp3rbquuafhdnwf4xr7at8
22:53:28 INFO 保存：从者语音\AlterEgo\Kazuradrop\宝具2_3.mp3
22:53:28 INFO 下载：https://media.fgo.wiki/d/d2/SV426_2_%E5%AE%9D%E5%85%B73.mp3?v=qril2xdlp8yzyxk99sy2n8ki4pyz8mm
22:53:29 INFO 保存：从者语音\AlterEgo\Kazuradrop\宝具3_3.mp3
22:53:29 INFO 下载：https://media.fgo.wiki/b/bd/SV426_2_%E5%AE%9D%E5%85%B74.mp3?v=8bk05xca6i2m8wxuu6ixxcdaf8tgoo3
22:53:30 INFO 保存：从者语音\AlterEgo\Kazuradrop\宝具4.mp3
22:53:30 INFO 下载：https://media.fgo.wiki/b/be/SV426_2_%E5%AE%9D%E5%85%B75.mp3?v=f9bawnnt3ql4oi9g7xioqn9ly36tak5
22:53:31 INFO 保存：从者语音\AlterEgo\Kazuradrop\宝具5.mp3
22:53:31 INFO [159/176] Foreigner / 阿比盖尔·威廉姆斯（Excel FR2）
22:53:33 INFO 同名语音存在多个不同媒体文件，已使用 _2、_3 后缀：宝具卡1、宝具卡2、宝具卡3、宝具1
22:53:33 INFO 找到 8 条：宝具卡1.mp3、宝具卡2.mp3、宝具卡3.mp3、宝具1.mp3、宝具卡1_2.mp3、宝具卡2_2.mp3、宝具卡3_2.mp3、宝具1_2.mp3
22:53:33 INFO 下载：https://media.fgo.wiki/5/5f/%E9%98%BF%E6%AF%94%E7%9B%96%E5%B0%94%C2%B7%E5%AE%9D%E5%85%B7%E5%8D%A11%C2%B7%E7%81%B5%E5%9F%BA%E7%AC%AC%E4%B8%80%E9%98%B6%E6%AE%B5.mp3?v=5bmuc67ypg4oc7c3sykoixg8musgcja
22:53:35 INFO 保存：从者语音\Foreigner\阿比盖尔·威廉姆斯\宝具卡1.mp3
22:53:35 INFO 下载：https://media.fgo.wiki/d/d4/%E9%98%BF%E6%AF%94%E7%9B%96%E5%B0%94%C2%B7%E5%AE%9D%E5%85%B7%E5%8D%A12%C2%B7%E7%81%B5%E5%9F%BA%E7%AC%AC%E4%B8%80%E9%98%B6%E6%AE%B5.mp3?v=qny82ybw6dfjj0fuk40wevye0pk5fdz
22:53:35 INFO 保存：从者语音\Foreigner\阿比盖尔·威廉姆斯\宝具卡2.mp3
22:53:35 INFO 下载：https://media.fgo.wiki/b/b6/%E9%98%BF%E6%AF%94%E7%9B%96%E5%B0%94%C2%B7%E5%AE%9D%E5%85%B7%E5%8D%A13%C2%B7%E7%81%B5%E5%9F%BA%E7%AC%AC%E4%B8%80%E9%98%B6%E6%AE%B5.mp3?v=1hjp05mvhze74dwld1w5410elyfczny
22:53:37 INFO 保存：从者语音\Foreigner\阿比盖尔·威廉姆斯\宝具卡3.mp3
22:53:37 INFO 下载：https://media.fgo.wiki/7/77/%E9%98%BF%E6%AF%94%E7%9B%96%E5%B0%94%C2%B7%E5%AE%9D%E5%85%B7%C2%B7%E7%81%B5%E5%9F%BA%E7%AC%AC%E4%B8%80%E9%98%B6%E6%AE%B5.mp3?v=6o6yk0fgzkls046kuf7liseoqwfjuxo
22:53:38 INFO 保存：从者语音\Foreigner\阿比盖尔·威廉姆斯\宝具1.mp3
22:53:38 INFO 下载：https://media.fgo.wiki/0/0a/%E9%98%BF%E6%AF%94%E7%9B%96%E5%B0%94%C2%B7%E5%AE%9D%E5%85%B7%E5%8D%A11%C2%B7%E7%81%B5%E5%9F%BA%E7%AC%AC%E4%BA%8C%E9%98%B6%E6%AE%B5%E5%90%8E.mp3?v=c0vcs3yufbls1uuoh54wwaawf8fq66b
22:53:39 INFO 保存：从者语音\Foreigner\阿比盖尔·威廉姆斯\宝具卡1_2.mp3
22:53:39 INFO 下载：https://media.fgo.wiki/b/bc/%E9%98%BF%E6%AF%94%E7%9B%96%E5%B0%94%C2%B7%E5%AE%9D%E5%85%B7%E5%8D%A12%C2%B7%E7%81%B5%E5%9F%BA%E7%AC%AC%E4%BA%8C%E9%98%B6%E6%AE%B5%E5%90%8E.mp3?v=1abdj5co9btkbpdk6pdu7ucf4uvdm90
22:53:40 INFO 保存：从者语音\Foreigner\阿比盖尔·威廉姆斯\宝具卡2_2.mp3
22:53:40 INFO 下载：https://media.fgo.wiki/0/03/%E9%98%BF%E6%AF%94%E7%9B%96%E5%B0%94%C2%B7%E5%AE%9D%E5%85%B7%E5%8D%A13%C2%B7%E7%81%B5%E5%9F%BA%E7%AC%AC%E4%BA%8C%E9%98%B6%E6%AE%B5%E5%90%8E.mp3?v=43efkayqc0qs9b4wojpxf4hojhoedy3
22:53:43 INFO 保存：从者语音\Foreigner\阿比盖尔·威廉姆斯\宝具卡3_2.mp3
22:53:43 INFO 下载：https://media.fgo.wiki/4/4a/%E9%98%BF%E6%AF%94%E7%9B%96%E5%B0%94%C2%B7%E5%AE%9D%E5%85%B7%C2%B7%E7%81%B5%E5%9F%BA%E7%AC%AC%E4%BA%8C%E9%98%B6%E6%AE%B5%E5%90%8E.mp3?v=6hecz4x0uxwox0b050r6a50cbqq0l03
22:53:45 INFO 保存：从者语音\Foreigner\阿比盖尔·威廉姆斯\宝具1_2.mp3
22:53:45 INFO [160/176] Foreigner / 葛饰北斋（Excel FS2）
22:53:48 INFO 同名语音存在多个不同媒体文件，已使用 _2、_3 后缀：宝具卡1、宝具卡2、宝具卡3、宝具1
22:53:48 INFO 找到 8 条：宝具卡1.mp3、宝具卡2.mp3、宝具卡3.mp3、宝具1.mp3、宝具卡1_2.mp3、宝具卡2_2.mp3、宝具卡3_2.mp3、宝具1_2.mp3
22:53:48 INFO 下载：https://media.fgo.wiki/e/e8/%E9%98%BF%E8%8D%A3-%E5%AE%9D%E5%85%B7%E5%8D%A11.ogg?v=mwnlyibf2ln77jzpjcqwkv3jvymp7ii
22:53:49 INFO 保存：从者语音\Foreigner\葛饰北斋\宝具卡1.mp3
22:53:49 INFO 下载：https://media.fgo.wiki/d/d1/%E9%98%BF%E8%8D%A3-%E5%AE%9D%E5%85%B7%E5%8D%A12.ogg?v=lxgys5tad415ulyaj0khr5srfolf9ru
22:53:50 INFO 保存：从者语音\Foreigner\葛饰北斋\宝具卡2.mp3
22:53:50 INFO 下载：https://media.fgo.wiki/a/ad/%E9%98%BF%E8%8D%A3-%E5%AE%9D%E5%85%B7%E5%8D%A13.ogg?v=7isl3xyjn4jkyut2827v3sr7ltvlf4r
22:53:52 INFO 保存：从者语音\Foreigner\葛饰北斋\宝具卡3.mp3
22:53:52 INFO 下载：https://media.fgo.wiki/e/e9/%E9%98%BF%E8%8D%A3-%E5%AE%9D%E5%85%B7.ogg?v=ocp3ea58zdmr37yi4lbtyoohocp4oka
22:53:53 INFO 保存：从者语音\Foreigner\葛饰北斋\宝具1.mp3
22:53:53 INFO 下载：https://media.fgo.wiki/2/2c/%E5%8C%97%E6%96%8B-%E5%AE%9D%E5%85%B7%E5%8D%A11.ogg?v=6cks3om9fjp960bpxucx5udzgs4q3jw
22:53:54 INFO 保存：从者语音\Foreigner\葛饰北斋\宝具卡1_2.mp3
22:53:54 INFO 下载：https://media.fgo.wiki/f/f2/%E5%8C%97%E6%96%8B-%E5%AE%9D%E5%85%B7%E5%8D%A12.ogg?v=4ffzr3e68s7cr1u8uhgx836seyohc51
22:53:55 INFO 保存：从者语音\Foreigner\葛饰北斋\宝具卡2_2.mp3
22:53:55 INFO 下载：https://media.fgo.wiki/0/0e/%E5%8C%97%E6%96%8B-%E5%AE%9D%E5%85%B7%E5%8D%A13.ogg?v=rpc256nordqnyq34hufi3j4hh9cr1fp
22:53:56 INFO 保存：从者语音\Foreigner\葛饰北斋\宝具卡3_2.mp3
22:53:56 INFO 下载：https://media.fgo.wiki/a/a3/%E5%8C%97%E6%96%8B-%E5%AE%9D%E5%85%B7.ogg?v=aonbhmnpnfgqq14qpnz6240wlozhn8l
22:53:58 INFO 保存：从者语音\Foreigner\葛饰北斋\宝具1_2.mp3
22:53:58 INFO [161/176] Foreigner / 杨贵妃（Excel FT2）
22:54:01 INFO 同名语音存在多个不同媒体文件，已使用 _2、_3 后缀：宝具卡1、宝具卡2、宝具1
22:54:01 INFO 找到 6 条：宝具卡1.mp3、宝具卡2.mp3、宝具1.mp3、宝具卡1_2.mp3、宝具卡2_2.mp3、宝具1_2.mp3
22:54:01 INFO 下载：https://media.fgo.wiki/3/34/SV275_0_%E5%AE%9D%E5%85%B7%E5%8D%A11.mp3?v=e5e1pkmn8ggkja4j36jk8qbb8tbzbu8
22:54:02 INFO 保存：从者语音\Foreigner\杨贵妃\宝具卡1.mp3
22:54:02 INFO 下载：https://media.fgo.wiki/2/23/SV275_0_%E5%AE%9D%E5%85%B7%E5%8D%A12.mp3?v=cckrenul1auhi8rxhe71q52ihwihh3r
22:54:03 INFO 保存：从者语音\Foreigner\杨贵妃\宝具卡2.mp3
22:54:03 INFO 下载：https://media.fgo.wiki/2/2d/SV275_0_%E5%AE%9D%E5%85%B7.mp3?v=oym9gyefjdrzgeger722tntwnkfe8x7
22:54:05 INFO 保存：从者语音\Foreigner\杨贵妃\宝具1.mp3
22:54:05 INFO 下载：https://media.fgo.wiki/4/4b/SV275_2_%E5%AE%9D%E5%85%B7%E5%8D%A11.mp3?v=c8negld8agh1hj5q84x9106vbem9dz8
22:54:06 INFO 保存：从者语音\Foreigner\杨贵妃\宝具卡1_2.mp3
22:54:06 INFO 下载：https://media.fgo.wiki/9/9f/SV275_2_%E5%AE%9D%E5%85%B7%E5%8D%A12.mp3?v=6qxrr41th22n914euykvmee5tc5di5d
22:54:07 INFO 保存：从者语音\Foreigner\杨贵妃\宝具卡2_2.mp3
22:54:07 INFO 下载：https://media.fgo.wiki/3/3b/SV275_2_%E5%AE%9D%E5%85%B7.mp3?v=i9olgp082f6pvp8shxhobjpzsplb539
22:54:08 INFO 保存：从者语音\Foreigner\杨贵妃\宝具1_2.mp3
22:54:08 INFO [162/176] Foreigner / 旅行者（Excel FU2）
22:54:11 INFO 同名语音存在多个不同媒体文件，已使用 _2、_3 后缀：宝具卡1、宝具卡2、宝具1
22:54:11 INFO 找到 6 条：宝具卡1.mp3、宝具卡2.mp3、宝具1.mp3、宝具卡1_2.mp3、宝具卡2_2.mp3、宝具1_2.mp3
22:54:11 INFO 下载：https://media.fgo.wiki/2/27/SV281_0_%E5%AE%9D%E5%85%B7%E5%8D%A11.mp3?v=9tzfs6fhg7zuokkokjk8pn83k118vuy
22:54:12 INFO 保存：从者语音\Foreigner\旅行者\宝具卡1.mp3
22:54:12 INFO 下载：https://media.fgo.wiki/e/e6/SV281_0_%E5%AE%9D%E5%85%B7%E5%8D%A12.mp3?v=2bfabz3cku7popniwmv2rx3qfhvo7i7
22:54:12 INFO 保存：从者语音\Foreigner\旅行者\宝具卡2.mp3
22:54:12 INFO 下载：https://media.fgo.wiki/2/2e/SV281_0_%E5%AE%9D%E5%85%B7.mp3?v=7cn64jm6o3k99k17yn3u6vly3wd4dhx
22:54:14 INFO 保存：从者语音\Foreigner\旅行者\宝具1.mp3
22:54:14 INFO 下载：https://media.fgo.wiki/7/76/SV281_2_%E5%AE%9D%E5%85%B7%E5%8D%A11.mp3?v=sdqwubcfsyma7g39g6y25gzsc6mhmd2
22:54:15 INFO 保存：从者语音\Foreigner\旅行者\宝具卡1_2.mp3
22:54:15 INFO 下载：https://media.fgo.wiki/4/42/SV281_2_%E5%AE%9D%E5%85%B7%E5%8D%A12.mp3?v=58mlghr7fzp2r14fj6toywfshmcwzl0
22:54:15 INFO 保存：从者语音\Foreigner\旅行者\宝具卡2_2.mp3
22:54:15 INFO 下载：https://media.fgo.wiki/a/a8/SV281_2_%E5%AE%9D%E5%85%B7.mp3?v=321bvam36kvhrjmzu2pp47upza606v0
22:54:17 INFO 保存：从者语音\Foreigner\旅行者\宝具1_2.mp3
22:54:17 INFO [163/176] Foreigner / 阿比盖尔·威廉姆斯〔夏〕（Excel FV2）
22:54:21 INFO 同名语音存在多个不同媒体文件，已使用 _2、_3 后缀：宝具卡1、宝具卡2、宝具卡3、宝具1、宝具2
22:54:21 INFO 找到 15 条：宝具卡1.mp3、宝具卡2.mp3、宝具卡3.mp3、宝具1.mp3、宝具2.mp3、宝具卡1_2.mp3、宝具卡2_2.mp3、宝具卡3_2.mp3、宝具1_2.mp3、宝具2_2.mp3、宝具卡1_3.mp3、宝具卡2_3.mp3、宝具卡3_3.mp3、宝具1_3.mp3、宝具2_3.mp3
22:54:21 INFO 下载：https://media.fgo.wiki/e/e5/SV289_0_%E5%AE%9D%E5%85%B7%E5%8D%A11.mp3?v=5diid0kghuj1908djd564626remt586
22:54:22 INFO 保存：从者语音\Foreigner\阿比盖尔·威廉姆斯〔夏〕\宝具卡1.mp3
22:54:22 INFO 下载：https://media.fgo.wiki/3/3c/SV289_0_%E5%AE%9D%E5%85%B7%E5%8D%A12.mp3?v=bnttw833st5cnup63wxf6lkasv8iejc
22:54:23 INFO 保存：从者语音\Foreigner\阿比盖尔·威廉姆斯〔夏〕\宝具卡2.mp3
22:54:23 INFO 下载：https://media.fgo.wiki/e/e0/SV289_0_%E5%AE%9D%E5%85%B7%E5%8D%A13.mp3?v=tl7wqoal2x6mtclee042kbjj1d4owaj
22:54:25 INFO 保存：从者语音\Foreigner\阿比盖尔·威廉姆斯〔夏〕\宝具卡3.mp3
22:54:25 INFO 下载：https://media.fgo.wiki/f/fe/SV289_0_%E5%AE%9D%E5%85%B71.mp3?v=0wkkj56eo0r9o3iazuws0gcpgg3hoxn
22:54:27 INFO 保存：从者语音\Foreigner\阿比盖尔·威廉姆斯〔夏〕\宝具1.mp3
22:54:27 INFO 下载：https://media.fgo.wiki/5/59/SV289_0_%E5%AE%9D%E5%85%B72.mp3?v=bwmwzixsjp7iqz9rxan4liptjbyqdpc
22:54:28 INFO 保存：从者语音\Foreigner\阿比盖尔·威廉姆斯〔夏〕\宝具2.mp3
22:54:28 INFO 下载：https://media.fgo.wiki/1/1d/SV289_1_%E5%AE%9D%E5%85%B7%E5%8D%A11.mp3?v=g9e5cq6rvgf01zm3x79qib3rehy4chn
22:54:29 INFO 保存：从者语音\Foreigner\阿比盖尔·威廉姆斯〔夏〕\宝具卡1_2.mp3
22:54:29 INFO 下载：https://media.fgo.wiki/4/43/SV289_1_%E5%AE%9D%E5%85%B7%E5%8D%A12.mp3?v=1jcn1ueihb1ukdfq64vd4ayd91x5mwc
22:54:30 INFO 保存：从者语音\Foreigner\阿比盖尔·威廉姆斯〔夏〕\宝具卡2_2.mp3
22:54:30 INFO 下载：https://media.fgo.wiki/5/54/SV289_1_%E5%AE%9D%E5%85%B7%E5%8D%A13.mp3?v=eep4h6y20a600j34jznirsjxy48fva9
22:54:31 INFO 保存：从者语音\Foreigner\阿比盖尔·威廉姆斯〔夏〕\宝具卡3_2.mp3
22:54:31 INFO 下载：https://media.fgo.wiki/f/f8/SV289_1_%E5%AE%9D%E5%85%B71.mp3?v=ggjhdyogg3azali4g3ebyknzyef5707
22:54:32 INFO 保存：从者语音\Foreigner\阿比盖尔·威廉姆斯〔夏〕\宝具1_2.mp3
22:54:32 INFO 下载：https://media.fgo.wiki/d/d5/SV289_1_%E5%AE%9D%E5%85%B72.mp3?v=pxiu7tgvktiwl3jn6sw8pcsg72m607b
22:54:33 INFO 保存：从者语音\Foreigner\阿比盖尔·威廉姆斯〔夏〕\宝具2_2.mp3
22:54:33 INFO 下载：https://media.fgo.wiki/a/a2/SV289_2_%E5%AE%9D%E5%85%B7%E5%8D%A11.mp3?v=86zcqmeg8w90zrs6bqsju8l9s9f9rsz
22:54:34 INFO 保存：从者语音\Foreigner\阿比盖尔·威廉姆斯〔夏〕\宝具卡1_3.mp3
22:54:34 INFO 下载：https://media.fgo.wiki/3/32/SV289_2_%E5%AE%9D%E5%85%B7%E5%8D%A12.mp3?v=faktb6hnfuxinujwnawnp0dtsgnejm9
22:54:36 INFO 保存：从者语音\Foreigner\阿比盖尔·威廉姆斯〔夏〕\宝具卡2_3.mp3
22:54:36 INFO 下载：https://media.fgo.wiki/b/b1/SV289_2_%E5%AE%9D%E5%85%B7%E5%8D%A13.mp3?v=30nsgj95hnvhj8465xpv7mwgku2g3sl
22:54:36 INFO 保存：从者语音\Foreigner\阿比盖尔·威廉姆斯〔夏〕\宝具卡3_3.mp3
22:54:36 INFO 下载：https://media.fgo.wiki/b/b2/SV289_2_%E5%AE%9D%E5%85%B71.mp3?v=ots4zpii61r9g8hgfokfj0apz5qs2nf
22:54:38 INFO 保存：从者语音\Foreigner\阿比盖尔·威廉姆斯〔夏〕\宝具1_3.mp3
22:54:38 INFO 下载：https://media.fgo.wiki/a/a0/SV289_2_%E5%AE%9D%E5%85%B72.mp3?v=ili01dh58mjdl6d9fc5mkmb7al996zj
22:54:39 INFO 保存：从者语音\Foreigner\阿比盖尔·威廉姆斯〔夏〕\宝具2_3.mp3
22:54:39 INFO [164/176] Foreigner / 梵高（Excel FW2）
22:54:43 INFO 同名语音存在多个不同媒体文件，已使用 _2、_3 后缀：宝具卡1、宝具卡2、宝具1、宝具2
22:54:43 INFO 找到 8 条：宝具卡1.mp3、宝具卡2.mp3、宝具1.mp3、宝具2.mp3、宝具卡1_2.mp3、宝具卡2_2.mp3、宝具1_2.mp3、宝具2_2.mp3
22:54:43 INFO 下载：https://media.fgo.wiki/0/0b/SV295_0_%E5%AE%9D%E5%85%B7%E5%8D%A11.mp3?v=astkehh7zbbmqrz4pz45wq1u8mqp2cy
22:54:44 INFO 保存：从者语音\Foreigner\梵高\宝具卡1.mp3
22:54:44 INFO 下载：https://media.fgo.wiki/8/88/SV295_0_%E5%AE%9D%E5%85%B7%E5%8D%A12.mp3?v=abfeh8tcvcolefg07av9rea70xl5x7o
22:54:45 INFO 保存：从者语音\Foreigner\梵高\宝具卡2.mp3
22:54:45 INFO 下载：https://media.fgo.wiki/4/4a/SV295_0_%E5%AE%9D%E5%85%B71.mp3?v=dljz29qnr3sx7bzetfrs4htqtuplc0s
22:54:46 INFO 保存：从者语音\Foreigner\梵高\宝具1.mp3
22:54:46 INFO 下载：https://media.fgo.wiki/1/1e/SV295_0_%E5%AE%9D%E5%85%B72.mp3?v=87wo7d8nyolgw9nd9fjon3tzuba8lwf
22:54:47 INFO 保存：从者语音\Foreigner\梵高\宝具2.mp3
22:54:47 INFO 下载：https://media.fgo.wiki/e/ed/SV295_1_%E5%AE%9D%E5%85%B7%E5%8D%A11.mp3?v=4katv2e4m3n7w5hp8a9qvl9mkzh8vxo
22:54:48 INFO 保存：从者语音\Foreigner\梵高\宝具卡1_2.mp3
22:54:48 INFO 下载：https://media.fgo.wiki/1/10/SV295_1_%E5%AE%9D%E5%85%B7%E5%8D%A12.mp3?v=a3d6tt9w472o912mu0vja5q0j23zuly
22:54:50 INFO 保存：从者语音\Foreigner\梵高\宝具卡2_2.mp3
22:54:50 INFO 下载：https://media.fgo.wiki/5/51/SV295_1_%E5%AE%9D%E5%85%B71.mp3?v=r8xidy017m4wpx2tj0857y9k7rxlycu
22:54:51 INFO 保存：从者语音\Foreigner\梵高\宝具1_2.mp3
22:54:51 INFO 下载：https://media.fgo.wiki/4/47/SV295_1_%E5%AE%9D%E5%85%B72.mp3?v=17d0x21juodw3tlxzkbo2etvckdr3x9
22:54:52 INFO 保存：从者语音\Foreigner\梵高\宝具2_2.mp3
22:54:52 INFO [165/176] Foreigner / 雅克·德·莫莱（Excel FX2）
22:54:56 INFO 同名语音存在多个不同媒体文件，已使用 _2、_3 后缀：宝具卡1、宝具卡2、宝具1、宝具2
22:54:56 INFO 找到 8 条：宝具卡1.mp3、宝具卡2.mp3、宝具1.mp3、宝具2.mp3、宝具卡1_2.mp3、宝具卡2_2.mp3、宝具1_2.mp3、宝具2_2.mp3
22:54:56 INFO 下载：https://media.fgo.wiki/c/ca/SV324_0_%E5%AE%9D%E5%85%B7%E5%8D%A11.mp3?v=no08ksstuwz8er9fiy4hdk8gg6shhjk
22:54:56 INFO 保存：从者语音\Foreigner\雅克·德·莫莱\宝具卡1.mp3
22:54:56 INFO 下载：https://media.fgo.wiki/2/28/SV324_0_%E5%AE%9D%E5%85%B7%E5%8D%A12.mp3?v=n8vgrg1v3vjwgqqn1u0xq0v3i1674pu
22:54:57 INFO 保存：从者语音\Foreigner\雅克·德·莫莱\宝具卡2.mp3
22:54:57 INFO 下载：https://media.fgo.wiki/c/c6/SV324_0_%E5%AE%9D%E5%85%B71.mp3?v=e6kkyj0853ijaglkxlcnhkoz7usl66v
22:54:59 INFO 保存：从者语音\Foreigner\雅克·德·莫莱\宝具1.mp3
22:54:59 INFO 下载：https://media.fgo.wiki/3/3f/SV324_0_%E5%AE%9D%E5%85%B72.mp3?v=jfsnf7601mcwvqf2olv2doaqehpvy29
22:55:01 INFO 保存：从者语音\Foreigner\雅克·德·莫莱\宝具2.mp3
22:55:01 INFO 下载：https://media.fgo.wiki/1/18/SV324_2_%E5%AE%9D%E5%85%B7%E5%8D%A11.mp3?v=pqogdz0m3v3z5fg52vfqikyt5nmn354
22:55:02 INFO 保存：从者语音\Foreigner\雅克·德·莫莱\宝具卡1_2.mp3
22:55:02 INFO 下载：https://media.fgo.wiki/9/97/SV324_2_%E5%AE%9D%E5%85%B7%E5%8D%A12.mp3?v=4hlop6te7lmjvd9gxez0pe8oclbi85l
22:55:03 INFO 保存：从者语音\Foreigner\雅克·德·莫莱\宝具卡2_2.mp3
22:55:03 INFO 下载：https://media.fgo.wiki/f/fe/SV324_2_%E5%AE%9D%E5%85%B71.mp3?v=i7rc3wlo2a73isvnd3u8vug3l8bmfil
22:55:04 INFO 保存：从者语音\Foreigner\雅克·德·莫莱\宝具1_2.mp3
22:55:04 INFO 下载：https://media.fgo.wiki/7/78/SV324_2_%E5%AE%9D%E5%85%B72.mp3?v=peet28ssmuk150plc14as9suc9ccv5w
22:55:05 INFO 保存：从者语音\Foreigner\雅克·德·莫莱\宝具2_2.mp3
22:55:05 INFO [166/176] Foreigner / 暗之高扬斯卡娅（Excel FY2）
22:55:08 INFO 同名语音存在多个不同媒体文件，已使用 _2、_3 后缀：宝具卡1、宝具卡2、宝具卡3、宝具1、宝具2、宝具3
22:55:08 INFO 找到 13 条：宝具卡1.mp3、宝具卡2.mp3、宝具卡3.mp3、宝具1.mp3、宝具2.mp3、宝具3.mp3、宝具3_2.mp3、宝具卡1_2.mp3、宝具卡2_2.mp3、宝具卡3_2.mp3、宝具1_2.mp3、宝具2_2.mp3、宝具3_3.mp3
22:55:08 INFO 下载：https://media.fgo.wiki/3/36/SV334_0_%E5%AE%9D%E5%85%B7%E5%8D%A11.mp3?v=tlsorxx7ivyyab64zyruar91hy7v26r
22:55:09 INFO 保存：从者语音\Foreigner\暗之高扬斯卡娅\宝具卡1.mp3
22:55:09 INFO 下载：https://media.fgo.wiki/6/63/SV334_0_%E5%AE%9D%E5%85%B7%E5%8D%A12.mp3?v=pac7vi8v2g6b4i6daqp53fjno6idrp4
22:55:09 INFO 保存：从者语音\Foreigner\暗之高扬斯卡娅\宝具卡2.mp3
22:55:09 INFO 下载：https://media.fgo.wiki/d/d5/SV334_0_%E5%AE%9D%E5%85%B7%E5%8D%A13.mp3?v=ciakg157pbmy9gk9g16t7dtttxs0xrc
22:55:10 INFO 保存：从者语音\Foreigner\暗之高扬斯卡娅\宝具卡3.mp3
22:55:10 INFO 下载：https://media.fgo.wiki/6/68/SV334_0_%E5%AE%9D%E5%85%B71.mp3?v=1d4ez85btbwyko5t5tt8z7e9yp94soh
22:55:11 INFO 保存：从者语音\Foreigner\暗之高扬斯卡娅\宝具1.mp3
22:55:11 INFO 下载：https://media.fgo.wiki/3/34/SV334_0_%E5%AE%9D%E5%85%B72.mp3?v=mmbouyo9p9s9c58oh2m5fb9zavm7flr
22:55:13 INFO 保存：从者语音\Foreigner\暗之高扬斯卡娅\宝具2.mp3
22:55:13 INFO 下载：https://media.fgo.wiki/b/b7/SV334_0_%E5%AE%9D%E5%85%B73.mp3?v=83rr863f0d4bfu9posar1rrvq6ko49j
22:55:14 INFO 保存：从者语音\Foreigner\暗之高扬斯卡娅\宝具3.mp3
22:55:14 INFO 下载：https://media.fgo.wiki/c/cb/SV334_1_%E5%AE%9D%E5%85%B73.mp3?v=fdpigakp0nao7y653a56c7d9fv5ssg3
22:55:16 INFO 保存：从者语音\Foreigner\暗之高扬斯卡娅\宝具3_2.mp3
22:55:16 INFO 下载：https://media.fgo.wiki/7/79/SV334_2_%E5%AE%9D%E5%85%B7%E5%8D%A11.mp3?v=plsnuipcfsvehwbikxlptf0nkrcfe9r
22:55:17 INFO 保存：从者语音\Foreigner\暗之高扬斯卡娅\宝具卡1_2.mp3
22:55:17 INFO 下载：https://media.fgo.wiki/1/13/SV334_2_%E5%AE%9D%E5%85%B7%E5%8D%A12.mp3?v=5cvbt3iszyvj86i6eygnzbc6yrehbn0
22:55:18 INFO 保存：从者语音\Foreigner\暗之高扬斯卡娅\宝具卡2_2.mp3
22:55:18 INFO 下载：https://media.fgo.wiki/a/ac/SV334_2_%E5%AE%9D%E5%85%B7%E5%8D%A13.mp3?v=38b3v1ef5g2fo92gzb764wmsbq6ptjg
22:55:18 INFO 保存：从者语音\Foreigner\暗之高扬斯卡娅\宝具卡3_2.mp3
22:55:18 INFO 下载：https://media.fgo.wiki/c/c6/SV334_2_%E5%AE%9D%E5%85%B71.mp3?v=fsk5lgnvh084skqd2er3m8val3r4atx
22:55:20 INFO 保存：从者语音\Foreigner\暗之高扬斯卡娅\宝具1_2.mp3
22:55:20 INFO 下载：https://media.fgo.wiki/1/12/SV334_2_%E5%AE%9D%E5%85%B72.mp3?v=9hfhmuh7ghzr0ztvi37cqebe26cuif6
22:55:21 INFO 保存：从者语音\Foreigner\暗之高扬斯卡娅\宝具2_2.mp3
22:55:21 INFO 下载：https://media.fgo.wiki/d/d6/SV334_2_%E5%AE%9D%E5%85%B73.mp3?v=9v9qivimleqjqwyuxnijxelid5kaw96
22:55:22 INFO 保存：从者语音\Foreigner\暗之高扬斯卡娅\宝具3_3.mp3
22:55:22 INFO [167/176] Foreigner / 库库尔坎（Excel FZ2）
22:58:11 WARNING 请求失败，1.8 秒后重试 (1/5)：https://fgo.wiki/w/%E5%BA%93%E5%BA%93%E5%B0%94%E5%9D%8E/%E8%AF%AD%E9%9F%B3；<urlopen error [WinError 10060] 由于连接方在一段时间后没有正确答复或连接的主机没有反应，连接尝试失败。>
23:01:01 WARNING 请求失败，3.0 秒后重试 (2/5)：https://fgo.wiki/w/%E5%BA%93%E5%BA%93%E5%B0%94%E5%9D%8E/%E8%AF%AD%E9%9F%B3；<urlopen error [WinError 10060] 由于连接方在一段时间后没有正确答复或连接的主机没有反应，连接尝试失败。>
23:01:08 INFO 同名语音存在多个不同媒体文件，已使用 _2、_3 后缀：宝具卡1、宝具卡2、宝具卡3、宝具1、宝具2、宝具3
23:01:08 INFO 找到 18 条：宝具卡1.mp3、宝具卡2.mp3、宝具卡3.mp3、宝具1.mp3、宝具2.mp3、宝具3.mp3、宝具卡1_2.mp3、宝具卡2_2.mp3、宝具卡3_2.mp3、宝具1_2.mp3、宝具2_2.mp3、宝具3_2.mp3、宝具卡1_3.mp3、宝具卡2_3.mp3、宝具卡3_3.mp3、宝具1_3.mp3、宝具2_3.mp3、宝具3_3.mp3
23:01:08 INFO 下载：https://media.fgo.wiki/e/e2/SV373_0_%E5%AE%9D%E5%85%B7%E5%8D%A11.mp3?v=agdej86f9x00rzsiewlc2clsqe1ch12
23:01:10 INFO 保存：从者语音\Foreigner\库库尔坎\宝具卡1.mp3
23:01:10 INFO 下载：https://media.fgo.wiki/7/7c/SV373_0_%E5%AE%9D%E5%85%B7%E5%8D%A12.mp3?v=pjmqewrkleumymuvr3rt6p8pwpsrwu9
23:01:11 INFO 保存：从者语音\Foreigner\库库尔坎\宝具卡2.mp3
23:01:11 INFO 下载：https://media.fgo.wiki/0/0e/SV373_0_%E5%AE%9D%E5%85%B7%E5%8D%A13.mp3?v=8n56f26f73fzl92zmd9emttv1ddfak6
23:01:12 INFO 保存：从者语音\Foreigner\库库尔坎\宝具卡3.mp3
23:01:12 INFO 下载：https://media.fgo.wiki/0/06/SV373_0_%E5%AE%9D%E5%85%B71.mp3?v=eyz8w4dkfwyt3l1s8y6s1hklyczyjai
23:01:13 INFO 保存：从者语音\Foreigner\库库尔坎\宝具1.mp3
23:01:13 INFO 下载：https://media.fgo.wiki/b/bb/SV373_0_%E5%AE%9D%E5%85%B72.mp3?v=dvvr4swpg7q6lmbcl4vhtwg8h1iw0bz
23:01:16 INFO 保存：从者语音\Foreigner\库库尔坎\宝具2.mp3
23:01:16 INFO 下载：https://media.fgo.wiki/1/12/SV373_0_%E5%AE%9D%E5%85%B73.mp3?v=s9e4hzmadet8oyqzu4cnq7obdcdz7un
23:01:18 INFO 保存：从者语音\Foreigner\库库尔坎\宝具3.mp3
23:01:18 INFO 下载：https://media.fgo.wiki/e/e7/SV373_1_%E5%AE%9D%E5%85%B7%E5%8D%A11.mp3?v=j89eg09kdz3h5uafbmjdld5k248n5e9
23:01:20 INFO 保存：从者语音\Foreigner\库库尔坎\宝具卡1_2.mp3
23:01:20 INFO 下载：https://media.fgo.wiki/2/24/SV373_1_%E5%AE%9D%E5%85%B7%E5%8D%A12.mp3?v=pqb7gnrwc6bjy751ume56hofqlndrxt
23:01:21 INFO 保存：从者语音\Foreigner\库库尔坎\宝具卡2_2.mp3
23:01:21 INFO 下载：https://media.fgo.wiki/a/aa/SV373_1_%E5%AE%9D%E5%85%B7%E5%8D%A13.mp3?v=aigdtpz3n6288qyvemzovsusmvpcek3
23:01:22 INFO 保存：从者语音\Foreigner\库库尔坎\宝具卡3_2.mp3
23:01:22 INFO 下载：https://media.fgo.wiki/1/1f/SV373_1_%E5%AE%9D%E5%85%B71.mp3?v=lccoc8d2nx6sqvrby1l601wrpzwjb9l
23:01:26 INFO 保存：从者语音\Foreigner\库库尔坎\宝具1_2.mp3
23:01:26 INFO 下载：https://media.fgo.wiki/5/5f/SV373_1_%E5%AE%9D%E5%85%B72.mp3?v=66ibujzvp6tp3cmy68bvg3j3dj5b9fp
23:01:29 INFO 保存：从者语音\Foreigner\库库尔坎\宝具2_2.mp3
23:01:29 INFO 下载：https://media.fgo.wiki/7/78/SV373_1_%E5%AE%9D%E5%85%B73.mp3?v=arjn8t3v1y5096i8xkjofw1iqnssw62
23:01:32 INFO 保存：从者语音\Foreigner\库库尔坎\宝具3_2.mp3
23:01:32 INFO 下载：https://media.fgo.wiki/1/13/SV373_2_%E5%AE%9D%E5%85%B7%E5%8D%A11.mp3?v=64wf8xqk0phkh6ss6tkwcz0kmai17as
23:01:35 INFO 保存：从者语音\Foreigner\库库尔坎\宝具卡1_3.mp3
23:01:35 INFO 下载：https://media.fgo.wiki/7/77/SV373_2_%E5%AE%9D%E5%85%B7%E5%8D%A12.mp3?v=eai54gc67t708c7tkzptj5k6eyvjg7i
23:01:39 INFO 保存：从者语音\Foreigner\库库尔坎\宝具卡2_3.mp3
23:01:39 INFO 下载：https://media.fgo.wiki/6/62/SV373_2_%E5%AE%9D%E5%85%B7%E5%8D%A13.mp3?v=ry8r7imxocer6gm23g7glvnk6n1ug21
23:01:40 INFO 保存：从者语音\Foreigner\库库尔坎\宝具卡3_3.mp3
23:01:40 INFO 下载：https://media.fgo.wiki/3/3d/SV373_2_%E5%AE%9D%E5%85%B71.mp3?v=nn7jfgut4ccyoomt3qnqc4y2zgg92m4
23:01:42 INFO 保存：从者语音\Foreigner\库库尔坎\宝具1_3.mp3
23:01:42 INFO 下载：https://media.fgo.wiki/1/12/SV373_2_%E5%AE%9D%E5%85%B72.mp3?v=2cgpywgq3l47c7pwzliw5k98yi070gp
23:01:47 INFO 保存：从者语音\Foreigner\库库尔坎\宝具2_3.mp3
23:01:47 INFO 下载：https://media.fgo.wiki/4/41/SV373_2_%E5%AE%9D%E5%85%B73.mp3?v=fbk3emeqhw1dy2k6kqqpfm6jpk3r881
23:01:50 INFO 保存：从者语音\Foreigner\库库尔坎\宝具3_3.mp3
23:01:50 INFO [168/176] Foreigner / 旺吉娜（Excel GA2）
23:01:53 INFO 同名语音存在多个不同媒体文件，已使用 _2、_3 后缀：宝具卡1、宝具卡2、宝具卡3、宝具卡4、宝具1、宝具2、宝具3
23:01:53 INFO 找到 21 条：宝具卡1.mp3、宝具卡2.mp3、宝具卡3.mp3、宝具卡4.mp3、宝具1.mp3、宝具2.mp3、宝具3.mp3、宝具卡1_2.mp3、宝具卡2_2.mp3、宝具卡3_2.mp3、宝具卡4_2.mp3、宝具1_2.mp3、宝具2_2.mp3、宝具3_2.mp3、宝具卡1_3.mp3、宝具卡2_3.mp3、宝具卡3_3.mp3、宝具卡4_3.mp3、宝具1_3.mp3、宝具2_3.mp3、宝具3_3.mp3
23:01:53 INFO 下载：https://media.fgo.wiki/1/1f/SV393_0_%E5%AE%9D%E5%85%B7%E5%8D%A11.mp3?v=ot47dsafoz56fr0rpmqsz586hxtezjo
23:01:55 INFO 保存：从者语音\Foreigner\旺吉娜\宝具卡1.mp3
23:01:55 INFO 下载：https://media.fgo.wiki/8/8b/SV393_0_%E5%AE%9D%E5%85%B7%E5%8D%A12.mp3?v=r9h4zuolmsx85v4flqoga3glvy02rhf
23:01:56 INFO 保存：从者语音\Foreigner\旺吉娜\宝具卡2.mp3
23:01:56 INFO 下载：https://media.fgo.wiki/7/72/SV393_0_%E5%AE%9D%E5%85%B7%E5%8D%A13.mp3?v=686796kvcowputtdaiaej4j38ewfo83
23:01:57 INFO 保存：从者语音\Foreigner\旺吉娜\宝具卡3.mp3
23:01:57 INFO 下载：https://media.fgo.wiki/1/18/SV393_0_%E5%AE%9D%E5%85%B7%E5%8D%A14.mp3?v=cyeri30n4eduvnc94bcz9d6n6bvytl9
23:01:58 INFO 保存：从者语音\Foreigner\旺吉娜\宝具卡4.mp3
23:01:58 INFO 下载：https://media.fgo.wiki/f/f3/SV393_0_%E5%AE%9D%E5%85%B71.mp3?v=ajpzl5eumlm57d549jngaico75pjf7a
23:02:00 INFO 保存：从者语音\Foreigner\旺吉娜\宝具1.mp3
23:02:00 INFO 下载：https://media.fgo.wiki/a/a4/SV393_0_%E5%AE%9D%E5%85%B72.mp3?v=qxp2cn00mw1z64fyvuda2y48ukpj8vg
23:02:03 INFO 保存：从者语音\Foreigner\旺吉娜\宝具2.mp3
23:02:03 INFO 下载：https://media.fgo.wiki/2/23/SV393_0_%E5%AE%9D%E5%85%B73.mp3?v=2df582dt29io590ez96c30n5fzbgn03
23:02:12 INFO 保存：从者语音\Foreigner\旺吉娜\宝具3.mp3
23:02:12 INFO 下载：https://media.fgo.wiki/b/b1/SV393_1_%E5%AE%9D%E5%85%B7%E5%8D%A11.mp3?v=dkcspy1271b5s080aqkhtpcnaj2uyn6
23:02:13 INFO 保存：从者语音\Foreigner\旺吉娜\宝具卡1_2.mp3
23:02:13 INFO 下载：https://media.fgo.wiki/f/fb/SV393_1_%E5%AE%9D%E5%85%B7%E5%8D%A12.mp3?v=nkxe9vv5hi0o0jb94brwk1m8cuttoj2
23:02:14 INFO 保存：从者语音\Foreigner\旺吉娜\宝具卡2_2.mp3
23:02:14 INFO 下载：https://media.fgo.wiki/8/82/SV393_1_%E5%AE%9D%E5%85%B7%E5%8D%A13.mp3?v=fq1rqmyy1xv7wmzumft0gw7tqz218it
23:02:16 INFO 保存：从者语音\Foreigner\旺吉娜\宝具卡3_2.mp3
23:02:16 INFO 下载：https://media.fgo.wiki/5/5d/SV393_1_%E5%AE%9D%E5%85%B7%E5%8D%A14.mp3?v=ghgvu6oofv45h7lckx62xxa2trimwv7
23:02:18 INFO 保存：从者语音\Foreigner\旺吉娜\宝具卡4_2.mp3
23:02:18 INFO 下载：https://media.fgo.wiki/e/e8/SV393_1_%E5%AE%9D%E5%85%B71.mp3?v=ajpzl5eumlm57d549jngaico75pjf7a
23:02:21 INFO 保存：从者语音\Foreigner\旺吉娜\宝具1_2.mp3
23:02:21 INFO 下载：https://media.fgo.wiki/3/3b/SV393_1_%E5%AE%9D%E5%85%B72.mp3?v=qxp2cn00mw1z64fyvuda2y48ukpj8vg
23:02:23 INFO 保存：从者语音\Foreigner\旺吉娜\宝具2_2.mp3
23:02:23 INFO 下载：https://media.fgo.wiki/e/e3/SV393_1_%E5%AE%9D%E5%85%B73.mp3?v=2df582dt29io590ez96c30n5fzbgn03
23:02:25 INFO 保存：从者语音\Foreigner\旺吉娜\宝具3_2.mp3
23:02:25 INFO 下载：https://media.fgo.wiki/8/89/SV393_2_%E5%AE%9D%E5%85%B7%E5%8D%A11.mp3?v=by4ducdww4j3pquerbbqf0zcpmm8le6
23:02:27 INFO 保存：从者语音\Foreigner\旺吉娜\宝具卡1_3.mp3
23:02:27 INFO 下载：https://media.fgo.wiki/c/c9/SV393_2_%E5%AE%9D%E5%85%B7%E5%8D%A12.mp3?v=t20biwzfzj6svqssxurhcsw9esfdqe5
23:02:28 INFO 保存：从者语音\Foreigner\旺吉娜\宝具卡2_3.mp3
23:02:28 INFO 下载：https://media.fgo.wiki/b/b4/SV393_2_%E5%AE%9D%E5%85%B7%E5%8D%A13.mp3?v=4snul4m1aj1i6bdlzqkb88krldp4kgz
23:02:29 INFO 保存：从者语音\Foreigner\旺吉娜\宝具卡3_3.mp3
23:02:29 INFO 下载：https://media.fgo.wiki/6/62/SV393_2_%E5%AE%9D%E5%85%B7%E5%8D%A14.mp3?v=r9xjgf0fx158d6klhmi3qg2470lndta
23:02:31 INFO 保存：从者语音\Foreigner\旺吉娜\宝具卡4_3.mp3
23:02:31 INFO 下载：https://media.fgo.wiki/3/38/SV393_2_%E5%AE%9D%E5%85%B71.mp3?v=ajpzl5eumlm57d549jngaico75pjf7a
23:02:33 INFO 保存：从者语音\Foreigner\旺吉娜\宝具1_3.mp3
23:02:33 INFO 下载：https://media.fgo.wiki/9/93/SV393_2_%E5%AE%9D%E5%85%B72.mp3?v=qxp2cn00mw1z64fyvuda2y48ukpj8vg
23:02:35 INFO 保存：从者语音\Foreigner\旺吉娜\宝具2_3.mp3
23:02:35 INFO 下载：https://media.fgo.wiki/3/3d/SV393_2_%E5%AE%9D%E5%85%B73.mp3?v=2df582dt29io590ez96c30n5fzbgn03
23:02:38 INFO 保存：从者语音\Foreigner\旺吉娜\宝具3_3.mp3
23:02:38 INFO [169/176] Foreigner / 苍崎青子（Excel GB2）
23:02:40 INFO 同名语音存在多个不同媒体文件，已使用 _2、_3 后缀：宝具卡1、宝具卡2、宝具卡3、宝具1、宝具2、宝具3
23:02:40 INFO 找到 15 条：宝具卡1.mp3、宝具卡2.mp3、宝具卡3.mp3、宝具卡4.mp3、宝具1.mp3、宝具2.mp3、宝具3.mp3、宝具卡1_2.mp3、宝具卡2_2.mp3、宝具卡3_2.mp3、宝具1_2.mp3、宝具2_2.mp3、宝具3_2.mp3、宝具4.mp3、宝具5.mp3
23:02:40 INFO 下载：https://media.fgo.wiki/8/84/SV413_0_%E5%AE%9D%E5%85%B7%E5%8D%A11.mp3?v=022fa2iteo0g83hlfeuks18j1gxegp1
23:02:41 INFO 保存：从者语音\Foreigner\苍崎青子\宝具卡1.mp3
23:02:41 INFO 下载：https://media.fgo.wiki/6/69/SV413_0_%E5%AE%9D%E5%85%B7%E5%8D%A12.mp3?v=5t6x4j86fcil2p28evv5r645sth47um
23:02:42 INFO 保存：从者语音\Foreigner\苍崎青子\宝具卡2.mp3
23:02:42 INFO 下载：https://media.fgo.wiki/8/86/SV413_0_%E5%AE%9D%E5%85%B7%E5%8D%A13.mp3?v=0xzts7gnscrqg6sso8kzl150a8stji9
23:02:44 INFO 保存：从者语音\Foreigner\苍崎青子\宝具卡3.mp3
23:02:44 INFO 下载：https://media.fgo.wiki/b/b8/SV413_0_%E5%AE%9D%E5%85%B7%E5%8D%A14.mp3?v=83rpc7omompl5k23il9x7nfocva8u95
23:02:46 INFO 保存：从者语音\Foreigner\苍崎青子\宝具卡4.mp3
23:02:46 INFO 下载：https://media.fgo.wiki/c/cc/SV413_0_%E5%AE%9D%E5%85%B71.mp3?v=iaekxae8n6ldypd629g4fr9wi6vkzn4
23:02:48 INFO 保存：从者语音\Foreigner\苍崎青子\宝具1.mp3
23:02:48 INFO 下载：https://media.fgo.wiki/3/30/SV413_0_%E5%AE%9D%E5%85%B72.mp3?v=qm3rnp34kfhzn6z02f4iza3mr6e38h1
23:02:49 INFO 保存：从者语音\Foreigner\苍崎青子\宝具2.mp3
23:02:49 INFO 下载：https://media.fgo.wiki/4/47/SV413_0_%E5%AE%9D%E5%85%B73.mp3?v=eam9ka8i4brp0co39bpf0jf09qk9cce
23:02:51 INFO 保存：从者语音\Foreigner\苍崎青子\宝具3.mp3
23:02:51 INFO 下载：https://media.fgo.wiki/6/6c/SV413_S_%E5%AE%9D%E5%85%B7%E5%8D%A11.mp3?v=40vp3odr1as9oauynjqk1wdnn5yyirp
23:02:52 INFO 保存：从者语音\Foreigner\苍崎青子\宝具卡1_2.mp3
23:02:52 INFO 下载：https://media.fgo.wiki/6/6c/SV413_S_%E5%AE%9D%E5%85%B7%E5%8D%A12.mp3?v=t27jrusqjbqpcbu04vz4dq2dugjhzni
23:02:53 INFO 保存：从者语音\Foreigner\苍崎青子\宝具卡2_2.mp3
23:02:53 INFO 下载：https://media.fgo.wiki/d/df/SV413_S_%E5%AE%9D%E5%85%B7%E5%8D%A13.mp3?v=o41vdaky47otjisig5mqtho7cq36540
23:02:54 INFO 保存：从者语音\Foreigner\苍崎青子\宝具卡3_2.mp3
23:02:54 INFO 下载：https://media.fgo.wiki/c/c3/SV413_S_%E5%AE%9D%E5%85%B71.mp3?v=7q4da669pppnviezha4x3qh9pjc3l14
23:02:56 INFO 保存：从者语音\Foreigner\苍崎青子\宝具1_2.mp3
23:02:56 INFO 下载：https://media.fgo.wiki/1/19/SV413_S_%E5%AE%9D%E5%85%B72.mp3?v=k1kk5s4ysxjq5hguyuogxntk5mkoqvb
23:02:59 INFO 保存：从者语音\Foreigner\苍崎青子\宝具2_2.mp3
23:02:59 INFO 下载：https://media.fgo.wiki/1/13/SV413_S_%E5%AE%9D%E5%85%B73.mp3?v=hu3tgq55s0xqciyo6fh62bch05bddex
23:03:00 INFO 保存：从者语音\Foreigner\苍崎青子\宝具3_2.mp3
23:03:00 INFO 下载：https://media.fgo.wiki/f/ff/SV413_S_%E5%AE%9D%E5%85%B74.mp3?v=m2qs9tgm2ah3l2d0jx02rvckrf1lqw4
23:03:02 INFO 保存：从者语音\Foreigner\苍崎青子\宝具4.mp3
23:03:02 INFO 下载：https://media.fgo.wiki/9/98/SV413_S_%E5%AE%9D%E5%85%B75.mp3?v=cnxvnp5xgwz1dtfq9drcpqpue7w4dz7
23:03:04 INFO 保存：从者语音\Foreigner\苍崎青子\宝具5.mp3
23:03:04 INFO [170/176] Pretender / 奥伯龙（Excel GD2）
23:03:05 INFO 同名语音存在多个不同媒体文件，已使用 _2、_3 后缀：宝具卡1、宝具卡2、宝具卡3、宝具1、宝具2、宝具3
23:03:05 INFO 找到 18 条：宝具卡1.mp3、宝具卡2.mp3、宝具卡3.mp3、宝具1.mp3、宝具2.mp3、宝具3.mp3、宝具卡1_2.mp3、宝具卡2_2.mp3、宝具卡3_2.mp3、宝具1_2.mp3、宝具2_2.mp3、宝具3_2.mp3、宝具卡1_3.mp3、宝具卡2_3.mp3、宝具卡3_3.mp3、宝具卡1_4.mp3、宝具卡2_4.mp3、宝具卡3_4.mp3
23:03:05 INFO 下载：https://media.fgo.wiki/9/96/SV316_0_%E5%AE%9D%E5%85%B7%E5%8D%A11.mp3?v=aaag33yhdpxid9teoldppcxncsao1hd
23:03:06 INFO 保存：从者语音\Pretender\奥伯龙\宝具卡1.mp3
23:03:06 INFO 下载：https://media.fgo.wiki/2/27/SV316_0_%E5%AE%9D%E5%85%B7%E5%8D%A12.mp3?v=iutmml9o0nsp1f80xlx77nlsws804v9
23:03:08 INFO 保存：从者语音\Pretender\奥伯龙\宝具卡2.mp3
23:03:08 INFO 下载：https://media.fgo.wiki/1/1b/SV316_0_%E5%AE%9D%E5%85%B7%E5%8D%A13.mp3?v=czh37n4i8cilwkrl43f0jw5r7d0nq6x
23:03:09 INFO 保存：从者语音\Pretender\奥伯龙\宝具卡3.mp3
23:03:09 INFO 下载：https://media.fgo.wiki/6/6e/SV316_0_%E5%AE%9D%E5%85%B71.mp3?v=pbgbuurx5zumwja40yk9di611w0typw
23:03:10 INFO 保存：从者语音\Pretender\奥伯龙\宝具1.mp3
23:03:10 INFO 下载：https://media.fgo.wiki/3/3e/SV316_0_%E5%AE%9D%E5%85%B72.mp3?v=n1z1e1cf4cxgfhrvxazauf2f6f32tcz
23:03:12 INFO 保存：从者语音\Pretender\奥伯龙\宝具2.mp3
23:03:12 INFO 下载：https://media.fgo.wiki/2/21/SV316_0_%E5%AE%9D%E5%85%B73.mp3?v=9pothq79qrgdwr2r5hq5yzcicdx3j4d
23:03:14 INFO 保存：从者语音\Pretender\奥伯龙\宝具3.mp3
23:03:14 INFO 下载：https://media.fgo.wiki/f/f1/SV316_2_%E5%AE%9D%E5%85%B7%E5%8D%A11.mp3?v=o2nfw8z648x6e940qpk6lp8u2xqhdo5
23:03:14 INFO 保存：从者语音\Pretender\奥伯龙\宝具卡1_2.mp3
23:03:14 INFO 下载：https://media.fgo.wiki/0/0e/SV316_2_%E5%AE%9D%E5%85%B7%E5%8D%A12.mp3?v=3ak5n4477ecdhkitsiwfxm10hrshla3
23:03:15 INFO 保存：从者语音\Pretender\奥伯龙\宝具卡2_2.mp3
23:03:15 INFO 下载：https://media.fgo.wiki/1/15/SV316_2_%E5%AE%9D%E5%85%B7%E5%8D%A13.mp3?v=13vi8k9o886a42h32h3cqu33udka3hb
23:03:17 INFO 保存：从者语音\Pretender\奥伯龙\宝具卡3_2.mp3
23:03:17 INFO 下载：https://media.fgo.wiki/8/81/SV316_2_%E5%AE%9D%E5%85%B71.mp3?v=8p9f63bw6spgao08n1b7tvc1apqwyuk
23:03:18 INFO 保存：从者语音\Pretender\奥伯龙\宝具1_2.mp3
23:03:18 INFO 下载：https://media.fgo.wiki/a/a3/SV316_2_%E5%AE%9D%E5%85%B72.mp3?v=g6tlj2wrwvc91enddofw0v03408aho4
23:03:19 INFO 保存：从者语音\Pretender\奥伯龙\宝具2_2.mp3
23:03:19 INFO 下载：https://media.fgo.wiki/f/fa/SV316_2_%E5%AE%9D%E5%85%B73.mp3?v=el1aawynzq6zfxnsehj72hug07ytdz6
23:03:21 INFO 保存：从者语音\Pretender\奥伯龙\宝具3_2.mp3
23:03:21 INFO 下载：https://media.fgo.wiki/4/45/SV316_11_%E5%AE%9D%E5%85%B7%E5%8D%A11.mp3?v=3aywoc6ula8yc6j7jb1go260peaqmpp
23:03:21 INFO 保存：从者语音\Pretender\奥伯龙\宝具卡1_3.mp3
23:03:21 INFO 下载：https://media.fgo.wiki/e/ed/SV316_11_%E5%AE%9D%E5%85%B7%E5%8D%A12.mp3?v=60ex60tfm8z2oifteffgeliuz1g7bvn
23:03:22 INFO 保存：从者语音\Pretender\奥伯龙\宝具卡2_3.mp3
23:03:22 INFO 下载：https://media.fgo.wiki/6/68/SV316_11_%E5%AE%9D%E5%85%B7%E5%8D%A13.mp3?v=t2swac31pq4c9x7orf7q0r8ubsirynu
23:03:23 INFO 保存：从者语音\Pretender\奥伯龙\宝具卡3_3.mp3
23:03:23 INFO 下载：https://media.fgo.wiki/f/f8/SV316_12_%E5%AE%9D%E5%85%B7%E5%8D%A11.mp3?v=l3bg4ldqy3yjvfsp8bznh5w23utf1j3
23:03:24 INFO 保存：从者语音\Pretender\奥伯龙\宝具卡1_4.mp3
23:03:24 INFO 下载：https://media.fgo.wiki/e/ee/SV316_12_%E5%AE%9D%E5%85%B7%E5%8D%A12.mp3?v=snvc5tm6veoi9qtelnwmvh8oetx4mx9
23:03:25 INFO 保存：从者语音\Pretender\奥伯龙\宝具卡2_4.mp3
23:03:25 INFO 下载：https://media.fgo.wiki/a/ac/SV316_12_%E5%AE%9D%E5%85%B7%E5%8D%A13.mp3?v=s3ewkn341g7jzb9mqj1ei7mvwzretuh
23:03:25 INFO 保存：从者语音\Pretender\奥伯龙\宝具卡3_4.mp3
23:03:25 INFO [171/176] Pretender / 阿瓦隆女士（Excel GE2）
23:03:28 INFO 同名语音存在多个不同媒体文件，已使用 _2、_3 后缀：宝具卡1、宝具卡2、宝具卡3、宝具卡4、宝具1、宝具2、宝具3
23:03:28 INFO 找到 14 条：宝具卡1.mp3、宝具卡2.mp3、宝具卡3.mp3、宝具卡4.mp3、宝具1.mp3、宝具2.mp3、宝具3.mp3、宝具卡1_2.mp3、宝具卡2_2.mp3、宝具卡3_2.mp3、宝具卡4_2.mp3、宝具1_2.mp3、宝具2_2.mp3、宝具3_2.mp3
23:03:28 INFO 下载：https://media.fgo.wiki/5/5a/SV353_0_%E5%AE%9D%E5%85%B7%E5%8D%A11.mp3?v=ki1hg6a0a6d8sddyeyz8e31ir52tjlh
23:03:28 INFO 保存：从者语音\Pretender\阿瓦隆女士\宝具卡1.mp3
23:03:28 INFO 下载：https://media.fgo.wiki/d/de/SV353_0_%E5%AE%9D%E5%85%B7%E5%8D%A12.mp3?v=dtfhoqa039gkjq6xgaq3ycs1ml9o0v1
23:03:29 INFO 保存：从者语音\Pretender\阿瓦隆女士\宝具卡2.mp3
23:03:29 INFO 下载：https://media.fgo.wiki/2/2b/SV353_0_%E5%AE%9D%E5%85%B7%E5%8D%A13.mp3?v=ce5yl38nf7mukb48fk7y7797ta2x39b
23:03:30 INFO 保存：从者语音\Pretender\阿瓦隆女士\宝具卡3.mp3
23:03:30 INFO 下载：https://media.fgo.wiki/e/e6/SV353_0_%E5%AE%9D%E5%85%B7%E5%8D%A14.mp3?v=6i7vsek2o6u71g38p1ttq2lcbbchtr0
23:03:31 INFO 保存：从者语音\Pretender\阿瓦隆女士\宝具卡4.mp3
23:03:31 INFO 下载：https://media.fgo.wiki/3/3e/SV353_0_%E5%AE%9D%E5%85%B71.mp3?v=ddzl89moo6l4n9we09awjy1x1rvbmwf
23:03:34 INFO 保存：从者语音\Pretender\阿瓦隆女士\宝具1.mp3
23:03:34 INFO 下载：https://media.fgo.wiki/4/45/SV353_0_%E5%AE%9D%E5%85%B72.mp3?v=0j4rsllxw54jziezc8j61m0mvxeqf44
23:03:35 INFO 保存：从者语音\Pretender\阿瓦隆女士\宝具2.mp3
23:03:35 INFO 下载：https://media.fgo.wiki/9/9c/SV353_0_%E5%AE%9D%E5%85%B73.mp3?v=gxr2zlewb8uwv8amgnk3vnqmmfpyqye
23:03:37 INFO 保存：从者语音\Pretender\阿瓦隆女士\宝具3.mp3
23:03:37 INFO 下载：https://media.fgo.wiki/b/b9/SV353_1_%E5%AE%9D%E5%85%B7%E5%8D%A11.mp3?v=ki1hg6a0a6d8sddyeyz8e31ir52tjlh
23:03:38 INFO 保存：从者语音\Pretender\阿瓦隆女士\宝具卡1_2.mp3
23:03:38 INFO 下载：https://media.fgo.wiki/3/3e/SV353_1_%E5%AE%9D%E5%85%B7%E5%8D%A12.mp3?v=dtfhoqa039gkjq6xgaq3ycs1ml9o0v1
23:03:38 INFO 保存：从者语音\Pretender\阿瓦隆女士\宝具卡2_2.mp3
23:03:38 INFO 下载：https://media.fgo.wiki/6/61/SV353_1_%E5%AE%9D%E5%85%B7%E5%8D%A13.mp3?v=ce5yl38nf7mukb48fk7y7797ta2x39b
23:03:39 INFO 保存：从者语音\Pretender\阿瓦隆女士\宝具卡3_2.mp3
23:03:39 INFO 下载：https://media.fgo.wiki/a/a3/SV353_1_%E5%AE%9D%E5%85%B7%E5%8D%A14.mp3?v=6i7vsek2o6u71g38p1ttq2lcbbchtr0
23:03:40 INFO 保存：从者语音\Pretender\阿瓦隆女士\宝具卡4_2.mp3
23:03:40 INFO 下载：https://media.fgo.wiki/d/da/SV353_1_%E5%AE%9D%E5%85%B71.mp3?v=ddzl89moo6l4n9we09awjy1x1rvbmwf
23:03:43 INFO 保存：从者语音\Pretender\阿瓦隆女士\宝具1_2.mp3
23:03:43 INFO 下载：https://media.fgo.wiki/e/ee/SV353_1_%E5%AE%9D%E5%85%B72.mp3?v=0j4rsllxw54jziezc8j61m0mvxeqf44
23:03:44 INFO 保存：从者语音\Pretender\阿瓦隆女士\宝具2_2.mp3
23:03:44 INFO 下载：https://media.fgo.wiki/5/58/SV353_1_%E5%AE%9D%E5%85%B73.mp3?v=gxr2zlewb8uwv8amgnk3vnqmmfpyqye
23:03:45 INFO 保存：从者语音\Pretender\阿瓦隆女士\宝具3_2.mp3
23:03:45 INFO [172/176] Pretender / Phantasmoon（Excel GF2）
23:03:48 INFO 同名语音存在多个不同媒体文件，已使用 _2、_3 后缀：宝具卡1、宝具卡2、宝具卡3、宝具1、宝具2、宝具3
23:03:48 INFO 找到 18 条：宝具卡1.mp3、宝具卡2.mp3、宝具卡3.mp3、宝具1.mp3、宝具2.mp3、宝具3.mp3、宝具卡1_2.mp3、宝具卡2_2.mp3、宝具卡3_2.mp3、宝具1_2.mp3、宝具2_2.mp3、宝具3_2.mp3、宝具卡1_3.mp3、宝具卡2_3.mp3、宝具卡3_3.mp3、宝具1_3.mp3、宝具2_3.mp3、宝具3_3.mp3
23:03:48 INFO 下载：https://media.fgo.wiki/6/64/SV431_0_%E5%AE%9D%E5%85%B7%E5%8D%A11.mp3?v=9rvp37tef17o4ykpcvoqee8i0hysays
23:03:48 INFO 保存：从者语音\Pretender\Phantasmoon\宝具卡1.mp3
23:03:48 INFO 下载：https://media.fgo.wiki/8/86/SV431_0_%E5%AE%9D%E5%85%B7%E5%8D%A12.mp3?v=6ysjc0q40ketixkdf3eh6m5nnjngnj8
23:03:49 INFO 保存：从者语音\Pretender\Phantasmoon\宝具卡2.mp3
23:03:49 INFO 下载：https://media.fgo.wiki/3/32/SV431_0_%E5%AE%9D%E5%85%B7%E5%8D%A13.mp3?v=oe3qmaxetug4qogvw7c4g5epv0nv729
23:03:51 INFO 保存：从者语音\Pretender\Phantasmoon\宝具卡3.mp3
23:03:51 INFO 下载：https://media.fgo.wiki/b/b9/SV431_0_%E5%AE%9D%E5%85%B71.mp3?v=8ao6dlzhzxjp4ge0nf3q1r0ov1snw5x
23:03:52 INFO 保存：从者语音\Pretender\Phantasmoon\宝具1.mp3
23:03:52 INFO 下载：https://media.fgo.wiki/9/99/SV431_0_%E5%AE%9D%E5%85%B72.mp3?v=5838ihtb4rshzwjjn1x6w3caf8g6dse
23:03:53 INFO 保存：从者语音\Pretender\Phantasmoon\宝具2.mp3
23:03:53 INFO 下载：https://media.fgo.wiki/5/55/SV431_0_%E5%AE%9D%E5%85%B73.mp3?v=hriepo7esg10dpzofm21vbmwcrdyoq7
23:03:55 INFO 保存：从者语音\Pretender\Phantasmoon\宝具3.mp3
23:03:55 INFO 下载：https://media.fgo.wiki/6/62/SV431_1_%E5%AE%9D%E5%85%B7%E5%8D%A11.mp3?v=dnspf4x3g473wei7gvx94yxcpfn17zp
23:03:55 INFO 保存：从者语音\Pretender\Phantasmoon\宝具卡1_2.mp3
23:03:55 INFO 下载：https://media.fgo.wiki/c/c7/SV431_1_%E5%AE%9D%E5%85%B7%E5%8D%A12.mp3?v=efsbkrweu34loymsklxzbbvtloq9zie
23:03:56 INFO 保存：从者语音\Pretender\Phantasmoon\宝具卡2_2.mp3
23:03:56 INFO 下载：https://media.fgo.wiki/4/44/SV431_1_%E5%AE%9D%E5%85%B7%E5%8D%A13.mp3?v=kfauv4kod4v7dgonys4yzxsq7iuk0uu
23:03:57 INFO 保存：从者语音\Pretender\Phantasmoon\宝具卡3_2.mp3
23:03:57 INFO 下载：https://media.fgo.wiki/1/11/SV431_1_%E5%AE%9D%E5%85%B71.mp3?v=nl642z7y8txwu1jk30spfuanpsfbksl
23:03:58 INFO 保存：从者语音\Pretender\Phantasmoon\宝具1_2.mp3
23:03:58 INFO 下载：https://media.fgo.wiki/2/28/SV431_1_%E5%AE%9D%E5%85%B72.mp3?v=9nlpsir92ctd8jkalq8aplygvnhsld1
23:03:59 INFO 保存：从者语音\Pretender\Phantasmoon\宝具2_2.mp3
23:03:59 INFO 下载：https://media.fgo.wiki/6/66/SV431_1_%E5%AE%9D%E5%85%B73.mp3?v=3qsh1w7dhkgmws706ecqgcwbu8vxh9n
23:04:01 INFO 保存：从者语音\Pretender\Phantasmoon\宝具3_2.mp3
23:04:01 INFO 下载：https://media.fgo.wiki/f/f4/SV431_2_%E5%AE%9D%E5%85%B7%E5%8D%A11.mp3?v=ftnsxvhlhhrbnsa8xg4ievzzvqa3fay
23:04:01 INFO 保存：从者语音\Pretender\Phantasmoon\宝具卡1_3.mp3
23:04:01 INFO 下载：https://media.fgo.wiki/f/f5/SV431_2_%E5%AE%9D%E5%85%B7%E5%8D%A12.mp3?v=dsptcslrsmqn9o81zokhw35943uvomt
23:04:02 INFO 保存：从者语音\Pretender\Phantasmoon\宝具卡2_3.mp3
23:04:02 INFO 下载：https://media.fgo.wiki/f/fd/SV431_2_%E5%AE%9D%E5%85%B7%E5%8D%A13.mp3?v=recq7ks805gcy72ed9nyygno1eh0yv4
23:04:03 INFO 保存：从者语音\Pretender\Phantasmoon\宝具卡3_3.mp3
23:04:03 INFO 下载：https://media.fgo.wiki/6/6a/SV431_2_%E5%AE%9D%E5%85%B71.mp3?v=bq68ssc5iochahxnmtpn9pe1tjf7jkh
23:04:04 INFO 保存：从者语音\Pretender\Phantasmoon\宝具1_3.mp3
23:04:04 INFO 下载：https://media.fgo.wiki/0/08/SV431_2_%E5%AE%9D%E5%85%B72.mp3?v=79qciiesidnbn7x8u0q7fmmgvlzi9lc
23:04:05 INFO 保存：从者语音\Pretender\Phantasmoon\宝具2_3.mp3
23:04:05 INFO 下载：https://media.fgo.wiki/0/0b/SV431_2_%E5%AE%9D%E5%85%B73.mp3?v=nzt25iz6l2lx1nfdgnndasmvn6m1kt6
23:04:06 INFO 保存：从者语音\Pretender\Phantasmoon\宝具3_3.mp3
23:04:06 INFO [173/176] Pretender / 但丁·阿利吉耶里（Excel GG2）
23:04:09 INFO 同名语音存在多个不同媒体文件，已使用 _2、_3 后缀：宝具卡1、宝具卡2、宝具1、宝具2
23:04:09 INFO 找到 10 条：宝具卡1.mp3、宝具卡2.mp3、宝具1.mp3、宝具2.mp3、宝具卡1_2.mp3、宝具卡2_2.mp3、宝具1_2.mp3、宝具2_2.mp3、宝具3.mp3、宝具4.mp3
23:04:09 INFO 下载：https://media.fgo.wiki/4/4a/SV437_0_%E5%AE%9D%E5%85%B7%E5%8D%A11.mp3?v=f7lglohawjcnykfxu8664m3u63mz9hz
23:04:11 INFO 保存：从者语音\Pretender\但丁·阿利吉耶里\宝具卡1.mp3
23:04:11 INFO 下载：https://media.fgo.wiki/f/fd/SV437_0_%E5%AE%9D%E5%85%B7%E5%8D%A12.mp3?v=thciawceekwirzrz9krohgsf9lhtb3o
23:04:12 INFO 保存：从者语音\Pretender\但丁·阿利吉耶里\宝具卡2.mp3
23:04:12 INFO 下载：https://media.fgo.wiki/4/48/SV437_0_%E5%AE%9D%E5%85%B71.mp3?v=4baooptnozofgaueu7cspq0m0qbg5yj
23:04:13 INFO 保存：从者语音\Pretender\但丁·阿利吉耶里\宝具1.mp3
23:04:13 INFO 下载：https://media.fgo.wiki/0/09/SV437_0_%E5%AE%9D%E5%85%B72.mp3?v=t68ulbo8c7tmpz5wff6nxu1v3t4e8ji
23:04:15 INFO 保存：从者语音\Pretender\但丁·阿利吉耶里\宝具2.mp3
23:04:15 INFO 下载：https://media.fgo.wiki/9/95/SV437_2_%E5%AE%9D%E5%85%B7%E5%8D%A11.mp3?v=39rn1krc5td57pabkjpba3y7k7svij0
23:04:15 INFO 保存：从者语音\Pretender\但丁·阿利吉耶里\宝具卡1_2.mp3
23:04:15 INFO 下载：https://media.fgo.wiki/a/ab/SV437_2_%E5%AE%9D%E5%85%B7%E5%8D%A12.mp3?v=lmgbqwr05oq1602n0f4ptdutoyo4ruw
23:04:16 INFO 保存：从者语音\Pretender\但丁·阿利吉耶里\宝具卡2_2.mp3
23:04:16 INFO 下载：https://media.fgo.wiki/1/1e/SV437_2_%E5%AE%9D%E5%85%B71.mp3?v=d0u25nyp2efniddolydzrq0b0jv5bap
23:04:18 INFO 保存：从者语音\Pretender\但丁·阿利吉耶里\宝具1_2.mp3
23:04:18 INFO 下载：https://media.fgo.wiki/0/01/SV437_2_%E5%AE%9D%E5%85%B72.mp3?v=16l3r84qdrrrkm7ryupxs7fcph3fbvk
23:04:19 INFO 保存：从者语音\Pretender\但丁·阿利吉耶里\宝具2_2.mp3
23:04:19 INFO 下载：https://media.fgo.wiki/5/5b/SV437_2_%E5%AE%9D%E5%85%B73.mp3?v=sxrl6zdjx6tlgodagr1kfnzii8mhziw
23:04:20 INFO 保存：从者语音\Pretender\但丁·阿利吉耶里\宝具3.mp3
23:04:20 INFO 下载：https://media.fgo.wiki/a/a8/SV437_2_%E5%AE%9D%E5%85%B74.mp3?v=p2r3xrvtyamrko5vktx1qttezfui93k
23:04:21 INFO 保存：从者语音\Pretender\但丁·阿利吉耶里\宝具4.mp3
23:04:21 INFO [174/176] Pretender / 堤丰·厄斐墨洛斯（Excel GH2）
23:04:25 INFO 同名语音存在多个不同媒体文件，已使用 _2、_3 后缀：宝具卡1、宝具卡2、宝具卡3、宝具1、宝具2、宝具3
23:04:25 INFO 找到 18 条：宝具卡1.mp3、宝具卡2.mp3、宝具卡3.mp3、宝具1.mp3、宝具2.mp3、宝具3.mp3、宝具卡1_2.mp3、宝具卡2_2.mp3、宝具卡3_2.mp3、宝具1_2.mp3、宝具2_2.mp3、宝具3_2.mp3、宝具卡1_3.mp3、宝具卡2_3.mp3、宝具卡3_3.mp3、宝具1_3.mp3、宝具2_3.mp3、宝具3_3.mp3
23:04:25 INFO 下载：https://media.fgo.wiki/8/84/SV441_0_%E5%AE%9D%E5%85%B7%E5%8D%A11.mp3?v=fem11gjdegbeyxv36we03vkrnjdq0s9
23:04:26 INFO 保存：从者语音\Pretender\堤丰·厄斐墨洛斯\宝具卡1.mp3
23:04:26 INFO 下载：https://media.fgo.wiki/e/e5/SV441_0_%E5%AE%9D%E5%85%B7%E5%8D%A12.mp3?v=lqrei998uiucwjonq55psrtwnsjaih3
23:04:27 INFO 保存：从者语音\Pretender\堤丰·厄斐墨洛斯\宝具卡2.mp3
23:04:27 INFO 下载：https://media.fgo.wiki/9/9d/SV441_0_%E5%AE%9D%E5%85%B7%E5%8D%A13.mp3?v=od24r55prhhmvwnaktdpmtttjjt7qs7
23:04:27 INFO 保存：从者语音\Pretender\堤丰·厄斐墨洛斯\宝具卡3.mp3
23:04:27 INFO 下载：https://media.fgo.wiki/6/65/SV441_0_%E5%AE%9D%E5%85%B71.mp3?v=9alu98n7v0end9wqtb0x060wscfp7q1
23:04:29 INFO 保存：从者语音\Pretender\堤丰·厄斐墨洛斯\宝具1.mp3
23:04:29 INFO 下载：https://media.fgo.wiki/2/25/SV441_0_%E5%AE%9D%E5%85%B72.mp3?v=2e6xec1f5ag4d53dtmb1xdw9zzj4opg
23:04:30 INFO 保存：从者语音\Pretender\堤丰·厄斐墨洛斯\宝具2.mp3
23:04:30 INFO 下载：https://media.fgo.wiki/0/09/SV441_0_%E5%AE%9D%E5%85%B73.mp3?v=9wwirn02yob4rsvw4wfu1vqaydp253x
23:04:31 INFO 保存：从者语音\Pretender\堤丰·厄斐墨洛斯\宝具3.mp3
23:04:31 INFO 下载：https://media.fgo.wiki/0/01/SV441_2_%E5%AE%9D%E5%85%B7%E5%8D%A11.mp3?v=c7s6ofjk9pzr55y35rhodtsmsv1to0e
23:04:32 INFO 保存：从者语音\Pretender\堤丰·厄斐墨洛斯\宝具卡1_2.mp3
23:04:32 INFO 下载：https://media.fgo.wiki/4/42/SV441_2_%E5%AE%9D%E5%85%B7%E5%8D%A12.mp3?v=c95kogdz15k6uqu3q3uvfqxw2rhexpc
23:04:32 INFO 保存：从者语音\Pretender\堤丰·厄斐墨洛斯\宝具卡2_2.mp3
23:04:32 INFO 下载：https://media.fgo.wiki/8/8c/SV441_2_%E5%AE%9D%E5%85%B7%E5%8D%A13.mp3?v=gyeh6nlsiyv4fpkwe1sgradi252knll
23:04:33 INFO 保存：从者语音\Pretender\堤丰·厄斐墨洛斯\宝具卡3_2.mp3
23:04:33 INFO 下载：https://media.fgo.wiki/5/50/SV441_2_%E5%AE%9D%E5%85%B71.mp3?v=197wp58c2cwbcmrdr7rg929cyth4cvn
23:04:34 INFO 保存：从者语音\Pretender\堤丰·厄斐墨洛斯\宝具1_2.mp3
23:04:34 INFO 下载：https://media.fgo.wiki/e/ee/SV441_2_%E5%AE%9D%E5%85%B72.mp3?v=pcomhb6x4pangj5pxet89cp0ot2mqy3
23:04:35 INFO 保存：从者语音\Pretender\堤丰·厄斐墨洛斯\宝具2_2.mp3
23:04:35 INFO 下载：https://media.fgo.wiki/a/ad/SV441_2_%E5%AE%9D%E5%85%B73.mp3?v=c21f1hjmh1hcxtb1zyrorxeb8kpcb37
23:04:36 INFO 保存：从者语音\Pretender\堤丰·厄斐墨洛斯\宝具3_2.mp3
23:04:36 INFO 下载：https://media.fgo.wiki/0/00/SV441_11_%E5%AE%9D%E5%85%B7%E5%8D%A11.mp3?v=cndj6thkmr1evulzqnqmykxlusda5o0
23:04:37 INFO 保存：从者语音\Pretender\堤丰·厄斐墨洛斯\宝具卡1_3.mp3
23:04:37 INFO 下载：https://media.fgo.wiki/3/38/SV441_11_%E5%AE%9D%E5%85%B7%E5%8D%A12.mp3?v=fsucrnbdoflc407g2kdzjv8luwhyaoh
23:04:38 INFO 保存：从者语音\Pretender\堤丰·厄斐墨洛斯\宝具卡2_3.mp3
23:04:38 INFO 下载：https://media.fgo.wiki/f/fc/SV441_11_%E5%AE%9D%E5%85%B7%E5%8D%A13.mp3?v=cr15n78yyduhkkwtx4nekfskw0whuvw
23:04:39 INFO 保存：从者语音\Pretender\堤丰·厄斐墨洛斯\宝具卡3_3.mp3
23:04:39 INFO 下载：https://media.fgo.wiki/c/c9/SV441_11_%E5%AE%9D%E5%85%B71.mp3?v=4e45f3pa0a7meja8eiuxgppxsco2sf4
23:04:40 INFO 保存：从者语音\Pretender\堤丰·厄斐墨洛斯\宝具1_3.mp3
23:04:40 INFO 下载：https://media.fgo.wiki/7/7b/SV441_11_%E5%AE%9D%E5%85%B72.mp3?v=dt3tu7x30kbnbmnril1pas4971w2b8a
23:04:41 INFO 保存：从者语音\Pretender\堤丰·厄斐墨洛斯\宝具2_3.mp3
23:04:41 INFO 下载：https://media.fgo.wiki/0/01/SV441_11_%E5%AE%9D%E5%85%B73.mp3?v=di5jb37571ayrcfa8l0u2vqyd52bsy9
23:04:42 INFO 保存：从者语音\Pretender\堤丰·厄斐墨洛斯\宝具3_3.mp3
23:04:42 INFO [175/176] Beast / 所多玛之兽／德拉科（Excel GJ2）
23:04:44 INFO 同名语音存在多个不同媒体文件，已使用 _2、_3 后缀：宝具卡1、宝具卡2、宝具卡3、宝具卡4、宝具1、宝具2、宝具3、宝具4
23:04:44 INFO 找到 16 条：宝具卡1.mp3、宝具卡2.mp3、宝具卡3.mp3、宝具卡4.mp3、宝具1.mp3、宝具2.mp3、宝具3.mp3、宝具4.mp3、宝具卡1_2.mp3、宝具卡2_2.mp3、宝具卡3_2.mp3、宝具卡4_2.mp3、宝具1_2.mp3、宝具2_2.mp3、宝具3_2.mp3、宝具4_2.mp3
23:04:44 INFO 下载：https://media.fgo.wiki/a/a7/SV377_0_%E5%AE%9D%E5%85%B7%E5%8D%A11.mp3?v=o2bd02janhj6j1kwxqf4olli0mpxnqy
23:04:45 INFO 保存：从者语音\Beast\所多玛之兽／德拉科\宝具卡1.mp3
23:04:45 INFO 下载：https://media.fgo.wiki/1/17/SV377_0_%E5%AE%9D%E5%85%B7%E5%8D%A12.mp3?v=koad1aplsp35pkmu7dou52ukmsqffw6
23:04:46 INFO 保存：从者语音\Beast\所多玛之兽／德拉科\宝具卡2.mp3
23:04:46 INFO 下载：https://media.fgo.wiki/c/c4/SV377_0_%E5%AE%9D%E5%85%B7%E5%8D%A13.mp3?v=1rz6xin7k41r5pljhwrrui0jkwrymob
23:04:47 INFO 保存：从者语音\Beast\所多玛之兽／德拉科\宝具卡3.mp3
23:04:47 INFO 下载：https://media.fgo.wiki/6/68/SV377_0_%E5%AE%9D%E5%85%B7%E5%8D%A14.mp3?v=14awd9cjrs6535d6eafgmfbia7ebef8
23:04:47 INFO 保存：从者语音\Beast\所多玛之兽／德拉科\宝具卡4.mp3
23:04:47 INFO 下载：https://media.fgo.wiki/0/01/SV377_0_%E5%AE%9D%E5%85%B71.mp3?v=nfzazdjmwlhwkkaky4ct8yd5ru8sxbp
23:04:49 INFO 保存：从者语音\Beast\所多玛之兽／德拉科\宝具1.mp3
23:04:49 INFO 下载：https://media.fgo.wiki/b/b4/SV377_0_%E5%AE%9D%E5%85%B72.mp3?v=nybly23z70gbleqjf7k1lk5s1is73x7
23:04:50 INFO 保存：从者语音\Beast\所多玛之兽／德拉科\宝具2.mp3
23:04:50 INFO 下载：https://media.fgo.wiki/4/4f/SV377_0_%E5%AE%9D%E5%85%B73.mp3?v=ph31h6wcgeqo4uqdxwe76kb0rupdm6q
23:04:51 INFO 保存：从者语音\Beast\所多玛之兽／德拉科\宝具3.mp3
23:04:51 INFO 下载：https://media.fgo.wiki/0/08/SV377_0_%E5%AE%9D%E5%85%B74.mp3?v=ek4f0dyo4wepv0lw89otqaclaoe43h7
23:04:53 INFO 保存：从者语音\Beast\所多玛之兽／德拉科\宝具4.mp3
23:04:53 INFO 下载：https://media.fgo.wiki/3/3a/SV377_2_%E5%AE%9D%E5%85%B7%E5%8D%A11.mp3?v=n8d5jmpnsbe2kecctoajtnxqvwpfrqp
23:04:53 INFO 保存：从者语音\Beast\所多玛之兽／德拉科\宝具卡1_2.mp3
23:04:53 INFO 下载：https://media.fgo.wiki/3/3f/SV377_2_%E5%AE%9D%E5%85%B7%E5%8D%A12.mp3?v=dk4nwn1do2ycbzcelk6jif3pxowmxgo
23:04:54 INFO 保存：从者语音\Beast\所多玛之兽／德拉科\宝具卡2_2.mp3
23:04:54 INFO 下载：https://media.fgo.wiki/0/0e/SV377_2_%E5%AE%9D%E5%85%B7%E5%8D%A13.mp3?v=68a072w6bkiky6ixbuewsqjw6xesib9
23:04:55 INFO 保存：从者语音\Beast\所多玛之兽／德拉科\宝具卡3_2.mp3
23:04:55 INFO 下载：https://media.fgo.wiki/6/62/SV377_2_%E5%AE%9D%E5%85%B7%E5%8D%A14.mp3?v=b1eoispuwjtrjohq6pymxqpuqet11id
23:04:56 INFO 保存：从者语音\Beast\所多玛之兽／德拉科\宝具卡4_2.mp3
23:04:56 INFO 下载：https://media.fgo.wiki/d/da/SV377_2_%E5%AE%9D%E5%85%B71.mp3?v=ntvg8j9be2880g45ovks6db3yz74to2
23:04:58 INFO 保存：从者语音\Beast\所多玛之兽／德拉科\宝具1_2.mp3
23:04:58 INFO 下载：https://media.fgo.wiki/3/3a/SV377_2_%E5%AE%9D%E5%85%B72.mp3?v=2x3f0ij6d12wwddkhovrr4pjcqoa4g0
23:04:59 INFO 保存：从者语音\Beast\所多玛之兽／德拉科\宝具2_2.mp3
23:04:59 INFO 下载：https://media.fgo.wiki/d/dd/SV377_2_%E5%AE%9D%E5%85%B73.mp3?v=o76e8uwcqopyao1fdssrqqhfxe74mvg
23:05:00 INFO 保存：从者语音\Beast\所多玛之兽／德拉科\宝具3_2.mp3
23:05:00 INFO 下载：https://media.fgo.wiki/8/8b/SV377_2_%E5%AE%9D%E5%85%B74.mp3?v=oxsb7l0zu7pzpimkw3nr07qwfx7mnhw
23:05:01 INFO 保存：从者语音\Beast\所多玛之兽／德拉科\宝具4_2.mp3
23:05:01 INFO [176/176] Beast / 埃列什基伽勒(Beast)（Excel GK2）
23:05:04 INFO 同名语音存在多个不同媒体文件，已使用 _2、_3 后缀：宝具卡1、宝具卡2、宝具卡3、宝具1、宝具2、宝具3、宝具4
23:05:04 INFO 找到 22 条：宝具卡1.mp3、宝具卡2.mp3、宝具卡3.mp3、宝具1.mp3、宝具2.mp3、宝具3.mp3、宝具4.mp3、宝具卡1_2.mp3、宝具卡2_2.mp3、宝具卡3_2.mp3、宝具卡4.mp3、宝具1_2.mp3、宝具2_2.mp3、宝具3_2.mp3、宝具4_2.mp3、宝具卡1_3.mp3、宝具卡2_3.mp3、宝具卡3_3.mp3、宝具1_3.mp3、宝具2_3.mp3、宝具3_3.mp3、宝具4_3.mp3
23:05:04 INFO 下载：https://media.fgo.wiki/4/47/SV417_0_%E5%AE%9D%E5%85%B7%E5%8D%A11.mp3?v=q8uqkovwc2o2vhbsr7228two6y0srns
23:05:05 INFO 保存：从者语音\Beast\埃列什基伽勒(Beast)\宝具卡1.mp3
23:05:05 INFO 下载：https://media.fgo.wiki/8/81/SV417_0_%E5%AE%9D%E5%85%B7%E5%8D%A12.mp3?v=rc51t6ffchacewxbpqtn9my9ia3hd97
23:05:06 INFO 保存：从者语音\Beast\埃列什基伽勒(Beast)\宝具卡2.mp3
23:05:06 INFO 下载：https://media.fgo.wiki/6/6e/SV417_0_%E5%AE%9D%E5%85%B7%E5%8D%A13.mp3?v=6cakvuud044kw8bulvca5tgtmyl239v
23:05:06 INFO 保存：从者语音\Beast\埃列什基伽勒(Beast)\宝具卡3.mp3
23:05:06 INFO 下载：https://media.fgo.wiki/6/66/SV417_0_%E5%AE%9D%E5%85%B71.mp3?v=ggj81prbn08pjwm0ta1pzr77ef0i0l8
23:05:08 INFO 保存：从者语音\Beast\埃列什基伽勒(Beast)\宝具1.mp3
23:05:08 INFO 下载：https://media.fgo.wiki/e/ef/SV417_0_%E5%AE%9D%E5%85%B72.mp3?v=mr3ou6jrmywfw8lq9sr22a0s94zi9le
23:05:09 INFO 保存：从者语音\Beast\埃列什基伽勒(Beast)\宝具2.mp3
23:05:09 INFO 下载：https://media.fgo.wiki/7/7e/SV417_0_%E5%AE%9D%E5%85%B73.mp3?v=s0aatpgimr7ud271jb6lo9qjm86i5il
23:05:10 INFO 保存：从者语音\Beast\埃列什基伽勒(Beast)\宝具3.mp3
23:05:10 INFO 下载：https://media.fgo.wiki/2/2c/SV417_0_%E5%AE%9D%E5%85%B74.mp3?v=3gnbcj6qtvzzfecmibxr9t3knx3jzfa
23:05:11 INFO 保存：从者语音\Beast\埃列什基伽勒(Beast)\宝具4.mp3
23:05:11 INFO 下载：https://media.fgo.wiki/a/a0/SV417_1_%E5%AE%9D%E5%85%B7%E5%8D%A11.mp3?v=h2l0j7uiane5hihz2ghia3sp97kf381
23:05:12 INFO 保存：从者语音\Beast\埃列什基伽勒(Beast)\宝具卡1_2.mp3
23:05:12 INFO 下载：https://media.fgo.wiki/d/dd/SV417_1_%E5%AE%9D%E5%85%B7%E5%8D%A12.mp3?v=4t6rnu2lb647v3mwty1v04lpbdmfzfk
23:05:13 INFO 保存：从者语音\Beast\埃列什基伽勒(Beast)\宝具卡2_2.mp3
23:05:13 INFO 下载：https://media.fgo.wiki/4/43/SV417_1_%E5%AE%9D%E5%85%B7%E5%8D%A13.mp3?v=3efm53b0n6iehziihq0gpbmcdntqlc7
23:05:14 INFO 保存：从者语音\Beast\埃列什基伽勒(Beast)\宝具卡3_2.mp3
23:05:14 INFO 下载：https://media.fgo.wiki/f/ff/SV417_1_%E5%AE%9D%E5%85%B7%E5%8D%A14.mp3?v=75e9o0lahwvqi2wqhegaxzo6ijg9da0
23:05:15 INFO 保存：从者语音\Beast\埃列什基伽勒(Beast)\宝具卡4.mp3
23:05:15 INFO 下载：https://media.fgo.wiki/4/46/SV417_1_%E5%AE%9D%E5%85%B71.mp3?v=pkypco5t73ehlkvf01alpk23cqx9pg6
23:05:16 INFO 保存：从者语音\Beast\埃列什基伽勒(Beast)\宝具1_2.mp3
23:05:16 INFO 下载：https://media.fgo.wiki/3/33/SV417_1_%E5%AE%9D%E5%85%B72.mp3?v=nokfpj6tjoju3nzokrri7e9jv0bi8yl
23:05:18 INFO 保存：从者语音\Beast\埃列什基伽勒(Beast)\宝具2_2.mp3
23:05:18 INFO 下载：https://media.fgo.wiki/0/07/SV417_1_%E5%AE%9D%E5%85%B73.mp3?v=hxhgennzqhwj76nawq91xzhnjn7vwbw
23:05:19 INFO 保存：从者语音\Beast\埃列什基伽勒(Beast)\宝具3_2.mp3
23:05:19 INFO 下载：https://media.fgo.wiki/2/25/SV417_1_%E5%AE%9D%E5%85%B74.mp3?v=mptcyg990jphlg5mmv8fvky1bwe45wg
23:05:21 INFO 保存：从者语音\Beast\埃列什基伽勒(Beast)\宝具4_2.mp3
23:05:21 INFO 下载：https://media.fgo.wiki/7/71/SV417_2_%E5%AE%9D%E5%85%B7%E5%8D%A11.mp3?v=ok919m59lf6ejdtjpo9sv1ka211tryd
23:05:22 INFO 保存：从者语音\Beast\埃列什基伽勒(Beast)\宝具卡1_3.mp3
23:05:22 INFO 下载：https://media.fgo.wiki/5/57/SV417_2_%E5%AE%9D%E5%85%B7%E5%8D%A12.mp3?v=260lgvlbe4ol14povk46qfyc2sgbd1i
23:05:23 INFO 保存：从者语音\Beast\埃列什基伽勒(Beast)\宝具卡2_3.mp3
23:05:23 INFO 下载：https://media.fgo.wiki/b/b0/SV417_2_%E5%AE%9D%E5%85%B7%E5%8D%A13.mp3?v=ljkdvxsa53f6x3driq6yprcyd540v3g
23:05:24 INFO 保存：从者语音\Beast\埃列什基伽勒(Beast)\宝具卡3_3.mp3
23:05:24 INFO 下载：https://media.fgo.wiki/f/f3/SV417_2_%E5%AE%9D%E5%85%B71.mp3?v=jkyrhm3gip02v4tt1a8dhsy7h6fqnfn
23:05:25 INFO 保存：从者语音\Beast\埃列什基伽勒(Beast)\宝具1_3.mp3
23:05:25 INFO 下载：https://media.fgo.wiki/3/35/SV417_2_%E5%AE%9D%E5%85%B72.mp3?v=oytn4acu0sa50ey5h3c0l5xto1ty8dn
23:05:26 INFO 保存：从者语音\Beast\埃列什基伽勒(Beast)\宝具2_3.mp3
23:05:26 INFO 下载：https://media.fgo.wiki/4/49/SV417_2_%E5%AE%9D%E5%85%B73.mp3?v=7g2bm9f7e6g17ale0shglrtxyioegd2
23:05:28 INFO 保存：从者语音\Beast\埃列什基伽勒(Beast)\宝具3_3.mp3
23:05:28 INFO 下载：https://media.fgo.wiki/5/57/SV417_2_%E5%AE%9D%E5%85%B74.mp3?v=9lkvve0bcm0wygysbt037u6p0vzt0i2
23:05:29 INFO 保存：从者语音\Beast\埃列什基伽勒(Beast)\宝具4_3.mp3
23:05:29 ERROR 完成，但有 1 名从者失败。详情见 从者语音\download_report.json
23:23:02 INFO 从 Excel 读取到 176 名从者。
23:23:02 INFO 本次选择 1 名从者。
23:23:03 INFO ffmpeg：C:\Users\Senyue\.conda\envs\fgo\Library\bin\ffmpeg.exe；MP3 编码器：LAME CLI (C:\Users\Senyue\.conda\envs\fgo\Library\bin\lame.exe)
23:23:03 INFO [1/1] Assassin / 迦摩（Excel DA2）
23:23:05 INFO 同名语音存在多个不同媒体文件，已使用 _2、_3 后缀：宝具卡1、宝具卡2、宝具1、宝具2
23:23:05 INFO 找到 12 条：宝具卡1.mp3、宝具卡2.mp3、宝具1.mp3、宝具2.mp3、宝具卡1_2.mp3、宝具卡2_2.mp3、宝具1_2.mp3、宝具2_2.mp3、宝具卡1_3.mp3、宝具卡2_3.mp3、宝具1_3.mp3、宝具2_3.mp3
23:23:05 INFO 下载：https://media.fgo.wiki/1/1f/SV239_0_%E5%AE%9D%E5%85%B7%E5%8D%A11.mp3?v=q1pue6x8e76ffj4k9obq5ebdmjl0hfp
23:25:54 WARNING 请求失败，1.8 秒后重试 (1/5)：https://media.fgo.wiki/1/1f/SV239_0_%E5%AE%9D%E5%85%B7%E5%8D%A11.mp3?v=q1pue6x8e76ffj4k9obq5ebdmjl0hfp；<urlopen error [WinError 10060] 由于连接方在一段时间后没有正确答复或连接的主机没有反应，连接尝试失败。>
23:28:44 WARNING 请求失败，3.1 秒后重试 (2/5)：https://media.fgo.wiki/1/1f/SV239_0_%E5%AE%9D%E5%85%B7%E5%8D%A11.mp3?v=q1pue6x8e76ffj4k9obq5ebdmjl0hfp；<urlopen error [WinError 10060] 由于连接方在一段时间后没有正确答复或连接的主机没有反应，连接尝试失败。>
23:31:36 WARNING 请求失败，5.2 秒后重试 (3/5)：https://media.fgo.wiki/1/1f/SV239_0_%E5%AE%9D%E5%85%B7%E5%8D%A11.mp3?v=q1pue6x8e76ffj4k9obq5ebdmjl0hfp；<urlopen error [WinError 10060] 由于连接方在一段时间后没有正确答复或连接的主机没有反应，连接尝试失败。>
23:31:43 INFO 保存：从者语音\Assassin\迦摩\宝具卡1.mp3
23:31:43 INFO 下载：https://media.fgo.wiki/f/fd/SV239_0_%E5%AE%9D%E5%85%B7%E5%8D%A12.mp3?v=ll16tgba5g6ke8wm4744x4jrw85k87y
23:31:44 INFO 保存：从者语音\Assassin\迦摩\宝具卡2.mp3
23:31:44 INFO 下载：https://media.fgo.wiki/f/f0/SV239_0_%E5%AE%9D%E5%85%B71.mp3?v=h60f4vn0gq9xt4g3ixdf5wrvjivehgi
23:31:45 INFO 保存：从者语音\Assassin\迦摩\宝具1.mp3
23:31:45 INFO 下载：https://media.fgo.wiki/1/11/SV239_0_%E5%AE%9D%E5%85%B72.mp3?v=npdc7qt10vtbjc3bs5r7su181f2qiiy
23:31:47 INFO 保存：从者语音\Assassin\迦摩\宝具2.mp3
23:31:47 INFO 下载：https://media.fgo.wiki/9/98/SV239_1_%E5%AE%9D%E5%85%B7%E5%8D%A11.mp3?v=fycy9moqnw8uzbkrg6uwha9titver4q
23:31:47 INFO 保存：从者语音\Assassin\迦摩\宝具卡1_2.mp3
23:31:47 INFO 下载：https://media.fgo.wiki/e/eb/SV239_1_%E5%AE%9D%E5%85%B7%E5%8D%A12.mp3?v=duamobo3srnil968en2xup5rqi40j5m
23:31:48 INFO 保存：从者语音\Assassin\迦摩\宝具卡2_2.mp3
23:31:48 INFO 下载：https://media.fgo.wiki/f/f4/SV239_1_%E5%AE%9D%E5%85%B71.mp3?v=982ashrnmkj9jjyr1kpbr115f3zd81d
23:31:50 INFO 保存：从者语音\Assassin\迦摩\宝具1_2.mp3
23:31:50 INFO 下载：https://media.fgo.wiki/e/e4/SV239_1_%E5%AE%9D%E5%85%B72.mp3?v=4sc4c4dwcbnh80j8keibf982vd2hpj1
23:31:51 INFO 保存：从者语音\Assassin\迦摩\宝具2_2.mp3
23:31:51 INFO 下载：https://media.fgo.wiki/1/14/SV239_2_%E5%AE%9D%E5%85%B7%E5%8D%A11.mp3?v=1vzafq5s8dx3i9f1klx9crlvkcmn6eu
23:31:52 INFO 保存：从者语音\Assassin\迦摩\宝具卡1_3.mp3
23:31:52 INFO 下载：https://media.fgo.wiki/5/52/SV239_2_%E5%AE%9D%E5%85%B7%E5%8D%A12.mp3?v=010xjobpi0h9zg7uywc02w0su36cf62
23:31:53 INFO 保存：从者语音\Assassin\迦摩\宝具卡2_3.mp3
23:31:53 INFO 下载：https://media.fgo.wiki/2/29/SV239_2_%E5%AE%9D%E5%85%B71.mp3?v=o57t4v2phnns2p41p0ghntrzqh0425s
23:31:54 INFO 保存：从者语音\Assassin\迦摩\宝具1_3.mp3
23:31:54 INFO 下载：https://media.fgo.wiki/4/47/SV239_2_%E5%AE%9D%E5%85%B72.mp3?v=aip37xafw5w65y7mvhw67nksytnrpmj
23:31:56 INFO 保存：从者语音\Assassin\迦摩\宝具2_3.mp3
23:31:56 INFO 全部完成。报告：从者语音\download_report.json
